years,country,migration,iso3_d,road_quality_destination,railroad_quality_destination,airtr_quality_destination,electricity_quality_destination,fixedtel_destination,mobile_destination,technology_destination,internet_destination,fxinternet_destination,road_origin,railroad_origin,airtr_origin,electr_origin,fexedtel_origin,mobile_origin,technology_origin,internet_origin,fxinternet_origin,country_code_merge,year,iso3_o,iso3num_o,iso3num_d,country_exists_o,country_exists_d,gmt_offset_2020_o,gmt_offset_2020_d,contig,dist,distw,distcap,distwces,dist_source,comlang_off,comlang_ethno,comcol,comrelig,col45,legal_old_o,legal_old_d,legal_new_o,legal_new_d,comleg_pretrans,comleg_posttrans,transition_legalchange,heg_o,heg_d,col_dep_ever,col_dep,col_dep_end_year,col_dep_end_conflict,empire,sibling_ever,sibling,sever_year,sib_conflict,pop_o,pop_d,gdp_o,gdp_d,gdpcap_o,gdpcap_d,pop_source_o,pop_source_d,gdp_source_o,gdp_source_d,gdp_ppp_o,gdp_ppp_d,gdpcap_ppp_o,gdpcap_ppp_d,pop_pwt_o,pop_pwt_d,gdp_ppp_pwt_o,gdp_ppp_pwt_d,gatt_o,gatt_d,wto_o,wto_d,eu_o,eu_d,rta,rta_coverage,rta_type,entry_cost_o,entry_cost_d,entry_proc_o,entry_proc_d,entry_time_o,entry_time_d,entry_tp_o,entry_tp_d,tradeflow_comtrade_o,tradeflow_comtrade_d,tradeflow_baci,manuf_tradeflow_baci,tradeflow_imf_o,tradeflow_imf_d,БишкекМосква,поезд,билет,работа,жумуш,квартира,сдача,дом,школа,паспорт,самолет,страховка,выезд,ФМС,аренда,жить,комната,employment,jobkg,job,авиабилет,авиабилеты,бизнес,билетнасамолет,биргеру,вакансиибишкек,вакансии,виза,гражданин,граница,жердешру,ищуработу,лалафобишкекработа,лалафоработа,опыт,работавбишкек,работавтурции,работадизель,резюме,родина,черныйсписок,эмгек
2011,Azerbaijan,23,AZE,3.82398867607117,3.87859439849854,4.86833429336548,4.10638332366943,15.8206834793091,87.8280029296875,4.75165367126465,41.7671890258789,1.13222432136536,2.74021530151367,2.78811693191528,2.95336604118347,2.28780198097229,9.08992767333984,81.8489456176758,3.54306530952454,40.0271224975586,0.0956185460090637,AZEAZEAZEAZEAZEAZEAZEAZEAZEAZEAZE,2011,KGZ,417,31,1,1,6,4,0,2067.73291015625,2125.873,2067.73291015625,2114.867,1,0,0,1,0.653800010681152,0,2,2,1,1,1,1,0,0,0,0,0,,,"",1,1,,,5514.6,9173.082,6197766.144,65951625.216,1.12399995326996,7.19000005722046,1,1,1,1,16105958.461,144514131.463,2.921,15.754,5506.60107421875,9146.3798828125,19088114,155538160,0,0,1,0,0,0,1,1,4,3.5,2.7,4,6,14,8,18,14,1865.18,923.387,2143.158,1710.046,1865.18395996094,923.5,12.3333330154419,29.5833339691162,4.25,46.5833320617676,0,19.3333339691162,26.3333339691162,36.4166679382324,45.9166679382324,10.6666669845581,15.4166669845581,0,12.6666669845581,18.5833339691162,44.0833320617676,37.25,10.3333330154419,21.6666660308838,6,47.25,5,29.5833339691162,68.0833358764649,8.3333330154419,0,23.6666660308838,48.5,36.9166679382324,3.66666674613953,28.8333339691162,0,20,0,0,23.0833339691162,33.5833320617676,33.4166679382324,20.9166660308838,59.3333320617676,29.9166660308838,13.5833330154419,4.08333349227905
2012,Azerbaijan,10,AZE,3.75713062286377,3.88296604156494,5.03009939193726,4.46206760406494,16.3260269165039,99.0445709228516,4.63150978088379,35.9900016784668,5.44200944900513,2.84140229225159,2.72099304199219,2.96853947639465,3.06749057769775,9.41467952728271,91.8596801757812,3.49383044242859,20,0.288701832294464,AZEAZEAZEAZEAZEAZEAZEAZEAZEAZEAZEAZE,2012,KGZ,417,31,1,1,6,4,0,2067.73291015625,2125.873,2067.73291015625,2114.867,1,0,0,1,0.653800010681152,0,2,2,1,1,1,1,0,0,0,0,0,,,"",1,1,,,5607.2,9295.784,6605139.968,68730904.576,1.17799997329712,7.39400005340576,1,1,1,1,16388179.551,150414031.878,2.923,16.181,5594.10791015625,9264.9169921875,18061590,154490016,0,0,1,0,0,0,1,1,4,2.8,2.3,4,6,14,8,18,14,4905.667,2240.713,5275.391,4311.342,4905.671875,2240.80004882813,10.0833330154419,25.75,16.6666660308838,31.5,16.25,15.9166669845581,7.91666650772095,51.0833320617676,42.9166679382324,10.6666669845581,15.0833330154419,8.3333330154419,7,5.58333349227905,29.6666660308838,44.75,13.5833330154419,27.8333339691162,2.58333325386047,28.0833339691162,14.5833330154419,26.25,52.8333320617676,20.8333339691162,0,24.3333339691162,33.9166679382324,44.8333320617676,26.4166660308838,4.5,0,38.5,0,0,33.8333320617676,16.9166660308838,23.9166660308838,7,33.6666679382324,49.8333320617676,6.75,17.1666660308838
2013,Azerbaijan,22,AZE,4.02332353591919,3.94062781333923,5.04210567474365,4.65146064758301,18.0944747924805,108.747901916504,4.75821924209595,50,10.727837562561,2.48284363746643,2.29857015609741,2.9395809173584,2.90450477600098,8.90111923217773,104.829231262207,3.62047672271729,20,0.296703994274139,AZEAZEAZEAZEAZEAZEAZEAZEAZEAZEAZEAZEAZE,2013,KGZ,417,31,1,1,6,4,0,2067.73291015625,2125.873,2067.73291015625,2114.867,1,0,0,1,0.653800010681152,0,2,2,1,1,1,1,0,0,0,0,0,,,"",1,1,,,5719.5,9416.598,7226303.488,73560481.792,1.26300001144409,7.81199979782105,1,1,1,1,18470586.534,161703059.599,3.229,17.172,5683.80810546875,9385.29296875,19626012,156100320,0,0,1,0,0,0,1,1,4,2.7,1,4,3,10,7,14,10,4210.765,1767.107,4466.121,3547.539,4210.76416015625,1767.09997558594,12.25,24.0833339691162,20.5,28.3333339691162,20.3333339691162,24.3333339691162,22.0833339691162,59.25,38,11.3333330154419,19.6666660308838,12.3333330154419,19.1666660308838,7.25,22.6666660308838,43.0833320617676,15.75,7.58333349227905,4.33333349227905,19.75,8.66666698455811,33.6666679382324,43.8333320617676,10.6666669845581,0,28.75,29.75,37.0833320617676,35.75,7.75,0,48.6666679382324,0,0,35.4166679382324,32.0833320617676,19.75,18.0833339691162,34.5,35.1666679382324,14.5833330154419,25
2014,Azerbaijan,25,AZE,3.98569393157959,3.93393921852112,5.09862184524536,4.84782981872559,18.4004573822022,107.472129821777,5.04556274414063,54.2000007629395,13.7986183166504,2.52961301803589,2.5008008480072,3.0897011756897,2.68454527854919,8.97293281555176,124.77507019043,3.57031154632568,21.7235088348389,2.62314200401306,AZEAZEAZEAZEAZEAZEAZEAZEAZEAZEAZEAZEAZEAZE,2014,KGZ,417,31,1,1,6,4,0,2067.73291015625,2125.873,2067.73291015625,2114.867,1,0,0,1,0.653800010681152,0,2,2,1,1,1,1,0,0,0,0,0,,,"",1,1,,,5835.5,9535.079,7468096.512,75244167.168,1.27999997138977,7.89099979400635,1,1,1,1,19557845.557,167890075.29,3.352,17.608,5774.56591796875,9503.771484375,20881824,155079552,0,0,1,0,0,0,1,1,4,2.3,3.1,4,3,10,5,14,8,3739.847,1702.69,3974.986,3725.5,3739.84790039063,1702.59997558594,18.4166660308838,29.1666660308838,22.5833339691162,29.4166660308838,23.75,29.25,11.3333330154419,75.5833358764649,37.3333320617676,13,26.9166660308838,2.5,18.4166660308838,35,26.5833339691162,37.4166679382324,19.75,11.6666669845581,5.75,20.5,21.6666660308838,40.5,39,25.6666660308838,3.5,41.8333320617676,40.3333320617676,30.1666660308838,39.3333320617676,12.1666669845581,0,42.5833320617676,0,0,28.9166660308838,43.9166679382324,27.0833339691162,45.4166679382324,22.9166660308838,37.9166679382324,46.8333320617676,23.3333339691162
2015,Azerbaijan,7,AZE,3.95902800559998,3.81434512138367,5.03261613845825,4.89702129364014,18.6739253997803,107.613410949707,5.00355958938599,58.7000007629395,17.0326824188232,2.72516942024231,2.6393187046051,3.1818835735321,2.8573956489563,8.31497097015381,121.449821472168,3.74743604660034,23.3999996185303,0.961614012718201,AZEAZEAZEAZEAZEAZEAZEAZEAZEAZEAZEAZEAZEAZEAZE,2015,KGZ,417,31,1,1,6,4,0,2067.73291015625,2125.873,2067.73291015625,2114.867,1,0,0,1,0.653800010681152,0,2,2,1,1,1,1,0,0,0,0,0,,,"",1,1,,,5956.9,9649.341,6678178.304,53074370.56,1.12100005149841,5.5,1,1,1,1,20534456.196,171563099.628,3.447,17.78,5865.40087890625,9617.484375,21694070,140595392,0,0,1,0,0,0,1,1,4,2.1,1.2,4,2,10,3,14,5,3802.816,1600.374,4268.779,3957.977,3802.81201171875,1604.09997558594,24.8333339691162,36.25,24.5,34.4166679382324,36.75,32.4166679382324,20.0833339691162,82.9166641235352,46.1666679382324,12.9166669845581,27.4166660308838,17,15.1666669845581,56.4166679382324,31.6666660308838,36.5833320617676,23.5833339691162,11.0833330154419,8.8333330154419,22.25,28.5833339691162,46.5833320617676,33.4166679382324,23.25,18.0833339691162,52.25,47.0833320617676,38,37.9166679382324,17.1666660308838,1.33333337306976,52.5,0,0,27.6666660308838,58.5833320617676,29.8333339691162,44.4166679382324,20.5833339691162,37.5,65.5,37.3333320617676
2016,Azerbaijan,5,AZE,3.95902800559998,3.81434512138367,5.03261613845825,4.89702129364014,18.8698825836182,110.905364990234,5.00355958938599,61,19.8328151702881,2.5555694103241,2.42670249938965,2.90579199790955,2.92807340621948,7.8772234916687,134.460861206055,3.5804762840271,28.2999992370605,4.15826463699341,AZEAZEAZEAZEAZEAZEAZEAZEAZEAZEAZEAZEAZEAZEAZEAZE,2016,KGZ,417,31,1,1,6,4,0,2067.73291015625,2125.873,2067.73291015625,2114.867,1,0,0,1,0.653800010681152,0,2,2,1,1,1,1,0,0,0,0,0,,,"",1,1,,,6082.7,9762.274,6551287.808,37847715.84,1.07700002193451,3.87700009346008,1,1,1,1,21600596.554,168431012.758,3.551,17.253,5955.73388671875,9725.3759765625,23261980,138429136,0,0,1,0,0,0,1,1,4,2,1.3,4,2,10,3,14,5,706.974,1087.369,855.633,838.263,706.97998046875,1087.40002441406,22.25,33.5,30.25,33.4166679382324,55.0833320617676,35,18.1666660308838,72.4166641235352,44,12.6666669845581,23.75,13.1666669845581,20.25,41.0833320617676,42.9166679382324,33.8333320617676,22.9166660308838,9.75,10.5,18.4166660308838,25,41.75,28.25,32.5,15.1666669845581,56.5833320617676,46.75,38.8333320617676,26.1666660308838,15.5,5.08333349227905,62.5833320617676,23.1666660308838,21.75,23.25,53.0833320617676,21.8333339691162,49.4166679382324,16.4166660308838,30.0833339691162,54.6666679382324,31.9166660308838
2017,Azerbaijan,2,AZE,4.43780660629272,4.15211248397827,5.3212890625,5.1105637550354,18.6841297149658,111.28263092041,4.99577331542969,77,19.7601051330566,2.48828196525574,2.37328195571899,2.88289928436279,3.23827862739563,7.14910078048706,132.797210693359,3.44337582588196,30.2470436096191,3.70605206489563,AZEAZEAZEAZEAZEAZEAZEAZEAZEAZEAZEAZEAZEAZEAZEAZEAZE,2017,KGZ,417,31,1,1,6,4,0,2067.73291015625,2125.873,2067.73291015625,2114.867,1,0,0,1,0.653800010681152,0,2,2,1,1,1,1,0,0,0,0,0,,,"",1,1,,,6198.2,9854.033,7702934.8,40865558.912,1.24300003051758,4.14699983596802,,,,,31280403.475,139152809.949,5.047,14.121,6045.1171875,9827.5888671875,24668016,145533712,0,0,1,0,0,0,1,1,4,2.1,1.6,4,3,10,3.5,14,6.5,1121.961,1156.841,1201.134,1157.077,1121.96398925781,1156.90002441406,25.4166660308838,37.5833320617676,35.3333320617676,36.5833320617676,52.0833320617676,44.8333320617676,13.5,61.3333320617676,45.4166679382324,14.8333330154419,26.3333339691162,25.1666660308838,25.75,16.9166660308838,48.6666679382324,32.0833320617676,21.5833339691162,16.25,19,22.8333339691162,44.5833320617676,55.25,28.3333339691162,22.5833339691162,34.1666679382324,51.0833320617676,42.8333320617676,42.5833320617676,25,18.5833339691162,19.1666660308838,69.3333358764649,47.6666679382324,53.9166679382324,18.4166660308838,66.1666641235352,20.0833339691162,49.25,14.5,37.8333320617676,33.4166679382324,33.75
2018,Azerbaijan,9,AZE,4.78115892410278,4.68920803070068,5.61113405227661,5.4914493560791,17.5173187255859,106.284568786621,5.21000576019287,78.1999969482422,18.582935333252,2.65064430236816,2.44917559623718,3.0827796459198,3.64921760559082,6.59424352645874,131.376647949219,3.46028804779053,34.5,4.07612085342407,AZEAZEAZEAZEAZEAZEAZEAZEAZEAZEAZEAZEAZEAZEAZEAZEAZEAZE,2018,KGZ,417,31,1,1,6,4,0,2067.73291015625,2125.873,2067.73291015625,2114.867,1,0,0,1,0.653800010681152,0,2,2,1,1,1,1,0,0,0,0,0,,,"",1,1,,,6322.8,9939.771,8271108.638,47112941.176,1.30799996852875,4.73999977111816,,,,,33246519.089,144681286.267,5.258,14.556,,,,,0,0,1,0,0,0,1,1,4,1.9,1.3,4,3,10,3.5,14,6.5,1893.098,2049.164,2067.876,1748.153,1620.23400878906,2049.10009765625,31,39.1666679382324,45.8333320617676,36.75,60,65.75,12.5833330154419,54.75,41.3333320617676,13.1666669845581,23,16.75,28.1666660308838,13.3333330154419,54.75,31.8333339691162,26,35.0833320617676,52.0833320617676,49.5833320617676,43.4166679382324,62.0833320617676,30.75,18,45.75,62.5,39.75,53.4166679382324,25.1666660308838,10.5833330154419,44.8333320617676,56.0833320617676,46.8333320617676,53.9166679382324,21.6666660308838,64.25,21.6666660308838,56.0833320617676,13.5833330154419,45.0833320617676,22.5,29.5833339691162
2011,Germany,67,DEU,6.419997215271,6.18618726730347,6.60714530944824,6.76969385147095,59.269775390625,127.789039611816,6.29953002929688,79.258171081543,30.4259624481201,2.74021530151367,2.78811693191528,2.95336604118347,2.28780198097229,9.08992767333984,81.8489456176758,3.54306530952454,40.0271224975586,0.0956185460090637,DEUDEUDEUDEUDEUDEUDEUDEUDEUDEUDEU,2011,KGZ,417,276,1,1,6,1,0,5016.01123046875,4848.92,4559.6611328125,4841.335,1,0,0,0,0.00014000000373926,0,2,4,1,3,0,0,0,0,0,0,0,,,"",0,0,,,5514.6,81797.676,6197766.144,3752110063.616,1.12399995326996,45.8709983825684,1,1,1,1,16105958.461,3427141297.692,2.921,42.693,5506.60107421875,80933.984375,19088114,3443508224,0,1,1,1,0,1,0,0,6,3.5,4.8,4,9,14,14.5,18,23.5,9650.918,17712.855,13434.627,6361.95,9650.9169921875,17228.8359375,12.3333330154419,29.5833339691162,4.25,46.5833320617676,0,19.3333339691162,26.3333339691162,36.4166679382324,45.9166679382324,10.6666669845581,15.4166669845581,0,12.6666669845581,18.5833339691162,44.0833320617676,37.25,10.3333330154419,21.6666660308838,6,47.25,5,29.5833339691162,68.0833358764649,8.3333330154419,0,23.6666660308838,48.5,36.9166679382324,3.66666674613953,28.8333339691162,0,20,0,0,23.0833339691162,33.5833320617676,33.4166679382324,20.9166660308838,59.3333320617676,29.9166660308838,13.5833330154419,4.08333349227905
2012,Germany,86,DEU,6.15319395065308,5.74293088912964,6.45145177841187,6.69055795669556,55.405387878418,127.043579101563,6.17504692077637,81.8504028320313,31.5907917022705,2.84140229225159,2.72099304199219,2.96853947639465,3.06749057769775,9.41467952728271,91.8596801757812,3.49383044242859,20,0.288701832294464,DEUDEUDEUDEUDEUDEUDEUDEUDEUDEUDEUDEU,2012,KGZ,417,276,1,1,6,1,0,5016.01123046875,4848.92,4559.6611328125,4841.335,1,0,0,0,0.00014000000373926,0,2,4,1,3,0,0,0,0,0,0,0,,,"",0,0,,,5607.2,80425.819,6605139.968,3533242368,1.17799997329712,43.931999206543,1,1,1,1,16388179.551,3503682457.58,2.923,43.564,5594.10791015625,81066.234375,18061590,3475096576,0,1,1,1,0,1,0,0,6,2.8,5,4,9,14,14.5,18,23.5,16362.801,19879.307,18636.869,8033.658,16362.802734375,19377.939453125,10.0833330154419,25.75,16.6666660308838,31.5,16.25,15.9166669845581,7.91666650772095,51.0833320617676,42.9166679382324,10.6666669845581,15.0833330154419,8.3333330154419,7,5.58333349227905,29.6666660308838,44.75,13.5833330154419,27.8333339691162,2.58333325386047,28.0833339691162,14.5833330154419,26.25,52.8333320617676,20.8333339691162,0,24.3333339691162,33.9166679382324,44.8333320617676,26.4166660308838,4.5,0,38.5,0,0,33.8333320617676,16.9166660308838,23.9166660308838,7,33.6666679382324,49.8333320617676,6.75,17.1666660308838
2013,Germany,69,DEU,6.08925247192383,5.73166465759277,6.3534517288208,6.40892648696899,63.045783996582,132.298782348633,6.26753091812134,83,32.4715232849121,2.48284363746643,2.29857015609741,2.9395809173584,2.90450477600098,8.90111923217773,104.829231262207,3.62047672271729,20,0.296703994274139,DEUDEUDEUDEUDEUDEUDEUDEUDEUDEUDEUDEUDEU,2013,KGZ,417,276,1,1,6,1,0,5016.01123046875,4848.92,4559.6611328125,4841.335,1,0,0,0,0.00014000000373926,0,2,4,1,3,0,0,0,0,0,0,0,,,"",0,0,,,5719.5,80621.788,7226303.488,3730260623.36,1.26300001144409,46.2690010070801,1,1,1,1,18470586.534,3647777961.341,3.229,45.232,5683.80810546875,81265.140625,19626012,3515384832,0,1,1,1,0,1,0,0,6,2.7,5,4,9,10,14.5,14,23.5,11216.357,15957.16,16505.443,5482.341,11216.357421875,16256.6494140625,12.25,24.0833339691162,20.5,28.3333339691162,20.3333339691162,24.3333339691162,22.0833339691162,59.25,38,11.3333330154419,19.6666660308838,12.3333330154419,19.1666660308838,7.25,22.6666660308838,43.0833320617676,15.75,7.58333349227905,4.33333349227905,19.75,8.66666698455811,33.6666679382324,43.8333320617676,10.6666669845581,0,28.75,29.75,37.0833320617676,35.75,7.75,0,48.6666679382324,0,0,35.4166679382324,32.0833320617676,19.75,18.0833339691162,34.5,35.1666679382324,14.5833330154419,25
2014,Germany,65,DEU,6.00895929336548,5.72421550750732,6.08132600784302,6.14870357513428,61.8361778259277,131.304916381836,6.28785800933838,84,34.0366020202637,2.52961301803589,2.5008008480072,3.0897011756897,2.68454527854919,8.97293281555176,124.77507019043,3.57031154632568,21.7235088348389,2.62314200401306,DEUDEUDEUDEUDEUDEUDEUDEUDEUDEUDEUDEUDEUDEU,2014,KGZ,417,276,1,1,6,1,0,5016.01123046875,4848.92,4559.6611328125,4841.335,1,0,0,0,0.00014000000373926,0,2,4,1,3,0,0,0,0,0,0,0,,,"",0,0,,,5835.5,80982.498,7468096.512,3879276642.304,1.27999997138977,47.9029998779297,1,1,1,1,19557845.557,3810887355.866,3.352,47.058,5774.56591796875,81489.6640625,20881824,3621184768,0,1,1,1,0,1,0,0,6,2.3,8.9,4,9,10,14.5,14,23.5,8232.18,15987.134,11640.579,7031.605,8232.1806640625,16547.716796875,18.4166660308838,29.1666660308838,22.5833339691162,29.4166660308838,23.75,29.25,11.3333330154419,75.5833358764649,37.3333320617676,13,26.9166660308838,2.5,18.4166660308838,35,26.5833339691162,37.4166679382324,19.75,11.6666669845581,5.75,20.5,21.6666660308838,40.5,39,25.6666660308838,3.5,41.8333320617676,40.3333320617676,30.1666660308838,39.3333320617676,12.1666669845581,0,42.5833320617676,0,0,28.9166660308838,43.9166679382324,27.0833339691162,45.4166679382324,22.9166660308838,37.9166679382324,46.8333320617676,23.3333339691162
2015,Germany,89,DEU,5.87500762939453,5.66185331344605,5.94062280654907,6.14154434204102,58.8685913085938,119.030601501465,6.18964910507202,83.9614028930664,34.5758857727051,2.72516942024231,2.6393187046051,3.1818835735321,2.8573956489563,8.31497097015381,121.449821472168,3.74743604660034,23.3999996185303,0.961614012718201,DEUDEUDEUDEUDEUDEUDEUDEUDEUDEUDEUDEUDEUDEUDEU,2015,KGZ,417,276,1,1,6,1,0,5016.01123046875,4848.92,4559.6611328125,4841.335,1,0,0,0,0.00014000000373926,0,2,4,1,3,0,0,0,0,0,0,0,,,"",0,0,,,5956.9,81686.607,6678178.304,3363599810.56,1.12100005149841,41.1769981384277,1,1,1,1,20534456.196,3920864425.449,3.447,47.999,5865.40087890625,81707.7890625,21694070,3731792640,0,1,1,1,0,1,0,0,6,2.1,2,4,9,10,10.5,14,19.5,7026.257,14085.221,10073.861,5881.318,7026.2578125,14305.93359375,24.8333339691162,36.25,24.5,34.4166679382324,36.75,32.4166679382324,20.0833339691162,82.9166641235352,46.1666679382324,12.9166669845581,27.4166660308838,17,15.1666669845581,56.4166679382324,31.6666660308838,36.5833320617676,23.5833339691162,11.0833330154419,8.8333330154419,22.25,28.5833339691162,46.5833320617676,33.4166679382324,23.25,18.0833339691162,52.25,47.0833320617676,38,37.9166679382324,17.1666660308838,1.33333337306976,52.5,0,0,27.6666660308838,58.5833320617676,29.8333339691162,44.4166679382324,20.5833339691162,37.5,65.5,37.3333320617676
2016,Germany,121,DEU,5.71567964553833,5.57895565032959,5.95035219192505,6.38730239868164,56.8901596069336,120.418983459473,6.2233157157898,86.1900024414063,35.7798080444336,2.5555694103241,2.42670249938965,2.90579199790955,2.92807340621948,7.8772234916687,134.460861206055,3.5804762840271,28.2999992370605,4.15826463699341,DEUDEUDEUDEUDEUDEUDEUDEUDEUDEUDEUDEUDEUDEUDEUDEU,2016,KGZ,417,276,1,1,6,1,0,5016.01123046875,4848.92,4559.6611328125,4841.335,1,0,0,0,0.00014000000373926,0,2,4,1,3,0,0,0,0,0,0,0,,,"",0,0,,,6082.7,82667.686,6551287.808,3466756882.432,1.07700002193451,41.9360008239746,1,1,1,1,21600596.554,4028362431.411,3.551,48.73,5955.73388671875,81914.671875,23261980,3846866944,0,1,1,1,0,1,0,0,6,2,1.9,4,9,10,10.5,14,19.5,6384.89,17052.869,12401.796,10542.024,6384.89111328125,17121.6953125,22.25,33.5,30.25,33.4166679382324,55.0833320617676,35,18.1666660308838,72.4166641235352,44,12.6666669845581,23.75,13.1666669845581,20.25,41.0833320617676,42.9166679382324,33.8333320617676,22.9166660308838,9.75,10.5,18.4166660308838,25,41.75,28.25,32.5,15.1666669845581,56.5833320617676,46.75,38.8333320617676,26.1666660308838,15.5,5.08333349227905,62.5833320617676,23.1666660308838,21.75,23.25,53.0833320617676,21.8333339691162,49.4166679382324,16.4166660308838,30.0833339691162,54.6666679382324,31.9166660308838
2017,Germany,63,DEU,5.55163621902466,5.3606858253479,5.88586187362671,6.44492101669312,54.930835723877,116.712280273438,6.13905715942383,87.5897979736328,37.1926536560059,2.48828196525574,2.37328195571899,2.88289928436279,3.23827862739563,7.14910078048706,132.797210693359,3.44337582588196,30.2470436096191,3.70605206489563,DEUDEUDEUDEUDEUDEUDEUDEUDEUDEUDEUDEUDEUDEUDEUDEUDEU,2017,KGZ,417,276,1,1,6,1,0,5016.01123046875,4848.92,4559.6611328125,4841.335,1,0,0,0,0.00014000000373926,0,2,4,1,3,0,0,0,0,0,0,0,,,"",0,0,,,6198.2,82657.005,7702934.8,3682602479.929,1.24300003051758,44.5530014038086,,,,,31280403.475,4401873171.996,5.047,53.255,6045.1171875,82114.2265625,24668016,3994907648,0,1,1,1,0,1,0,0,6,2.1,6.8,4,9,10,8,14,17,4361.466,16646.547,9413.646,6831.703,4361.4658203125,15598.4833984375,25.4166660308838,37.5833320617676,35.3333320617676,36.5833320617676,52.0833320617676,44.8333320617676,13.5,61.3333320617676,45.4166679382324,14.8333330154419,26.3333339691162,25.1666660308838,25.75,16.9166660308838,48.6666679382324,32.0833320617676,21.5833339691162,16.25,19,22.8333339691162,44.5833320617676,55.25,28.3333339691162,22.5833339691162,34.1666679382324,51.0833320617676,42.8333320617676,42.5833320617676,25,18.5833339691162,19.1666660308838,69.3333358764649,47.6666679382324,53.9166679382324,18.4166660308838,66.1666641235352,20.0833339691162,49.25,14.5,37.8333320617676,33.4166679382324,33.75
2018,Germany,138,DEU,5.50950050354004,5.50006628036499,5.76254463195801,6.17589235305786,53.7395057678223,114.528816223145,6.06623363494873,89.647102355957,38.0544815063477,2.65064430236816,2.44917559623718,3.0827796459198,3.64921760559082,6.59424352645874,131.376647949219,3.46028804779053,34.5,4.07612085342407,DEUDEUDEUDEUDEUDEUDEUDEUDEUDEUDEUDEUDEUDEUDEUDEUDEUDEU,2018,KGZ,417,276,1,1,6,1,0,5016.01123046875,4848.92,4559.6611328125,4841.335,1,0,0,0,0.00014000000373926,0,2,4,1,3,0,0,0,0,0,0,0,,,"",0,0,,,6322.8,82905.785,8271108.638,3963767526.251,1.30799996852875,47.8110008239746,,,,,33246519.089,4531047926.583,5.258,54.653,,,,,0,1,1,1,0,1,0,0,6,1.9,6.5,4,9,10,8,14,17,6168.033,15288.345,12433.228,10041.819,6340.9560546875,16006.7802734375,31,39.1666679382324,45.8333320617676,36.75,60,65.75,12.5833330154419,54.75,41.3333320617676,13.1666669845581,23,16.75,28.1666660308838,13.3333330154419,54.75,31.8333339691162,26,35.0833320617676,52.0833320617676,49.5833320617676,43.4166679382324,62.0833320617676,30.75,18,45.75,62.5,39.75,53.4166679382324,25.1666660308838,10.5833330154419,44.8333320617676,56.0833320617676,46.8333320617676,53.9166679382324,21.6666660308838,64.25,21.6666660308838,56.0833320617676,13.5833330154419,45.0833320617676,22.5,29.5833339691162
2011,Kazakhstan,3629,KAZ,2.44385051727295,3.99413871765137,3.94324111938477,4.1452784538269,24.0643043518066,95.8965148925781,4.35558319091797,33.8939971923828,8.74711990356445,2.74021530151367,2.78811693191528,2.95336604118347,2.28780198097229,9.08992767333984,81.8489456176758,3.54306530952454,40.0271224975586,0.0956185460090637,KAZKAZKAZKAZKAZKAZKAZKAZKAZKAZKAZ,2011,KGZ,417,398,1,1,6,6,1,194.977996826172,884.712,950.340026855469,524.795,1,1,1,1,0.328999996185303,0,2,2,1,1,1,1,0,0,0,0,0,,,"",1,1,,,5514.6,16556.601,6197766.144,188048965.632,1.12399995326996,11.3579998016357,1,1,1,1,16105958.461,352286473.3,2.921,21.278,5506.60107421875,16647.380859375,19088114,366603936,0,0,1,0,0,0,1,1,1,3.5,0.8,4,7,14,25,18,32,289705.219,241961.078,263387.656,181733.734,289705.21875,241972.6875,12.3333330154419,29.5833339691162,4.25,46.5833320617676,0,19.3333339691162,26.3333339691162,36.4166679382324,45.9166679382324,10.6666669845581,15.4166669845581,0,12.6666669845581,18.5833339691162,44.0833320617676,37.25,10.3333330154419,21.6666660308838,6,47.25,5,29.5833339691162,68.0833358764649,8.3333330154419,0,23.6666660308838,48.5,36.9166679382324,3.66666674613953,28.8333339691162,0,20,0,0,23.0833339691162,33.5833320617676,33.4166679382324,20.9166660308838,59.3333320617676,29.9166660308838,13.5833330154419,4.08333349227905
2012,Kazakhstan,3055,KAZ,2.50467610359192,3.9157440662384,3.88615703582764,3.92375111579895,25.0300025939941,123.349853515625,4.41476106643677,34,5.28441667556763,2.84140229225159,2.72099304199219,2.96853947639465,3.06749057769775,9.41467952728271,91.8596801757812,3.49383044242859,20,0.288701832294464,KAZKAZKAZKAZKAZKAZKAZKAZKAZKAZKAZKAZ,2012,KGZ,417,398,1,1,6,6,1,194.977996826172,884.712,950.340026855469,524.795,1,1,1,1,0.328999996185303,0,2,2,1,1,1,1,0,0,0,0,0,,,"",1,1,,,5607.2,16791.426,6605139.968,203517198.336,1.17799997329712,12.1199998855591,1,1,1,1,16388179.551,375997008.538,2.923,22.392,5594.10791015625,16921.1796875,18061590,371928608,0,0,1,0,0,0,1,1,1,2.8,0.7,4,7,14,25,18,32,404930.563,333049.813,369636.156,288994.219,404930.5625,333045.28125,10.0833330154419,25.75,16.6666660308838,31.5,16.25,15.9166669845581,7.91666650772095,51.0833320617676,42.9166679382324,10.6666669845581,15.0833330154419,8.3333330154419,7,5.58333349227905,29.6666660308838,44.75,13.5833330154419,27.8333339691162,2.58333325386047,28.0833339691162,14.5833330154419,26.25,52.8333320617676,20.8333339691162,0,24.3333339691162,33.9166679382324,44.8333320617676,26.4166660308838,4.5,0,38.5,0,0,33.8333320617676,16.9166660308838,23.9166660308838,7,33.6666679382324,49.8333320617676,6.75,17.1666660308838
2013,Kazakhstan,2838,KAZ,2.74492335319519,4.26387119293213,4.09427309036255,4.44782543182373,26.1452789306641,142.549865722656,4.64137601852417,45,7.50119543075562,2.48284363746643,2.29857015609741,2.9395809173584,2.90450477600098,8.90111923217773,104.829231262207,3.62047672271729,20,0.296703994274139,KAZKAZKAZKAZKAZKAZKAZKAZKAZKAZKAZKAZKAZ,2013,KGZ,417,398,1,1,6,6,1,194.977996826172,884.712,950.340026855469,524.795,1,1,1,1,0.328999996185303,0,2,2,1,1,1,1,0,0,0,0,0,,,"",1,1,,,5719.5,17037.508,7226303.488,231876280.32,1.26300001144409,13.6099996566772,1,1,1,1,18470586.534,404993550.09,3.229,23.774,5683.80810546875,17207.255859375,19626012,400693344,0,0,1,0,0,0,1,1,1,2.7,0.6,4,7,10,18,14,25,382453.25,351151.031,384479.355,336770.813,382453.25,329136.3125,12.25,24.0833339691162,20.5,28.3333339691162,20.3333339691162,24.3333339691162,22.0833339691162,59.25,38,11.3333330154419,19.6666660308838,12.3333330154419,19.1666660308838,7.25,22.6666660308838,43.0833320617676,15.75,7.58333349227905,4.33333349227905,19.75,8.66666698455811,33.6666679382324,43.8333320617676,10.6666669845581,0,28.75,29.75,37.0833320617676,35.75,7.75,0,48.6666679382324,0,0,35.4166679382324,32.0833320617676,19.75,18.0833339691162,34.5,35.1666679382324,14.5833330154419,25
2014,Kazakhstan,1893,KAZ,2.81489992141724,4.40648984909058,4.0921893119812,4.75520944595337,26.4954605102539,175.391479492188,4.62080717086792,53.3156700134277,9.71901035308838,2.52961301803589,2.5008008480072,3.0897011756897,2.68454527854919,8.97293281555176,124.77507019043,3.57031154632568,21.7235088348389,2.62314200401306,KAZKAZKAZKAZKAZKAZKAZKAZKAZKAZKAZKAZKAZKAZ,2014,KGZ,417,398,1,1,6,6,1,194.977996826172,884.712,950.340026855469,524.795,1,1,1,1,0.328999996185303,0,2,2,1,1,1,1,0,0,0,0,0,,,"",1,1,,,5835.5,17289.225,7468096.512,221415571.456,1.27999997138977,12.8070001602173,1,1,1,1,19557845.557,429558621.959,3.352,24.845,5774.56591796875,17487.779296875,20881824,414176480,0,0,1,0,0,0,1,1,1,2.3,0.5,4,7,10,16,14,23,458906.813,351174.438,508827.637,459781.688,458906.8125,352227.96875,18.4166660308838,29.1666660308838,22.5833339691162,29.4166660308838,23.75,29.25,11.3333330154419,75.5833358764649,37.3333320617676,13,26.9166660308838,2.5,18.4166660308838,35,26.5833339691162,37.4166679382324,19.75,11.6666669845581,5.75,20.5,21.6666660308838,40.5,39,25.6666660308838,3.5,41.8333320617676,40.3333320617676,30.1666660308838,39.3333320617676,12.1666669845581,0,42.5833320617676,0,0,28.9166660308838,43.9166679382324,27.0833339691162,45.4166679382324,22.9166660308838,37.9166679382324,46.8333320617676,23.3333339691162
2015,Kazakhstan,1447,KAZ,2.98292088508606,4.20796966552734,4.02652502059937,4.68071365356445,26.6681499481201,180.502075195313,4.38800001144409,54,11.601167678833,2.72516942024231,2.6393187046051,3.1818835735321,2.8573956489563,8.31497097015381,121.449821472168,3.74743604660034,23.3999996185303,0.961614012718201,KAZKAZKAZKAZKAZKAZKAZKAZKAZKAZKAZKAZKAZKAZKAZ,2015,KGZ,417,398,1,1,6,6,1,194.977996826172,884.712,950.340026855469,524.795,1,1,1,1,0.328999996185303,0,2,2,1,1,1,1,0,0,0,0,0,,,"",1,1,,,5956.9,17544.127,6678178.304,184388435.968,1.12100005149841,10.5100002288818,1,1,1,1,20534456.196,439390495.448,3.447,25.045,5865.40087890625,17749.646484375,21694070,385276160,0,0,1,1,0,0,1,3,2,2.1,0.5,4,6,10,11,14,17,227702.891,181995.063,205257.473,181115.172,227702.875,182013.328125,24.8333339691162,36.25,24.5,34.4166679382324,36.75,32.4166679382324,20.0833339691162,82.9166641235352,46.1666679382324,12.9166669845581,27.4166660308838,17,15.1666669845581,56.4166679382324,31.6666660308838,36.5833320617676,23.5833339691162,11.0833330154419,8.8333330154419,22.25,28.5833339691162,46.5833320617676,33.4166679382324,23.25,18.0833339691162,52.25,47.0833320617676,38,37.9166679382324,17.1666660308838,1.33333337306976,52.5,0,0,27.6666660308838,58.5833320617676,29.8333339691162,44.4166679382324,20.5833339691162,37.5,65.5,37.3333320617676
2016,Kazakhstan,1341,KAZ,3.12519788742065,4.21763038635254,4.03824472427368,4.62684917449951,26.1229114532471,168.622909545898,4.40880584716797,54.8899993896484,12.9343996047974,2.5555694103241,2.42670249938965,2.90579199790955,2.92807340621948,7.8772234916687,134.460861206055,3.5804762840271,28.2999992370605,4.15826463699341,KAZKAZKAZKAZKAZKAZKAZKAZKAZKAZKAZKAZKAZKAZKAZKAZ,2016,KGZ,417,398,1,1,6,6,1,194.977996826172,884.712,950.340026855469,524.795,1,1,1,1,0.328999996185303,0,2,2,1,1,1,1,0,0,0,0,0,,,"",1,1,,,6082.7,17797.031,6551287.808,133657083.904,1.07700002193451,7.51000022888184,1,1,1,1,21600596.554,449620839.326,3.551,25.264,5955.73388671875,17987.736328125,23261980,386885344,0,0,1,1,0,0,1,3,2,2,0.3,4,5,10,9,14,14,151150.859,200579.516,225936.547,111815.43,151150.859375,231377.890625,22.25,33.5,30.25,33.4166679382324,55.0833320617676,35,18.1666660308838,72.4166641235352,44,12.6666669845581,23.75,13.1666669845581,20.25,41.0833320617676,42.9166679382324,33.8333320617676,22.9166660308838,9.75,10.5,18.4166660308838,25,41.75,28.25,32.5,15.1666669845581,56.5833320617676,46.75,38.8333320617676,26.1666660308838,15.5,5.08333349227905,62.5833320617676,23.1666660308838,21.75,23.25,53.0833320617676,21.8333339691162,49.4166679382324,16.4166660308838,30.0833339691162,54.6666679382324,31.9166660308838
2017,Kazakhstan,1209,KAZ,3.02484202384949,4.2615180015564,4.00678586959839,4.54763078689575,24.7047672271729,187.173904418945,4.32499837875366,72.8660125732422,13.0491456985474,2.48828196525574,2.37328195571899,2.88289928436279,3.23827862739563,7.14910078048706,132.797210693359,3.44337582588196,30.2470436096191,3.70605206489563,KAZKAZKAZKAZKAZKAZKAZKAZKAZKAZKAZKAZKAZKAZKAZKAZKAZ,2017,KGZ,417,398,1,1,6,6,1,194.977996826172,884.712,950.340026855469,524.795,1,1,1,1,0.328999996185303,0,2,2,1,1,1,1,0,0,0,0,0,,,"",1,1,,,6198.2,18037.777,7702934.8,166805800.596,1.24300003051758,9.2480001449585,,,,,31280403.475,448472613.651,5.047,24.863,6045.1171875,18204.498046875,24668016,408010944,0,0,1,1,0,0,1,3,2,2.1,0.3,4,5,10,9,14,14,265792.625,247768.109,377175.938,162714.594,266192.625,247721.9375,25.4166660308838,37.5833320617676,35.3333320617676,36.5833320617676,52.0833320617676,44.8333320617676,13.5,61.3333320617676,45.4166679382324,14.8333330154419,26.3333339691162,25.1666660308838,25.75,16.9166660308838,48.6666679382324,32.0833320617676,21.5833339691162,16.25,19,22.8333339691162,44.5833320617676,55.25,28.3333339691162,22.5833339691162,34.1666679382324,51.0833320617676,42.8333320617676,42.5833320617676,25,18.5833339691162,19.1666660308838,69.3333358764649,47.6666679382324,53.9166679382324,18.4166660308838,66.1666641235352,20.0833339691162,49.25,14.5,37.8333320617676,33.4166679382324,33.75
2018,Kazakhstan,1219,KAZ,2.88312458992004,4.1437816619873,4.00345516204834,4.57921886444092,23.2188987731934,149.994644165039,4.13050031661987,76.8000030517578,13.6811408996582,2.65064430236816,2.44917559623718,3.0827796459198,3.64921760559082,6.59424352645874,131.376647949219,3.46028804779053,34.5,4.07612085342407,KAZKAZKAZKAZKAZKAZKAZKAZKAZKAZKAZKAZKAZKAZKAZKAZKAZKAZ,2018,KGZ,417,398,1,1,6,6,1,194.977996826172,884.712,950.340026855469,524.795,1,1,1,1,0.328999996185303,0,2,2,1,1,1,1,0,0,0,0,0,,,"",1,1,,,6322.8,18276.499,8271108.638,179339994.859,1.30799996852875,9.8129997253418,,,,,33246519.089,478232709.038,5.258,26.167,,,,,0,0,1,1,0,0,1,3,2,1.9,0.3,4,5,10,5,14,10,269950.656,243613.156,356371,176436.078,237028.71875,216686.046875,31,39.1666679382324,45.8333320617676,36.75,60,65.75,12.5833330154419,54.75,41.3333320617676,13.1666669845581,23,16.75,28.1666660308838,13.3333330154419,54.75,31.8333339691162,26,35.0833320617676,52.0833320617676,49.5833320617676,43.4166679382324,62.0833320617676,30.75,18,45.75,62.5,39.75,53.4166679382324,25.1666660308838,10.5833330154419,44.8333320617676,56.0833320617676,46.8333320617676,53.9166679382324,21.6666660308838,64.25,21.6666660308838,56.0833320617676,13.5833330154419,45.0833320617676,22.5,29.5833339691162
2011,Russia,41558,RUS,2.4433012008667,4.08529710769653,3.83978080749512,4.33276653289795,31.8032512664795,163.621795654297,4.17279386520386,42.3784027099609,9.15714168548584,2.74021530151367,2.78811693191528,2.95336604118347,2.28780198097229,9.08992767333984,81.8489456176758,3.54306530952454,40.0271224975586,0.0956185460090637,RUSRUSRUSRUSRUSRUSRUSRUSRUSRUSRUS,2011,KGZ,417,643,1,1,6,3,0,2985.87109375,2650.46,2985.87109375,2466.348,1,1,1,0,0.0790999978780747,1,2,2,1,1,1,1,0,0,0,0,0,,,"",0,0,,,5514.6,142956.467,6197766.144,1904792961.024,1.12399995326996,13.3240003585815,1,1,1,1,16105958.461,3441692056.999,2.921,24.074,5506.60107421875,143264,19088114,3526680320,0,0,1,0,0,0,1,1,1,3.5,2.3,4,8,14,29,18,37,284418.906,290837.875,288241.023,214365.281,284418.90625,277840.28125,12.3333330154419,29.5833339691162,4.25,46.5833320617676,0,19.3333339691162,26.3333339691162,36.4166679382324,45.9166679382324,10.6666669845581,15.4166669845581,0,12.6666669845581,18.5833339691162,44.0833320617676,37.25,10.3333330154419,21.6666660308838,6,47.25,5,29.5833339691162,68.0833358764649,8.3333330154419,0,23.6666660308838,48.5,36.9166679382324,3.66666674613953,28.8333339691162,0,20,0,0,23.0833339691162,33.5833320617676,33.4166679382324,20.9166660308838,59.3333320617676,29.9166660308838,13.5833330154419,4.08333349227905
2012,Russia,9475,RUS,2.4070303440094,4.1521143913269,3.8470664024353,4.27879858016968,31.4488754272461,166.264877319336,4.0637321472168,43,10.9822340011597,2.84140229225159,2.72099304199219,2.96853947639465,3.06749057769775,9.41467952728271,91.8596801757812,3.49383044242859,20,0.288701832294464,RUSRUSRUSRUSRUSRUSRUSRUSRUSRUSRUSRUS,2012,KGZ,417,643,1,1,6,3,0,2985.87109375,2650.46,2985.87109375,2466.348,1,1,1,0,0.0790999978780747,1,2,2,1,1,1,1,0,0,0,0,0,,,"",0,0,,,5607.2,143177.994,6605139.968,2017470971.904,1.17799997329712,14.0909996032715,1,1,1,1,16388179.551,3625384675.193,2.923,25.317,5594.10791015625,143420.59375,18061590,3680220416,0,0,1,1,0,0,1,1,1,2.8,2,4,8,14,18,18,26,219116.109,195743.016,222476.695,140658.578,219116.109375,195743.015625,10.0833330154419,25.75,16.6666660308838,31.5,16.25,15.9166669845581,7.91666650772095,51.0833320617676,42.9166679382324,10.6666669845581,15.0833330154419,8.3333330154419,7,5.58333349227905,29.6666660308838,44.75,13.5833330154419,27.8333339691162,2.58333325386047,28.0833339691162,14.5833330154419,26.25,52.8333320617676,20.8333339691162,0,24.3333339691162,33.9166679382324,44.8333320617676,26.4166660308838,4.5,0,38.5,0,0,33.8333320617676,16.9166660308838,23.9166660308838,7,33.6666679382324,49.8333320617676,6.75,17.1666660308838
2013,Russia,8307,RUS,2.34143805503845,4.17351150512695,3.82914018630981,4.32958841323853,30.9315509796143,179.308700561523,3.86737275123596,49,12.1980228424072,2.48284363746643,2.29857015609741,2.9395809173584,2.90450477600098,8.90111923217773,104.829231262207,3.62047672271729,20,0.296703994274139,RUSRUSRUSRUSRUSRUSRUSRUSRUSRUSRUSRUSRUS,2013,KGZ,417,643,1,1,6,3,0,2985.87109375,2650.46,2985.87109375,2466.348,1,1,1,0,0.0790999978780747,1,2,2,1,1,1,1,0,0,0,0,0,,,"",0,0,,,5719.5,143499.863,7226303.488,2096777003.008,1.26300001144409,14.6120004653931,1,1,1,1,18470586.534,3656647941.357,3.229,25.481,5683.80810546875,143597.234375,19626012,3706853632,0,0,1,1,0,0,1,1,1,2.7,1.2,4,6,10,12.9,14,18.8999996185303,152700.656,110128.406,153625.32,73202.625,152700.65625,110128.40625,12.25,24.0833339691162,20.5,28.3333339691162,20.3333339691162,24.3333339691162,22.0833339691162,59.25,38,11.3333330154419,19.6666660308838,12.3333330154419,19.1666660308838,7.25,22.6666660308838,43.0833320617676,15.75,7.58333349227905,4.33333349227905,19.75,8.66666698455811,33.6666679382324,43.8333320617676,10.6666669845581,0,28.75,29.75,37.0833320617676,35.75,7.75,0,48.6666679382324,0,0,35.4166679382324,32.0833320617676,19.75,18.0833339691162,34.5,35.1666679382324,14.5833330154419,25
2014,Russia,9427,RUS,2.45264196395874,4.18540573120117,3.9170560836792,4.53812217712402,30.0639915466309,183.518218994141,3.97098469734192,53.2747993469238,14.4763116836548,2.52961301803589,2.5008008480072,3.0897011756897,2.68454527854919,8.97293281555176,124.77507019043,3.57031154632568,21.7235088348389,2.62314200401306,RUSRUSRUSRUSRUSRUSRUSRUSRUSRUSRUSRUSRUSRUS,2014,KGZ,417,643,1,1,6,3,0,2985.87109375,2650.46,2985.87109375,2466.348,1,1,1,0,0.0790999978780747,1,2,2,1,1,1,1,0,0,0,0,0,,,"",0,0,,,5835.5,143819.672,7468096.512,2063662317.568,1.27999997138977,14.3489999771118,1,1,1,1,19557845.557,3721984706.924,3.352,25.477,5774.56591796875,143761.390625,20881824,3725785856,0,0,1,1,0,0,1,1,1,2.3,1.2,4,4,10,11.2,14,15.1999998092651,114145.273,70911.836,118359.434,42475.941,114145.2734375,73840.109375,18.4166660308838,29.1666660308838,22.5833339691162,29.4166660308838,23.75,29.25,11.3333330154419,75.5833358764649,37.3333320617676,13,26.9166660308838,2.5,18.4166660308838,35,26.5833339691162,37.4166679382324,19.75,11.6666669845581,5.75,20.5,21.6666660308838,40.5,39,25.6666660308838,3.5,41.8333320617676,40.3333320617676,30.1666660308838,39.3333320617676,12.1666669845581,0,42.5833320617676,0,0,28.9166660308838,43.9166679382324,27.0833339691162,45.4166679382324,22.9166660308838,37.9166679382324,46.8333320617676,23.3333339691162
2015,Russia,6013,RUS,2.7171676158905,4.29086351394653,4.13787651062012,4.80061960220337,28.4676246643066,152.835357666016,4.22273826599121,61.4000015258789,16.6167755126953,2.72516942024231,2.6393187046051,3.1818835735321,2.8573956489563,8.31497097015381,121.449821472168,3.74743604660034,23.3999996185303,0.961614012718201,RUSRUSRUSRUSRUSRUSRUSRUSRUSRUSRUSRUSRUSRUSRUS,2015,KGZ,417,643,1,1,6,3,0,2985.87109375,2650.46,2985.87109375,2466.348,1,1,1,0,0.0790999978780747,1,2,2,1,1,1,1,0,0,0,0,0,,,"",0,0,,,5956.9,144096.863,6678178.304,1365865267.2,1.12100005149841,9.47900009155273,1,1,1,1,20534456.196,3470238622.232,3.447,23.703,5865.40087890625,143888,21694070,3453689856,0,0,1,1,0,0,1,3,2,2.1,1.1,4,4,10,10.5,14,14.5,157300.984,61885.891,78905.398,39725.051,157300.96875,71187.484375,24.8333339691162,36.25,24.5,34.4166679382324,36.75,32.4166679382324,20.0833339691162,82.9166641235352,46.1666679382324,12.9166669845581,27.4166660308838,17,15.1666669845581,56.4166679382324,31.6666660308838,36.5833320617676,23.5833339691162,11.0833330154419,8.8333330154419,22.25,28.5833339691162,46.5833320617676,33.4166679382324,23.25,18.0833339691162,52.25,47.0833320617676,38,37.9166679382324,17.1666660308838,1.33333337306976,52.5,0,0,27.6666660308838,58.5833320617676,29.8333339691162,44.4166679382324,20.5833339691162,37.5,65.5,37.3333320617676
2016,Russia,5445,RUS,2.7171676158905,4.29086351394653,4.13787651062012,4.80061960220337,27.6736125946045,155.144241333008,4.22273826599121,70.5199966430664,17.4532318115234,2.5555694103241,2.42670249938965,2.90579199790955,2.92807340621948,7.8772234916687,134.460861206055,3.5804762840271,28.2999992370605,4.15826463699341,RUSRUSRUSRUSRUSRUSRUSRUSRUSRUSRUSRUSRUSRUSRUSRUS,2016,KGZ,417,643,1,1,6,3,0,2985.87109375,2650.46,2985.87109375,2466.348,1,1,1,0,0.0790999978780747,1,2,2,1,1,1,1,0,0,0,0,0,,,"",0,0,,,6082.7,144342.392,6551287.808,1283162374.144,1.07700002193451,8.89000034332275,1,1,1,1,21600596.554,3397368441.152,3.551,23.163,5955.73388671875,143964.515625,23261980,3275949312,0,0,1,1,0,0,1,3,2,2,1,4,4,10,9.8,14,13.8000001907349,145208.734,191101.766,191191.77,177422.781,145208.734375,176161.8125,22.25,33.5,30.25,33.4166679382324,55.0833320617676,35,18.1666660308838,72.4166641235352,44,12.6666669845581,23.75,13.1666669845581,20.25,41.0833320617676,42.9166679382324,33.8333320617676,22.9166660308838,9.75,10.5,18.4166660308838,25,41.75,28.25,32.5,15.1666669845581,56.5833320617676,46.75,38.8333320617676,26.1666660308838,15.5,5.08333349227905,62.5833320617676,23.1666660308838,21.75,23.25,53.0833320617676,21.8333339691162,49.4166679382324,16.4166660308838,30.0833339691162,54.6666679382324,31.9166660308838
2017,Russia,4453,RUS,2.77447104454041,4.4397988319397,4.44241809844971,5.0387716293335,25.7040500640869,159.95149230957,4.42296361923218,73.4100036621094,18.7748928070068,2.48828196525574,2.37328195571899,2.88289928436279,3.23827862739563,7.14910078048706,132.797210693359,3.44337582588196,30.2470436096191,3.70605206489563,RUSRUSRUSRUSRUSRUSRUSRUSRUSRUSRUSRUSRUSRUSRUSRUSRUS,2017,KGZ,417,643,1,1,6,3,0,2985.87109375,2650.46,2985.87109375,2466.348,1,1,1,0,0.0790999978780747,1,2,2,1,1,1,1,0,0,0,0,0,,,"",0,0,,,6198.2,144496.735,7702934.8,1574199387.071,1.24300003051758,10.8940000534058,,,,,31280403.475,3818780560.822,5.047,26.006,6045.1171875,143989.765625,24668016,3395888384,0,0,1,1,0,0,1,3,2,2.1,1.1,4,4,10,10.1,14,14.1000003814697,262896.281,229656.281,283615.832,228442.141,265228.09375,190168.421875,25.4166660308838,37.5833320617676,35.3333320617676,36.5833320617676,52.0833320617676,44.8333320617676,13.5,61.3333320617676,45.4166679382324,14.8333330154419,26.3333339691162,25.1666660308838,25.75,16.9166660308838,48.6666679382324,32.0833320617676,21.5833339691162,16.25,19,22.8333339691162,44.5833320617676,55.25,28.3333339691162,22.5833339691162,34.1666679382324,51.0833320617676,42.8333320617676,42.5833320617676,25,18.5833339691162,19.1666660308838,69.3333358764649,47.6666679382324,53.9166679382324,18.4166660308838,66.1666641235352,20.0833339691162,49.25,14.5,37.8333320617676,33.4166679382324,33.75
2018,Russia,4972,RUS,2.89659404754639,4.54985094070435,4.63744354248047,5.11517524719238,22.7734489440918,163.264923095703,4.41405010223389,76.4090881347656,19.466344833374,2.65064430236816,2.44917559623718,3.0827796459198,3.64921760559082,6.59424352645874,131.376647949219,3.46028804779053,34.5,4.07612085342407,RUSRUSRUSRUSRUSRUSRUSRUSRUSRUSRUSRUSRUSRUSRUSRUSRUSRUS,2018,KGZ,417,643,1,1,6,3,0,2985.87109375,2650.46,2985.87109375,2466.348,1,1,1,0,0.0790999978780747,1,2,2,1,1,1,1,0,0,0,0,0,,,"",0,0,,,6322.8,144477.859,8271108.638,1669583089.323,1.30799996852875,11.5559997558594,,,,,33246519.089,4223363714.785,5.258,28.764,,,,,0,0,1,1,0,0,1,3,2,1.9,1.1,4,4,10,10.1,14,14.1000003814697,349782.5,247053.484,387451.898,275538.594,281124.71875,240198.53125,31,39.1666679382324,45.8333320617676,36.75,60,65.75,12.5833330154419,54.75,41.3333320617676,13.1666669845581,23,16.75,28.1666660308838,13.3333330154419,54.75,31.8333339691162,26,35.0833320617676,52.0833320617676,49.5833320617676,43.4166679382324,62.0833320617676,30.75,18,45.75,62.5,39.75,53.4166679382324,25.1666660308838,10.5833330154419,44.8333320617676,56.0833320617676,46.8333320617676,53.9166679382324,21.6666660308838,64.25,21.6666660308838,56.0833320617676,13.5833330154419,45.0833320617676,22.5,29.5833339691162
2011,Tajikistan,46,TJK,2.95957183837891,3.21485686302185,3.77146100997925,2.63456463813782,4.17132759094238,70.4810562133789,4.18074035644531,10.0687217712402,0.0535101741552353,2.74021530151367,2.78811693191528,2.95336604118347,2.28780198097229,9.08992767333984,81.8489456176758,3.54306530952454,40.0271224975586,0.0956185460090637,TJKTJKTJKTJKTJKTJKTJKTJKTJKTJKTJK,2011,KGZ,417,762,1,1,6,5,1,678.236022949219,580.761,678.236022949219,527.502,1,0,0,1,0.59500002861023,0,2,2,1,1,1,1,0,0,0,0,0,,,"",1,1,,,5514.6,7814.85,6197766.144,6522732.032,1.12399995326996,0.834999978542328,1,1,1,1,16105958.461,17286955.073,2.921,2.212,5506.60107421875,7815.94921875,19088114,19112228,0,0,1,0,0,0,1,1,1,3.5,33.3,4,5,14,13,18,18,36261.012,,36258.736,23456.758,36261.01171875,26078.9765625,12.3333330154419,29.5833339691162,4.25,46.5833320617676,0,19.3333339691162,26.3333339691162,36.4166679382324,45.9166679382324,10.6666669845581,15.4166669845581,0,12.6666669845581,18.5833339691162,44.0833320617676,37.25,10.3333330154419,21.6666660308838,6,47.25,5,29.5833339691162,68.0833358764649,8.3333330154419,0,23.6666660308838,48.5,36.9166679382324,3.66666674613953,28.8333339691162,0,20,0,0,23.0833339691162,33.5833320617676,33.4166679382324,20.9166660308838,59.3333320617676,29.9166660308838,13.5833330154419,4.08333349227905
2012,Tajikistan,45,TJK,3.36447215080261,3.54822087287903,3.97237110137939,2.69742703437805,5.34543418884277,86.3665542602539,4.42152547836304,11.5500001907349,0.0683274865150452,2.84140229225159,2.72099304199219,2.96853947639465,3.06749057769775,9.41467952728271,91.8596801757812,3.49383044242859,20,0.288701832294464,TJKTJKTJKTJKTJKTJKTJKTJKTJKTJKTJKTJK,2012,KGZ,417,762,1,1,6,5,1,678.236022949219,580.761,678.236022949219,527.502,1,0,0,1,0.59500002861023,0,2,2,1,1,1,1,0,0,0,0,0,,,"",1,1,,,5607.2,8008.99,6605139.968,7633049.6,1.17799997329712,0.953000009059906,1,1,1,1,16388179.551,18925793.765,2.923,2.367,5594.10791015625,7995.06201171875,18061590,21642674,0,0,1,0,0,0,1,1,1,2.8,27.1,4,5,14,13,18,18,39677.527,,39677.529,21948.484,39677.52734375,32253.3515625,10.0833330154419,25.75,16.6666660308838,31.5,16.25,15.9166669845581,7.91666650772095,51.0833320617676,42.9166679382324,10.6666669845581,15.0833330154419,8.3333330154419,7,5.58333349227905,29.6666660308838,44.75,13.5833330154419,27.8333339691162,2.58333325386047,28.0833339691162,14.5833330154419,26.25,52.8333320617676,20.8333339691162,0,24.3333339691162,33.9166679382324,44.8333320617676,26.4166660308838,4.5,0,38.5,0,0,33.8333320617676,16.9166660308838,23.9166660308838,7,33.6666679382324,49.8333320617676,6.75,17.1666660308838
2013,Tajikistan,46,TJK,3.17594456672668,3.48754453659058,4.20621919631958,2.31652545928955,5.44649982452393,90.6412200927734,4.73437452316284,13.0299997329712,0.0719511285424233,2.48284363746643,2.29857015609741,2.9395809173584,2.90450477600098,8.90111923217773,104.829231262207,3.62047672271729,20,0.296703994274139,TJKTJKTJKTJKTJKTJKTJKTJKTJKTJKTJKTJKTJK,2013,KGZ,417,762,1,1,6,5,1,678.236022949219,580.761,678.236022949219,527.502,1,0,0,1,0.59500002861023,0,2,2,1,1,1,1,0,0,0,0,0,,,"",1,1,,,5719.5,8207.834,7226303.488,8508103.68,1.26300001144409,1.03699994087219,1,1,1,1,18470586.534,20654573.84,3.229,2.526,5683.80810546875,8177.80908203125,19626012,23742600,0,0,1,1,0,0,1,1,1,2.7,25.6,4,5,10,22,14,27,50535.629,,50535.627,32822.797,50535.6328125,38621.0234375,12.25,24.0833339691162,20.5,28.3333339691162,20.3333339691162,24.3333339691162,22.0833339691162,59.25,38,11.3333330154419,19.6666660308838,12.3333330154419,19.1666660308838,7.25,22.6666660308838,43.0833320617676,15.75,7.58333349227905,4.33333349227905,19.75,8.66666698455811,33.6666679382324,43.8333320617676,10.6666669845581,0,28.75,29.75,37.0833320617676,35.75,7.75,0,48.6666679382324,0,0,35.4166679382324,32.0833320617676,19.75,18.0833339691162,34.5,35.1666679382324,14.5833330154419,25
2014,Tajikistan,41,TJK,3.17594456672668,3.48754453659058,4.20621919631958,2.31652545928955,5.44649982452393,90.6412200927734,4.73437452316284,13.0299997329712,0.0719511285424233,2.52961301803589,2.5008008480072,3.0897011756897,2.68454527854919,8.97293281555176,124.77507019043,3.57031154632568,21.7235088348389,2.62314200401306,TJKTJKTJKTJKTJKTJKTJKTJKTJKTJKTJKTJKTJKTJK,2014,KGZ,417,762,1,1,6,5,1,678.236022949219,580.761,678.236022949219,527.502,1,0,0,1,0.59500002861023,0,2,2,1,1,1,1,0,0,0,0,0,,,"",1,1,,,5835.5,8362.745,7468096.512,9236308.992,1.27999997138977,1.10399997234344,1,1,1,1,19557845.557,22432838.148,3.352,2.682,5774.56591796875,8362.7451171875,20881824,25619406,0,0,1,1,0,0,1,1,1,2.3,23.3,4,4,10,28,14,32,75053.992,,75053.995,67155.93,75053.9921875,40389.75390625,18.4166660308838,29.1666660308838,22.5833339691162,29.4166660308838,23.75,29.25,11.3333330154419,75.5833358764649,37.3333320617676,13,26.9166660308838,2.5,18.4166660308838,35,26.5833339691162,37.4166679382324,19.75,11.6666669845581,5.75,20.5,21.6666660308838,40.5,39,25.6666660308838,3.5,41.8333320617676,40.3333320617676,30.1666660308838,39.3333320617676,12.1666669845581,0,42.5833320617676,0,0,28.9166660308838,43.9166679382324,27.0833339691162,45.4166679382324,22.9166660308838,37.9166679382324,46.8333320617676,23.3333339691162
2015,Tajikistan,30,TJK,3.04166674613953,2.96808505058289,3.95348834991455,2.63917517662048,5.17797994613648,91.828125,4.13541650772095,16,0.0706641972064972,2.72516942024231,2.6393187046051,3.1818835735321,2.8573956489563,8.31497097015381,121.449821472168,3.74743604660034,23.3999996185303,0.961614012718201,TJKTJKTJKTJKTJKTJKTJKTJKTJKTJKTJKTJKTJKTJKTJK,2015,KGZ,417,762,1,1,6,5,1,678.236022949219,580.761,678.236022949219,527.502,1,0,0,1,0.59500002861023,0,2,2,1,1,1,1,0,0,0,0,0,,,"",1,1,,,5956.9,8548.651,6678178.304,7853450.24,1.12100005149841,0.919000029563904,1,1,1,1,20534456.196,24034649.525,3.447,2.812,5865.40087890625,8548.650390625,21694070,25816178,0,0,1,1,0,0,1,1,4,2.1,21.5,4,4,10,11,14,15,24205.531,,24205.532,14433.905,24205.53125,25151.8125,24.8333339691162,36.25,24.5,34.4166679382324,36.75,32.4166679382324,20.0833339691162,82.9166641235352,46.1666679382324,12.9166669845581,27.4166660308838,17,15.1666669845581,56.4166679382324,31.6666660308838,36.5833320617676,23.5833339691162,11.0833330154419,8.8333330154419,22.25,28.5833339691162,46.5833320617676,33.4166679382324,23.25,18.0833339691162,52.25,47.0833320617676,38,37.9166679382324,17.1666660308838,1.33333337306976,52.5,0,0,27.6666660308838,58.5833320617676,29.8333339691162,44.4166679382324,20.5833339691162,37.5,65.5,37.3333320617676
2016,Tajikistan,15,TJK,3.6285457611084,3.36499238014221,4.12808084487915,3.15269732475281,5.24084663391113,95.1260604858398,4.31854438781738,17.4899997711182,0.0706641972064972,2.5555694103241,2.42670249938965,2.90579199790955,2.92807340621948,7.8772234916687,134.460861206055,3.5804762840271,28.2999992370605,4.15826463699341,TJKTJKTJKTJKTJKTJKTJKTJKTJKTJKTJKTJKTJKTJKTJKTJK,2016,KGZ,417,762,1,1,6,5,1,678.236022949219,580.761,678.236022949219,527.502,1,0,0,1,0.59500002861023,0,2,2,1,1,1,1,0,0,0,0,0,,,"",1,1,,,6082.7,8734.951,6551287.808,6951656.96,1.07700002193451,0.796000003814697,1,1,1,1,21600596.554,26030943.201,3.551,2.98,5955.73388671875,8734.951171875,23261980,28189530,0,0,1,1,0,0,1,1,4,2,16.8,4,5,10,22,14,27,21840.49,,21833.75,18669.436,21840.48828125,25004.703125,22.25,33.5,30.25,33.4166679382324,55.0833320617676,35,18.1666660308838,72.4166641235352,44,12.6666669845581,23.75,13.1666669845581,20.25,41.0833320617676,42.9166679382324,33.8333320617676,22.9166660308838,9.75,10.5,18.4166660308838,25,41.75,28.25,32.5,15.1666669845581,56.5833320617676,46.75,38.8333320617676,26.1666660308838,15.5,5.08333349227905,62.5833320617676,23.1666660308838,21.75,23.25,53.0833320617676,21.8333339691162,49.4166679382324,16.4166660308838,30.0833339691162,54.6666679382324,31.9166660308838
2017,Tajikistan,21,TJK,4.05194568634033,3.74025225639343,4.33607387542725,3.6836519241333,5.30754470825195,98.5902633666992,4.3314037322998,18.9799995422363,0.0696833059191704,2.48828196525574,2.37328195571899,2.88289928436279,3.23827862739563,7.14910078048706,132.797210693359,3.44337582588196,30.2470436096191,3.70605206489563,TJKTJKTJKTJKTJKTJKTJKTJKTJKTJKTJKTJKTJKTJKTJKTJKTJK,2017,KGZ,417,762,1,1,6,5,1,678.236022949219,580.761,678.236022949219,527.502,1,0,0,1,0.59500002861023,0,2,2,1,1,1,1,0,0,0,0,0,,,"",1,1,,,6198.2,8880.268,7702934.8,7157865.188,1.24300003051758,0.805999994277954,,,,,31280403.475,27435856.244,5.047,3.09,6045.1171875,8921.3427734375,24668016,31396382,0,0,1,1,0,0,1,1,4,2.1,19.3,4,4,10,10,14,14,24287.984,,24287.985,13460.74,24287.984375,25985.84375,25.4166660308838,37.5833320617676,35.3333320617676,36.5833320617676,52.0833320617676,44.8333320617676,13.5,61.3333320617676,45.4166679382324,14.8333330154419,26.3333339691162,25.1666660308838,25.75,16.9166660308838,48.6666679382324,32.0833320617676,21.5833339691162,16.25,19,22.8333339691162,44.5833320617676,55.25,28.3333339691162,22.5833339691162,34.1666679382324,51.0833320617676,42.8333320617676,42.5833320617676,25,18.5833339691162,19.1666660308838,69.3333358764649,47.6666679382324,53.9166679382324,18.4166660308838,66.1666641235352,20.0833339691162,49.25,14.5,37.8333320617676,33.4166679382324,33.75
2018,Tajikistan,16,TJK,4.05194568634033,3.74025201797485,4.33607387542725,3.6836519241333,5.31140995025635,106.682159423828,4.3314037322998,20.4699993133545,0.0680949985980988,2.65064430236816,2.44917559623718,3.0827796459198,3.64921760559082,6.59424352645874,131.376647949219,3.46028804779053,34.5,4.07612085342407,TJKTJKTJKTJKTJKTJKTJKTJKTJKTJKTJKTJKTJKTJKTJKTJKTJKTJK,2018,KGZ,417,762,1,1,6,5,1,678.236022949219,580.761,678.236022949219,527.502,1,0,0,1,0.59500002861023,0,2,2,1,1,1,1,0,0,0,0,0,,,"",1,1,,,6322.8,9100.837,8271108.638,7522947.81,1.30799996852875,0.827000021934509,,,,,33246519.089,30155800.482,5.258,3.314,,,,,0,0,1,1,0,0,1,1,4,1.9,18,4,4,10,10,14,14,47069.711,,47069.711,18008.725,47085.640625,39134.0703125,31,39.1666679382324,45.8333320617676,36.75,60,65.75,12.5833330154419,54.75,41.3333320617676,13.1666669845581,23,16.75,28.1666660308838,13.3333330154419,54.75,31.8333339691162,26,35.0833320617676,52.0833320617676,49.5833320617676,43.4166679382324,62.0833320617676,30.75,18,45.75,62.5,39.75,53.4166679382324,25.1666660308838,10.5833330154419,44.8333320617676,56.0833320617676,46.8333320617676,53.9166679382324,21.6666660308838,64.25,21.6666660308838,56.0833320617676,13.5833330154419,45.0833320617676,22.5,29.5833339691162
2011,Ukraine,78,UKR,1.97535979747772,4.38450002670288,3.62714266777039,4.55108404159546,28.4988842010498,121.057846069336,4.45665645599365,33.4732933044434,4.1736536026001,2.74021530151367,2.78811693191528,2.95336604118347,2.28780198097229,9.08992767333984,81.8489456176758,3.54306530952454,40.0271224975586,0.0956185460090637,UKRUKRUKRUKRUKRUKRUKRUKRUKRUKRUKR,2011,KGZ,417,804,1,1,6,2,0,3417.10205078125,3253.521,3417.10205078125,3230.215,1,0,0,1,0,0,2,2,1,1,1,1,0,0,0,0,0,,,"",1,1,,,5514.6,45706.1,6197766.144,163421732.864,1.12399995326996,3.57500004768372,1,1,1,1,16105958.461,378531847.053,2.921,8.282,5506.60107421875,45576.3046875,19088114,434521376,0,0,1,1,0,0,1,1,4,3.5,4.4,4,9,14,24,18,33,4109.529,7493.332,4560.534,2375.281,4109.53076171875,7493.33203125,12.3333330154419,29.5833339691162,4.25,46.5833320617676,0,19.3333339691162,26.3333339691162,36.4166679382324,45.9166679382324,10.6666669845581,15.4166669845581,0,12.6666669845581,18.5833339691162,44.0833320617676,37.25,10.3333330154419,21.6666660308838,6,47.25,5,29.5833339691162,68.0833358764649,8.3333330154419,0,23.6666660308838,48.5,36.9166679382324,3.66666674613953,28.8333339691162,0,20,0,0,23.0833339691162,33.5833320617676,33.4166679382324,20.9166660308838,59.3333320617676,29.9166660308838,13.5833330154419,4.08333349227905
2012,Ukraine,48,UKR,2.05223226547241,4.36100912094116,3.90277886390686,4.32405948638916,28.4748420715332,118.659652709961,4.55079746246338,23,8.05569744110107,2.84140229225159,2.72099304199219,2.96853947639465,3.06749057769775,9.41467952728271,91.8596801757812,3.49383044242859,20,0.288701832294464,UKRUKRUKRUKRUKRUKRUKRUKRUKRUKRUKRUKR,2012,KGZ,417,804,1,1,6,2,0,3417.10205078125,3253.521,3417.10205078125,3230.215,1,0,0,1,0,0,2,2,1,1,1,1,0,0,0,0,0,,,"",1,1,,,5607.2,45593.3,6605139.968,176603430.912,1.17799997329712,3.87299990653992,1,1,1,1,16388179.551,386424725.965,2.923,8.475,5594.10791015625,45349.3359375,18061590,453456608,0,0,1,1,0,0,1,1,4,2.8,1.5,4,7,14,22,18,29,5195.056,6521.214,5440.352,2782.894,5195.05517578125,6521.21484375,10.0833330154419,25.75,16.6666660308838,31.5,16.25,15.9166669845581,7.91666650772095,51.0833320617676,42.9166679382324,10.6666669845581,15.0833330154419,8.3333330154419,7,5.58333349227905,29.6666660308838,44.75,13.5833330154419,27.8333339691162,2.58333325386047,28.0833339691162,14.5833330154419,26.25,52.8333320617676,20.8333339691162,0,24.3333339691162,33.9166679382324,44.8333320617676,26.4166660308838,4.5,0,38.5,0,0,33.8333320617676,16.9166660308838,23.9166660308838,7,33.6666679382324,49.8333320617676,6.75,17.1666660308838
2013,Ukraine,40,UKR,2.33033800125122,4.54965114593506,4.25984525680542,4.57706022262573,28.0611438751221,122.962295532227,4.7639946937561,30.6000003814697,7.01113367080689,2.48284363746643,2.29857015609741,2.9395809173584,2.90450477600098,8.90111923217773,104.829231262207,3.62047672271729,20,0.296703994274139,UKRUKRUKRUKRUKRUKRUKRUKRUKRUKRUKRUKRUKR,2013,KGZ,417,804,1,1,6,2,0,3417.10205078125,3253.521,3417.10205078125,3230.215,1,0,0,1,0,0,2,2,1,1,1,1,0,0,0,0,0,,,"",1,1,,,5719.5,45489.601,7226303.488,177430609.92,1.26300001144409,3.90000009536743,1,1,1,1,18470586.534,392560554.566,3.229,8.63,5683.80810546875,45115.78515625,19626012,466809152,0,0,1,1,0,0,1,1,4,2.7,1.3,4,6,10,21,14,27,10336.009,11779.143,10786.818,5273.293,10336.0087890625,11779.142578125,12.25,24.0833339691162,20.5,28.3333339691162,20.3333339691162,24.3333339691162,22.0833339691162,59.25,38,11.3333330154419,19.6666660308838,12.3333330154419,19.1666660308838,7.25,22.6666660308838,43.0833320617676,15.75,7.58333349227905,4.33333349227905,19.75,8.66666698455811,33.6666679382324,43.8333320617676,10.6666669845581,0,28.75,29.75,37.0833320617676,35.75,7.75,0,48.6666679382324,0,0,35.4166679382324,32.0833320617676,19.75,18.0833339691162,34.5,35.1666679382324,14.5833330154419,25
2014,Ukraine,13,UKR,2.14055800437927,4.46703290939331,3.84435105323792,4.72410583496094,27.1074085235596,132.050155639648,4.33756303787231,33.7000007629395,8.10733890533447,2.52961301803589,2.5008008480072,3.0897011756897,2.68454527854919,8.97293281555176,124.77507019043,3.57031154632568,21.7235088348389,2.62314200401306,UKRUKRUKRUKRUKRUKRUKRUKRUKRUKRUKRUKRUKRUKR,2014,KGZ,417,804,1,1,6,2,0,3417.10205078125,3253.521,3417.10205078125,3230.215,1,0,0,1,0,0,2,2,1,1,1,1,0,0,0,0,0,,,"",1,1,,,5835.5,45271.946,7468096.512,133503410.176,1.27999997138977,2.94899988174439,1,1,1,1,19557845.557,373405239.852,3.352,8.684,5774.56591796875,44883.42578125,20881824,457878656,0,0,1,1,0,0,1,1,4,2.3,1.2,4,6,10,21,14,27,4587.403,4304.568,5254.409,3753.248,4587.40283203125,4304.56591796875,18.4166660308838,29.1666660308838,22.5833339691162,29.4166660308838,23.75,29.25,11.3333330154419,75.5833358764649,37.3333320617676,13,26.9166660308838,2.5,18.4166660308838,35,26.5833339691162,37.4166679382324,19.75,11.6666669845581,5.75,20.5,21.6666660308838,40.5,39,25.6666660308838,3.5,41.8333320617676,40.3333320617676,30.1666660308838,39.3333320617676,12.1666669845581,0,42.5833320617676,0,0,28.9166660308838,43.9166679382324,27.0833339691162,45.4166679382324,22.9166660308838,37.9166679382324,46.8333320617676,23.3333339691162
2015,Ukraine,5,UKR,2.20690870285034,4.310959815979,3.77729296684265,4.91108894348145,26.1522579193115,138.064651489258,4.11399364471436,41.7999992370606,8.83054065704346,2.72516942024231,2.6393187046051,3.1818835735321,2.8573956489563,8.31497097015381,121.449821472168,3.74743604660034,23.3999996185303,0.961614012718201,UKRUKRUKRUKRUKRUKRUKRUKRUKRUKRUKRUKRUKRUKRUKR,2015,KGZ,417,804,1,1,6,2,0,3417.10205078125,3253.521,3417.10205078125,3230.215,1,0,0,1,0,0,2,2,1,1,1,1,0,0,0,0,0,,,"",1,1,,,5956.9,45154.03,6678178.304,91030962.176,1.12100005149841,2.01600003242493,1,1,1,1,20534456.196,340537353.276,3.447,7.948,5865.40087890625,44657.703125,21694070,406552576,0,0,1,1,0,0,1,1,4,2.1,0.6,4,4,10,7,14,11,7941.85,5801.683,8026.831,3647.148,7941.84814453125,5801.68505859375,24.8333339691162,36.25,24.5,34.4166679382324,36.75,32.4166679382324,20.0833339691162,82.9166641235352,46.1666679382324,12.9166669845581,27.4166660308838,17,15.1666669845581,56.4166679382324,31.6666660308838,36.5833320617676,23.5833339691162,11.0833330154419,8.8333330154419,22.25,28.5833339691162,46.5833320617676,33.4166679382324,23.25,18.0833339691162,52.25,47.0833320617676,38,37.9166679382324,17.1666660308838,1.33333337306976,52.5,0,0,27.6666660308838,58.5833320617676,29.8333339691162,44.4166679382324,20.5833339691162,37.5,65.5,37.3333320617676
2016,Ukraine,8,UKR,2.43592238426209,4.15952301025391,3.70417094230652,4.62285232543945,24.6403427124023,144.082153320313,4.27710151672363,43.4000015258789,8.41709423065186,2.5555694103241,2.42670249938965,2.90579199790955,2.92807340621948,7.8772234916687,134.460861206055,3.5804762840271,28.2999992370605,4.15826463699341,UKRUKRUKRUKRUKRUKRUKRUKRUKRUKRUKRUKRUKRUKRUKRUKR,2016,KGZ,417,804,1,1,6,2,0,3417.10205078125,3253.521,3417.10205078125,3230.215,1,0,0,1,0,0,2,2,1,1,1,1,0,0,0,0,0,,,"",1,1,,,6082.7,45004.646,6551287.808,93270482.944,1.07700002193451,2.07200002670288,1,1,1,1,21600596.554,352977531.138,3.551,8.272,5955.73388671875,44438.625,23261980,406112192,0,0,1,1,0,0,1,1,4,2,0.5,4,4,10,5,14,9,3166.56,1773.575,3436.499,2341.431,3166.55908203125,1773.59997558594,22.25,33.5,30.25,33.4166679382324,55.0833320617676,35,18.1666660308838,72.4166641235352,44,12.6666669845581,23.75,13.1666669845581,20.25,41.0833320617676,42.9166679382324,33.8333320617676,22.9166660308838,9.75,10.5,18.4166660308838,25,41.75,28.25,32.5,15.1666669845581,56.5833320617676,46.75,38.8333320617676,26.1666660308838,15.5,5.08333349227905,62.5833320617676,23.1666660308838,21.75,23.25,53.0833320617676,21.8333339691162,49.4166679382324,16.4166660308838,30.0833339691162,54.6666679382324,31.9166660308838
2017,Ukraine,8,UKR,2.41012096405029,4.01436948776245,3.72112464904785,4.35103368759155,21.6154556274414,144.023178100586,4.30821514129639,49.2599983215332,11.8093481063843,2.48828196525574,2.37328195571899,2.88289928436279,3.23827862739563,7.14910078048706,132.797210693359,3.44337582588196,30.2470436096191,3.70605206489563,UKRUKRUKRUKRUKRUKRUKRUKRUKRUKRUKRUKRUKRUKRUKRUKRUKR,2017,KGZ,417,804,1,1,6,2,0,3417.10205078125,3253.521,3417.10205078125,3230.215,1,0,0,1,0,0,2,2,1,1,1,1,0,0,0,0,0,,,"",1,1,,,6198.2,44831.135,7702934.8,112190355.158,1.24300003051758,2.50300002098084,,,,,31280403.475,504350302.211,5.047,11.871,6045.1171875,44222.9453125,24668016,431301664,0,0,1,1,0,0,1,1,4,2.1,0.8,4,6,10,6.5,14,12.5,3545.238,2998.583,5210.31,3039.834,3545.23608398438,2860.07104492188,25.4166660308838,37.5833320617676,35.3333320617676,36.5833320617676,52.0833320617676,44.8333320617676,13.5,61.3333320617676,45.4166679382324,14.8333330154419,26.3333339691162,25.1666660308838,25.75,16.9166660308838,48.6666679382324,32.0833320617676,21.5833339691162,16.25,19,22.8333339691162,44.5833320617676,55.25,28.3333339691162,22.5833339691162,34.1666679382324,51.0833320617676,42.8333320617676,42.5833320617676,25,18.5833339691162,19.1666660308838,69.3333358764649,47.6666679382324,53.9166679382324,18.4166660308838,66.1666641235352,20.0833339691162,49.25,14.5,37.8333320617676,33.4166679382324,33.75
2018,Ukraine,6,UKR,2.44421219825745,3.9435772895813,3.96051836013794,4.4853515625,19.764102935791,132.640762329102,4.08463048934937,52.4818077087402,11.9865274429321,2.65064430236816,2.44917559623718,3.0827796459198,3.64921760559082,6.59424352645874,131.376647949219,3.46028804779053,34.5,4.07612085342407,UKRUKRUKRUKRUKRUKRUKRUKRUKRUKRUKRUKRUKRUKRUKRUKRUKRUKR,2018,KGZ,417,804,1,1,6,2,0,3417.10205078125,3253.521,3417.10205078125,3230.215,1,0,0,1,0,0,2,2,1,1,1,1,0,0,0,0,0,,,"",1,1,,,6322.8,44622.517,8271108.638,130901858.422,1.30799996852875,2.93400001525879,,,,,33246519.089,534229292.917,5.258,12.629,,,,,0,0,1,1,0,0,1,1,4,1.9,0.6,4,6,10,6.5,14,12.5,6425.143,1521.23,6695.568,5680.732,6292.80078125,1521.22204589844,31,39.1666679382324,45.8333320617676,36.75,60,65.75,12.5833330154419,54.75,41.3333320617676,13.1666669845581,23,16.75,28.1666660308838,13.3333330154419,54.75,31.8333339691162,26,35.0833320617676,52.0833320617676,49.5833320617676,43.4166679382324,62.0833320617676,30.75,18,45.75,62.5,39.75,53.4166679382324,25.1666660308838,10.5833330154419,44.8333320617676,56.0833320617676,46.8333320617676,53.9166679382324,21.6666660308838,64.25,21.6666660308838,56.0833320617676,13.5833330154419,45.0833320617676,22.5,29.5833339691162
2011,USA,98,USA,5.69281482696533,4.75035810470581,5.7872257232666,6.17969799041748,49.259708404541,94.8341598510742,6.44037818908691,76.2392807006836,27.1046314239502,2.74021530151367,2.78811693191528,2.95336604118347,2.28780198097229,9.08992767333984,81.8489456176758,3.54306530952454,40.0271224975586,0.0956185460090637,USAUSAUSAUSAUSAUSAUSAUSAUSAUSAUSA,2011,KGZ,417,840,1,1,6,-5,0,10203.9892578125,10948.733,10492.8046875,10909.581,1,0,0,0,0.00559999980032444,0,2,3,1,2,0,0,0,0,0,0,0,,,"",0,0,,,5514.6,311582.55,6197766.144,15517900341.248,1.12399995326996,49.8030014038086,1,1,1,1,16105958.461,15517926000,2.921,49.791,5506.60107421875,311051.375,19088114,15623885824,0,1,1,1,0,0,0,0,6,3.5,1.4,4,6,14,5,18,11,635.792,2765.203,2877.382,2819.153,635.796020507813,2661.04809570313,12.3333330154419,29.5833339691162,4.25,46.5833320617676,0,19.3333339691162,26.3333339691162,36.4166679382324,45.9166679382324,10.6666669845581,15.4166669845581,0,12.6666669845581,18.5833339691162,44.0833320617676,37.25,10.3333330154419,21.6666660308838,6,47.25,5,29.5833339691162,68.0833358764649,8.3333330154419,0,23.6666660308838,48.5,36.9166679382324,3.66666674613953,28.8333339691162,0,20,0,0,23.0833339691162,33.5833320617676,33.4166679382324,20.9166660308838,59.3333320617676,29.9166660308838,13.5833330154419,4.08333349227905
2012,USA,77,USA,5.69482278823853,4.8235387802124,5.71405506134033,6.04078674316406,48.704517364502,89.8564529418945,6.2950963973999,79,26.3364143371582,2.84140229225159,2.72099304199219,2.96853947639465,3.06749057769775,9.41467952728271,91.8596801757812,3.49383044242859,20,0.288701832294464,USAUSAUSAUSAUSAUSAUSAUSAUSAUSAUSAUSA,2012,KGZ,417,840,1,1,6,-5,0,10203.9892578125,10948.733,10492.8046875,10909.581,1,0,0,0,0.00559999980032444,0,2,3,1,2,0,0,0,0,0,0,0,,,"",0,0,,,5607.2,313873.688,6605139.968,16163200303.104,1.17799997329712,51.4959983825684,1,1,1,1,16388179.551,16155255000,2.923,51.45,5594.10791015625,313335.40625,18061590,15983659008,0,1,1,1,0,0,0,0,6,2.8,1.4,4,6,14,5,18,11,2989.931,9450.673,5551.361,3688.812,2989.93188476563,9250.5947265625,10.0833330154419,25.75,16.6666660308838,31.5,16.25,15.9166669845581,7.91666650772095,51.0833320617676,42.9166679382324,10.6666669845581,15.0833330154419,8.3333330154419,7,5.58333349227905,29.6666660308838,44.75,13.5833330154419,27.8333339691162,2.58333325386047,28.0833339691162,14.5833330154419,26.25,52.8333320617676,20.8333339691162,0,24.3333339691162,33.9166679382324,44.8333320617676,26.4166660308838,4.5,0,38.5,0,0,33.8333320617676,16.9166660308838,23.9166660308838,7,33.6666679382324,49.8333320617676,6.75,17.1666660308838
2013,USA,47,USA,5.66375637054443,4.83093452453613,5.7888331413269,6.01915121078491,47.9102554321289,105.913597106934,6.30352306365967,77.8630218505859,28.7461528778076,2.48284363746643,2.29857015609741,2.9395809173584,2.90450477600098,8.90111923217773,104.829231262207,3.62047672271729,20,0.296703994274139,USAUSAUSAUSAUSAUSAUSAUSAUSAUSAUSAUSAUSA,2013,KGZ,417,840,1,1,6,-5,0,10203.9892578125,10948.733,10492.8046875,10909.581,1,0,0,0,0.00559999980032444,0,2,3,1,2,0,0,0,0,0,0,0,,,"",0,0,,,5719.5,316128.845,7226303.488,16768099680.256,1.26300001144409,53.0419998168945,1,1,1,1,18470586.534,16691517000,3.229,52.787,5683.80810546875,315536.6875,19626012,16270135296,0,1,1,1,0,0,0,0,6,2.7,1.2,4,6,10,6.2,14,12.1999998092651,4480.19,3673.658,5316.713,1783.146,4480.18798828125,3524.57690429688,12.25,24.0833339691162,20.5,28.3333339691162,20.3333339691162,24.3333339691162,22.0833339691162,59.25,38,11.3333330154419,19.6666660308838,12.3333330154419,19.1666660308838,7.25,22.6666660308838,43.0833320617676,15.75,7.58333349227905,4.33333349227905,19.75,8.66666698455811,33.6666679382324,43.8333320617676,10.6666669845581,0,28.75,29.75,37.0833320617676,35.75,7.75,0,48.6666679382324,0,0,35.4166679382324,32.0833320617676,19.75,18.0833339691162,34.5,35.1666679382324,14.5833330154419,25
2014,USA,45,USA,5.68445301055908,4.88993072509766,5.94841814041138,6.19164085388184,44.016414642334,98.1661071777344,6.42670917510986,81.0251998901367,28.0311717987061,2.52961301803589,2.5008008480072,3.0897011756897,2.68454527854919,8.97293281555176,124.77507019043,3.57031154632568,21.7235088348389,2.62314200401306,USAUSAUSAUSAUSAUSAUSAUSAUSAUSAUSAUSAUSAUSA,2014,KGZ,417,840,1,1,6,-5,0,10203.9892578125,10948.733,10492.8046875,10909.581,1,0,0,0,0.00559999980032444,0,2,3,1,2,0,0,0,0,0,0,0,,,"",0,0,,,5835.5,318563.446,7468096.512,17393103405.056,1.27999997138977,54.5989990234375,1,1,1,1,19557845.557,17393103000,3.352,54.599,5774.56591796875,317718.78125,20881824,16721713152,0,1,1,1,0,0,0,0,6,2.3,1.2,4,6,10,5.6,14,11.6000003814697,2457.685,2472.859,3385.336,2858.962,2457.68408203125,2360.4150390625,18.4166660308838,29.1666660308838,22.5833339691162,29.4166660308838,23.75,29.25,11.3333330154419,75.5833358764649,37.3333320617676,13,26.9166660308838,2.5,18.4166660308838,35,26.5833339691162,37.4166679382324,19.75,11.6666669845581,5.75,20.5,21.6666660308838,40.5,39,25.6666660308838,3.5,41.8333320617676,40.3333320617676,30.1666660308838,39.3333320617676,12.1666669845581,0,42.5833320617676,0,0,28.9166660308838,43.9166679382324,27.0833339691162,45.4166679382324,22.9166660308838,37.9166679382324,46.8333320617676,23.3333339691162
2015,USA,50,USA,5.69363927841187,4.89402961730957,6.0529727935791,6.28626585006714,42.2248687744141,95.5295486450195,6.51313734054565,84.1999969482422,28.539852142334,2.72516942024231,2.6393187046051,3.1818835735321,2.8573956489563,8.31497097015381,121.449821472168,3.74743604660034,23.3999996185303,0.961614012718201,USAUSAUSAUSAUSAUSAUSAUSAUSAUSAUSAUSAUSAUSAUSA,2015,KGZ,417,840,1,1,6,-5,0,10203.9892578125,10948.733,10492.8046875,10909.581,1,0,0,0,0.00559999980032444,0,2,3,1,2,0,0,0,0,0,0,0,,,"",0,0,,,5956.9,320896.606,6678178.304,18036648050.688,1.12100005149841,56.2070007324219,1,1,1,1,20534456.196,18036648000,3.447,56.207,5865.40087890625,319929.15625,21694070,17240649728,0,1,1,1,0,0,0,0,6,2.1,1.1,4,6,10,5.6,14,11.6000003814697,1140.16,15995.069,15803.691,15757.786,1140.15600585938,15795.8486328125,24.8333339691162,36.25,24.5,34.4166679382324,36.75,32.4166679382324,20.0833339691162,82.9166641235352,46.1666679382324,12.9166669845581,27.4166660308838,17,15.1666669845581,56.4166679382324,31.6666660308838,36.5833320617676,23.5833339691162,11.0833330154419,8.8333330154419,22.25,28.5833339691162,46.5833320617676,33.4166679382324,23.25,18.0833339691162,52.25,47.0833320617676,38,37.9166679382324,17.1666660308838,1.33333337306976,52.5,0,0,27.6666660308838,58.5833320617676,29.8333339691162,44.4166679382324,20.5833339691162,37.5,65.5,37.3333320617676
2016,USA,57,USA,5.70057058334351,5.02357482910156,6.21373558044434,6.44442319869995,40.1192245483399,98.4068603515625,6.54435539245606,87.3600006103516,30.3738880157471,2.5555694103241,2.42670249938965,2.90579199790955,2.92807340621948,7.8772234916687,134.460861206055,3.5804762840271,28.2999992370605,4.15826463699341,USAUSAUSAUSAUSAUSAUSAUSAUSAUSAUSAUSAUSAUSAUSAUSA,2016,KGZ,417,840,1,1,6,-5,0,10203.9892578125,10948.733,10492.8046875,10909.581,1,0,0,0,0.00559999980032444,0,2,3,1,2,0,0,0,0,0,0,0,,,"",0,0,,,6082.7,323127.502,6551287.808,18569100263.424,1.07700002193451,57.4669990539551,1,1,1,1,21600596.554,18569100000,3.551,57.467,5955.73388671875,322179.59375,23261980,17497335808,0,1,1,1,0,0,0,0,6,2,1.1,4,6,10,5.6,14,11.6000003814697,433.34,3455.588,3186.141,3141.619,433.343994140625,3204.27294921875,22.25,33.5,30.25,33.4166679382324,55.0833320617676,35,18.1666660308838,72.4166641235352,44,12.6666669845581,23.75,13.1666669845581,20.25,41.0833320617676,42.9166679382324,33.8333320617676,22.9166660308838,9.75,10.5,18.4166660308838,25,41.75,28.25,32.5,15.1666669845581,56.5833320617676,46.75,38.8333320617676,26.1666660308838,15.5,5.08333349227905,62.5833320617676,23.1666660308838,21.75,23.25,53.0833320617676,21.8333339691162,49.4166679382324,16.4166660308838,30.0833339691162,54.6666679382324,31.9166660308838
2017,USA,18,USA,5.61339712142944,5.12657070159912,6.09076738357544,6.47313976287842,37.5209579467773,117.58674621582,6.5405421257019,74.5500030517578,31.5310020446777,2.48828196525574,2.37328195571899,2.88289928436279,3.23827862739563,7.14910078048706,132.797210693359,3.44337582588196,30.2470436096191,3.70605206489563,USAUSAUSAUSAUSAUSAUSAUSAUSAUSAUSAUSAUSAUSAUSAUSAUSA,2017,KGZ,417,840,1,1,6,-5,0,10203.9892578125,10948.733,10492.8046875,10909.581,1,0,0,0,0.00559999980032444,0,2,3,1,2,0,0,0,0,0,0,0,,,"",0,0,,,6198.2,324985.535,7702934.8,19519353692,1.24300003051758,60.0620002746582,,,,,31280403.475,19519353692,5.047,60.062,6045.1171875,324459.46875,24668016,17928570880,0,1,1,1,0,0,0,0,6,2.1,1.1,4,6,10,5.6,14,11.6000003814697,952.737,6757.225,6746.717,6508.67,952.739990234375,6458.68798828125,25.4166660308838,37.5833320617676,35.3333320617676,36.5833320617676,52.0833320617676,44.8333320617676,13.5,61.3333320617676,45.4166679382324,14.8333330154419,26.3333339691162,25.1666660308838,25.75,16.9166660308838,48.6666679382324,32.0833320617676,21.5833339691162,16.25,19,22.8333339691162,44.5833320617676,55.25,28.3333339691162,22.5833339691162,34.1666679382324,51.0833320617676,42.8333320617676,42.5833320617676,25,18.5833339691162,19.1666660308838,69.3333358764649,47.6666679382324,53.9166679382324,18.4166660308838,66.1666641235352,20.0833339691162,49.25,14.5,37.8333320617676,33.4166679382324,33.75
2018,USA,44,USA,5.73350048065186,5.48313713073731,6.00092506408691,6.24075984954834,37.0868682861328,127.157936096191,6.46220970153809,76.1767349243164,32.3696060180664,2.65064430236816,2.44917559623718,3.0827796459198,3.64921760559082,6.59424352645874,131.376647949219,3.46028804779053,34.5,4.07612085342407,USAUSAUSAUSAUSAUSAUSAUSAUSAUSAUSAUSAUSAUSAUSAUSAUSAUSA,2018,KGZ,417,840,1,1,6,-5,0,10203.9892578125,10948.733,10492.8046875,10909.581,1,0,0,0,0.00559999980032444,0,2,3,1,2,0,0,0,0,0,0,0,,,"",0,0,,,6322.8,326687.5,8271108.638,20580159776,1.30799996852875,62.9959983825684,,,,,33246519.089,20580159776,5.258,62.996,,,,,0,1,1,1,0,0,0,0,6,1.9,1,4,6,10,5.6,14,11.6000003814697,1891.791,7742.651,8165.577,7573.804,1700,7373.43994140625,31,39.1666679382324,45.8333320617676,36.75,60,65.75,12.5833330154419,54.75,41.3333320617676,13.1666669845581,23,16.75,28.1666660308838,13.3333330154419,54.75,31.8333339691162,26,35.0833320617676,52.0833320617676,49.5833320617676,43.4166679382324,62.0833320617676,30.75,18,45.75,62.5,39.75,53.4166679382324,25.1666660308838,10.5833330154419,44.8333320617676,56.0833320617676,46.8333320617676,53.9166679382324,21.6666660308838,64.25,21.6666660308838,56.0833320617676,13.5833330154419,45.0833320617676,22.5,29.5833339691162
