years,country,migration,iso3_d,AZE,DEU,KAZ,RUS,TJK,UKR,USA,road_quality_destination,railroad_quality_destination,airtr_quality_destination,electricity_quality_destination,fixedtel_destination,mobile_destination,technology_destination,internet_destination,fxinternet_destination,road_origin,railroad_origin,airtr_origin,electr_origin,fexedtel_origin,mobile_origin,technology_origin,internet_origin,fxinternet_origin,country_code_merge,year,iso3_o,iso3num_o,iso3num_d,country_exists_o,country_exists_d,gmt_offset_2020_o,gmt_offset_2020_d,contig,dist,distw,distcap,distwces,dist_source,comlang_off,comlang_ethno,comcol,comrelig,col45,legal_old_o,legal_old_d,legal_new_o,legal_new_d,comleg_pretrans,comleg_posttrans,transition_legalchange,heg_o,heg_d,col_dep_ever,col_dep,col_dep_end_year,col_dep_end_conflict,empire,sibling_ever,sibling,sever_year,sib_conflict,pop_o,pop_d,gdp_o,gdp_d,gdpcap_o,gdpcap_d,pop_source_o,pop_source_d,gdp_source_o,gdp_source_d,gdp_ppp_o,gdp_ppp_d,gdpcap_ppp_o,gdpcap_ppp_d,pop_pwt_o,pop_pwt_d,gdp_ppp_pwt_o,gdp_ppp_pwt_d,gatt_o,gatt_d,wto_o,wto_d,eu_o,eu_d,rta,rta_coverage,rta_type,entry_cost_o,entry_cost_d,entry_proc_o,entry_proc_d,entry_time_o,entry_time_d,entry_tp_o,entry_tp_d,tradeflow_comtrade_o,tradeflow_comtrade_d,tradeflow_baci,manuf_tradeflow_baci,tradeflow_imf_o,tradeflow_imf_d,GTI1,GTI2,GTI3,GTI4,GTI5,GTI6,GTI7,GTI8,GTI9,GTI10,GTI11,GTI12,GTI13,GTI14,GTI15,GTI16,GTI17,GTI18,GTI19,GTI20,GTI21,GTI22,GTI23,GTI24,GTI25,GTI26,GTI27,GTI28,GTI29,GTI30,GTI31,GTI32,GTI33,GTI34,GTI35,GTI36,GTI37,GTI38,GTI39,GTI40,GTI41,GTI42,BX.GSR.CCIS.CD,BX.GSR.CCIS.ZS,BX.TRF.PWKR.CD.DT,EG.ELC.COAL.ZS,EG.ELC.HYRO.ZS,EG.ELC.LOSS.ZS,EG.ELC.NGAS.ZS,EG.ELC.NUCL.ZS,EG.ELC.PETR.ZS,EG.USE.ELEC.KH.PC,ER.H2O.FWAG.ZS,ER.H2O.FWDM.ZS,ER.H2O.FWIN.ZS,ER.H2O.FWTL.K3,ER.H2O.FWTL.ZS,ER.H2O.INTR.K3,ER.H2O.INTR.PC,IE.PPI.ENGY.CD,IE.PPI.ICTI.CD,IE.PPI.TRAN.CD,IE.PPI.WATR.CD,IE.PPN.ENGY.CD,IE.PPN.TRAN.CD,IE.PPN.WATR.CD,IP.IDS.NRCT,IP.IDS.RSCT,IP.TMK.NRCT,IP.TMK.RSCT,IQ.SPI.PIL5,IS.AIR.DPRT,IS.AIR.GOOD.MT.K1,IS.AIR.PSGR,IS.RRS.GOOD.MT.K6,IS.RRS.PASG.KM,IS.RRS.TOTL.KM,IS.SHP.GCNW.XQ,IS.SHP.GOOD.TU,IT.CEL.SETS,IT.CEL.SETS.P2,IT.MLT.MAIN,IT.MLT.MAIN.P2,IT.NET.BBND,IT.NET.BBND.P2,IT.NET.SECR,IT.NET.SECR.P6,IT.NET.USER.ZS,LP.LPI.INFR.XQ,NY.GDP.MKTP.KD,SL.UEM.TOTL.ZS,SP.POP.TOTL,TM.VAL.ICTG.ZS.UN,TX.VAL.ICTG.ZS.UN,oBX.GSR.CCIS.CD,oBX.GSR.CCIS.ZS,oBX.TRF.PWKR.CD.DT,oEG.ELC.COAL.ZS,oEG.ELC.HYRO.ZS,oEG.ELC.LOSS.ZS,oEG.ELC.NGAS.ZS,oEG.ELC.NUCL.ZS,oEG.ELC.PETR.ZS,oEG.USE.ELEC.KH.PC,oER.H2O.FWAG.ZS,oER.H2O.FWDM.ZS,oER.H2O.FWIN.ZS,oER.H2O.FWTL.K3,oER.H2O.FWTL.ZS,oER.H2O.INTR.K3,oER.H2O.INTR.PC,oIE.PPI.ENGY.CD,oIE.PPI.ICTI.CD,oIE.PPI.TRAN.CD,oIE.PPI.WATR.CD,oIE.PPN.ENGY.CD,oIE.PPN.TRAN.CD,oIE.PPN.WATR.CD,oIP.IDS.NRCT,oIP.IDS.RSCT,oIP.TMK.NRCT,oIP.TMK.RSCT,oIQ.SPI.PIL5,oIS.AIR.DPRT,oIS.AIR.GOOD.MT.K1,oIS.AIR.PSGR,oIS.RRS.GOOD.MT.K6,oIS.RRS.PASG.KM,oIS.RRS.TOTL.KM,oIS.SHP.GCNW.XQ,oIS.SHP.GOOD.TU,oIT.CEL.SETS,oIT.CEL.SETS.P2,oIT.MLT.MAIN,oIT.MLT.MAIN.P2,oIT.NET.BBND,oIT.NET.BBND.P2,oIT.NET.SECR,oIT.NET.SECR.P6,oIT.NET.USER.ZS,oLP.LPI.INFR.XQ,oNY.GDP.MKTP.KD,oSL.UEM.TOTL.ZS,oSP.POP.TOTL,oTM.VAL.ICTG.ZS.UN,oTX.VAL.ICTG.ZS.UN
2011,Azerbaijan,23,AZE,1,0,0,0,0,0,0,3.823988676,3.878594398,4.868334293,4.106383324,15.82068348,87.82800293,4.751653671,41.76718903,1.132224321,2.740215302,2.788116932,2.953366041,2.287801981,9.089927673,81.84894562,3.54306531,40.0271225,0.095618546,AZEAZEAZEAZEAZEAZEAZEAZEAZEAZEAZE,2011,KGZ,417,31,1,1,6,4,0,2067.73291,2125.873,2067.73291,2114.867,1,0,0,1,0.653800011,0,2,2,1,1,1,1,0,0,0,0,0,,,,1,1,,,5514.6,9173.082,6197766.144,65951625.22,1.123999953,7.190000057,1,1,1,1,16105958.46,144514131.5,2.921,15.754,5506.601074,9146.379883,19088114,155538160,0,0,1,0,0,0,1,1,4,3.5,2.7,4,6,14,8,18,14,1865.18,923.387,2143.158,1710.046,1865.18396,923.5,12.33333302,29.58333397,4.25,46.58333206,0,19.33333397,26.33333397,36.41666794,45.91666794,10.66666698,15.41666698,0,12.66666698,18.58333397,44.08333206,37.25,10.33333302,21.66666603,6,47.25,5,29.58333397,68.08333588,8.333333015,0,23.66666603,48.5,36.91666794,3.666666746,28.83333397,0,20,0,0,23.08333397,33.58333206,33.41666794,20.91666603,59.33333206,29.91666603,13.58333302,4.083333492,74563000,2.450708429,1893080000,0,13.1861634,19.57721494,85.1483197,0,1.665516902,1705.424633,0,0,0,0,0,0,0,0,0,0,0,0,0,0,608,27,0,0,0,15082,9.5921,1348414,7845,660,2079.3,0,0,10120105,110.6472854,1683876,18.41051138,973869,10.64771177,45,4.905657662,50,2.42,52077032844,5.42,9173082,3.458040033,0.003807888,16628943,1.933036159,1708694028,4.189207019,93.27747724,22.35783085,1.009367991,0,1.52394775,1649.258332,0,0,0,0,0,0,0,0,0,0,0,0,0,0,519,17,6679,271,0,9274,1.486294,526018.0125,798.3,82.8,417.2,0,0,6277108,113.758549,502020,9.097990149,39040,0.707512719,8,1.45069452,17.5,2.49,5079922897,8.53,5514600,3.82216916,0.238271609
2012,Azerbaijan,10,AZE,1,0,0,0,0,0,0,3.757130623,3.882966042,5.030099392,4.462067604,16.32602692,99.04457092,4.631509781,35.99000168,5.442009449,2.841402292,2.720993042,2.968539476,3.067490578,9.414679527,91.85968018,3.493830442,20,0.288701832,AZEAZEAZEAZEAZEAZEAZEAZEAZEAZEAZEAZE,2012,KGZ,417,31,1,1,6,4,0,2067.73291,2125.873,2067.73291,2114.867,1,0,0,1,0.653800011,0,2,2,1,1,1,1,0,0,0,0,0,,,,1,1,,,5607.2,9295.784,6605139.968,68730904.58,1.177999973,7.394000053,1,1,1,1,16388179.55,150414031.9,2.923,16.181,5594.10791,9264.916992,18061590,154490016,0,0,1,0,0,0,1,1,4,2.8,2.3,4,6,14,8,18,14,4905.667,2240.713,5275.391,4311.342,4905.671875,2240.800049,10.08333302,25.75,16.66666603,31.5,16.25,15.91666698,7.916666508,51.08333206,42.91666794,10.66666698,15.08333302,8.333333015,7,5.583333492,29.66666603,44.75,13.58333302,27.83333397,2.583333254,28.08333397,14.58333302,26.25,52.83333206,20.83333397,0,24.33333397,33.91666794,44.83333206,26.41666603,4.5,0,38.5,0,0,33.83333206,16.91666603,23.91666603,7,33.66666794,49.83333206,6.75,17.16666603,95365000,1.98315818,1990180000,0,7.921524274,14.65112232,89.89037759,0,2.188098138,2052.650965,74.24394319,4.083542189,25.9732665,11.97,147.5046211,8.115,872.9763945,0,0,0,0,0,0,0,671,23,9648,3615,0,16597,13.0443,1560084,8212,591,2068.1,0,0,10125200,109.2880368,1724004,18.60832503,1369594,14.78294152,100,10.75756493,54.2,2.42,53224258122,5.19,9295784,3.314398147,0.003032805,13232665,1.340198527,2031374213,4.799578059,93.47969409,22.15849156,0.534018987,0,1.186708861,1809.102582,92.68929504,2.924281984,4.386422977,7.707,15.75107296,48.93,8726.280497,0,0,0,0,0,0,0,576,50,6995,230,0,7719,0.78235,494640.4268,922.7,75.8,417.2,0,0,6797852,120.9243102,488853,8.69601336,54614,0.971506923,38,6.777000999,19.8,2.49,5075444934,8.43,5607200,2.343275262,0.078879333
2013,Azerbaijan,22,AZE,1,0,0,0,0,0,0,4.023323536,3.940627813,5.042105675,4.651460648,18.09447479,108.7479019,4.758219242,50,10.72783756,2.482843637,2.298570156,2.939580917,2.904504776,8.901119232,104.8292313,3.620476723,20,0.296703994,AZEAZEAZEAZEAZEAZEAZEAZEAZEAZEAZEAZEAZE,2013,KGZ,417,31,1,1,6,4,0,2067.73291,2125.873,2067.73291,2114.867,1,0,0,1,0.653800011,0,2,2,1,1,1,1,0,0,0,0,0,,,,1,1,,,5719.5,9416.598,7226303.488,73560481.79,1.263000011,7.811999798,1,1,1,1,18470586.53,161703059.6,3.229,17.172,5683.808105,9385.292969,19626012,156100320,0,0,1,0,0,0,1,1,4,2.7,1,4,3,10,7,14,10,4210.765,1767.107,4466.121,3547.539,4210.76416,1767.099976,12.25,24.08333397,20.5,28.33333397,20.33333397,24.33333397,22.08333397,59.25,38,11.33333302,19.66666603,12.33333302,19.16666603,7.25,22.66666603,43.08333206,15.75,7.583333492,4.333333492,19.75,8.666666985,33.66666794,43.83333206,10.66666698,0,28.75,29.75,37.08333206,35.75,7.75,0,48.66666794,0,0,35.41666794,32.08333206,19.75,18.08333397,34.5,35.16666794,14.58333302,25,113861000,2.756308941,1733168000,0,6.375781451,14.04898518,92.9648026,0,0.077074591,2092.536521,0,0,0,0,0,0,0,0,0,0,0,0,0,0,925,54,10503,3556,0,15886,17.9216,1651710,7958,609,2068.1,0,0,10130102,107.9339038,1757855,18.72954018,1712177,18.24285161,158,16.77852171,73.00000137,2.567143,56334372810,4.97,9416801,2.41319662,0.038362348,21877873,2.066770528,2277998114,5.609877953,93.47655414,20.27692527,0.192705731,0,0.72086218,1887.020071,0,0,0,0,0,0,0,0,0,0,0,0,0,0,797,14,7526,326,0,12189,0.59035,771165,1002,0,417,0,0,6737487,117.555938,461277,8.048379225,136200,2.376422953,44,7.692845654,23,2.2679855,5629453576,8.33,5719600,2.214600984,0.055729993
2014,Azerbaijan,25,AZE,1,0,0,0,0,0,0,3.985693932,3.933939219,5.098621845,4.847829819,18.40045738,107.4721298,5.045562744,54.20000076,13.79861832,2.529613018,2.500800848,3.089701176,2.684545279,8.972932816,124.7750702,3.570311546,21.72350883,2.623142004,AZEAZEAZEAZEAZEAZEAZEAZEAZEAZEAZEAZEAZEAZE,2014,KGZ,417,31,1,1,6,4,0,2067.73291,2125.873,2067.73291,2114.867,1,0,0,1,0.653800011,0,2,2,1,1,1,1,0,0,0,0,0,,,,1,1,,,5835.5,9535.079,7468096.512,75244167.17,1.279999971,7.890999794,1,1,1,1,19557845.56,167890075.3,3.352,17.608,5774.565918,9503.771484,20881824,155079552,0,0,1,0,0,0,1,1,4,2.3,3.1,4,3,10,5,14,8,3739.847,1702.69,3974.986,3725.5,3739.8479,1702.599976,18.41666603,29.16666603,22.58333397,29.41666603,23.75,29.25,11.33333302,75.58333588,37.33333206,13,26.91666603,2.5,18.41666603,35,26.58333397,37.41666794,19.75,11.66666698,5.75,20.5,21.66666603,40.5,39,25.66666603,3.5,41.83333206,40.33333206,30.16666603,39.33333206,12.16666698,0,42.58333206,0,0,28.91666603,43.91666794,27.08333397,45.41666794,22.91666603,37.91666794,46.83333206,23.33333397,127119000,2.95820892,1846424000,0,5.257198318,13.59996765,93.86120996,0,0.15771595,2202.393918,0,0,0,0,0,0,0,0,0,0,0,0,0,0,0,0,10649,3683,0,21910,385.14865,1770192,7371,612,2066.4,0,0,10552520,111.0134613,1795448,18.88827475,1898070,19.96786744,219,22.96782229,75.00001564,2.714286,57910375018,4.91,9535079,2.965310291,0.007817187,20849181,2.31464387,2242827292,7.363436728,91.2572056,23.73044194,0.80290969,0,0.576447982,1941.221832,0,0,0,0,0,0,0,40000000,0,0,0,0,0,0,714,48,6330,372,0,17388,0.237168,712284,1010,0,424,0,0,7563444,129.4106012,443184,7.582882599,170706,2.920781339,82,14.05192357,28.3,2.045971,5855984962,8.05,5835500,2.037129014,0.056549192
2015,Azerbaijan,7,AZE,1,0,0,0,0,0,0,3.959028006,3.814345121,5.032616138,4.897021294,18.6739254,107.6134109,5.003559589,58.70000076,17.03268242,2.72516942,2.639318705,3.181883574,2.857395649,8.31497097,121.4498215,3.747436047,23.39999962,0.961614013,AZEAZEAZEAZEAZEAZEAZEAZEAZEAZEAZEAZEAZEAZEAZE,2015,KGZ,417,31,1,1,6,4,0,2067.73291,2125.873,2067.73291,2114.867,1,0,0,1,0.653800011,0,2,2,1,1,1,1,0,0,0,0,0,,,,1,1,,,5956.9,9649.341,6678178.304,53074370.56,1.121000051,5.5,1,1,1,1,20534456.2,171563099.6,3.447,17.78,5865.400879,9617.484375,21694070,140595392,0,0,1,0,0,0,1,1,4,2.1,1.2,4,2,10,3,14,5,3802.816,1600.374,4268.779,3957.977,3802.812012,1604.099976,24.83333397,36.25,24.5,34.41666794,36.75,32.41666794,20.08333397,82.91666412,46.16666794,12.91666698,27.41666603,17,15.16666698,56.41666794,31.66666603,36.58333206,23.58333397,11.08333302,8.833333015,22.25,28.58333397,46.58333206,33.41666794,23.25,18.08333397,52.25,47.08333206,38,37.91666794,17.16666603,1.333333373,52.5,0,0,27.66666603,58.58333206,29.83333397,44.41666794,20.58333397,37.5,65.5,37.33333206,86814000,1.953516505,1269964000,0,6.630751782,0,86.08230719,0,6.509235256,0,0,0,0,0,0,0,0,0,0,0,0,0,0,0,1160,11,9305,2801,0,23781,686.94149,1803112,6210,495,2067.8,0,0,10697132,111.1650782,1796027,18.66439358,1899456,19.73923241,321,33.26652048,77,2.732143,58518171256,4.96,9649341,2.840696679,0.019239899,42524386,4.981863628,1687701982,13.21565618,85.18802763,0,1.304681504,0,0.291634689,0,0,0,0,0,0,0,0,0,0,0,0,0,0,0,904,21,6330,341,0,20962,0.06929,967629,918,41,424,0,0,7579439,127.1905538,408037,6.847268246,211521,3.549533564,136,22.83066696,30.24704278,2.0029855,6082952718,7.56,5956900,2.799089538,0.069321085
2016,Azerbaijan,5,AZE,1,0,0,0,0,0,0,3.959028006,3.814345121,5.032616138,4.897021294,18.86988258,110.905365,5.003559589,61,19.83281517,2.55556941,2.426702499,2.905791998,2.928073406,7.877223492,134.4608612,3.580476284,28.29999924,4.158264637,AZEAZEAZEAZEAZEAZEAZEAZEAZEAZEAZEAZEAZEAZEAZEAZE,2016,KGZ,417,31,1,1,6,4,0,2067.73291,2125.873,2067.73291,2114.867,1,0,0,1,0.653800011,0,2,2,1,1,1,1,0,0,0,0,0,,,,1,1,,,6082.7,9762.274,6551287.808,37847715.84,1.077000022,3.877000093,1,1,1,1,21600596.55,168431012.8,3.551,17.253,5955.733887,9725.375977,23261980,138429136,0,0,1,0,0,0,1,1,4,2,1.3,4,2,10,3,14,5,706.974,1087.369,855.633,838.263,706.9799805,1087.400024,22.25,33.5,30.25,33.41666794,55.08333206,35,18.16666603,72.41666412,44,12.66666698,23.75,13.16666698,20.25,41.08333206,42.91666794,33.83333206,22.91666603,9.75,10.5,18.41666603,25,41.75,28.25,32.5,15.16666698,56.58333206,46.75,38.83333206,26.16666603,15.5,5.083333492,62.58333206,23.16666603,21.75,23.25,53.08333206,21.83333397,49.41666794,16.41666603,30.08333397,54.66666794,31.91666603,72838000,1.667425926,643148000,0,0,0,0,0,0,0,0,0,0,0,0,0,0,0,0,0,0,0,0,0,699,22,8747,2817,60,24009,732.789755,1961639,5192,448,2074,0,0,10189000,104.6523726,1700233,17.46328565,1803662,18.52561662,994,101.8670989,78.2,2.75,56725409467,5,9757812,2.744462416,0.022704111,65799849,7.823715565,1994607958,0,0,0,0,0,0,0,0,0,0,0,0,0,0,0,0,0,0,0,0,0,460,17,6085,269,85,23120,0.088343,1015750,807,40.8,424,0,0,7613528,125.3393872,382149,6.291212364,240873,3.965424993,257,42.27321326,37,1.96,6346700783,7.21,6079500,3.130007198,0.371673953
2017,Azerbaijan,2,AZE,1,0,0,0,0,0,0,4.437806606,4.152112484,5.321289063,5.110563755,18.68412971,111.2826309,4.995773315,77,19.76010513,2.488281965,2.373281956,2.882899284,3.238278627,7.14910078,132.7972107,3.443375826,30.24704361,3.706052065,AZEAZEAZEAZEAZEAZEAZEAZEAZEAZEAZEAZEAZEAZEAZEAZEAZE,2017,KGZ,417,31,1,1,6,4,0,2067.73291,2125.873,2067.73291,2114.867,1,0,0,1,0.653800011,0,2,2,1,1,1,1,0,0,0,0,0,,,,1,1,,,6198.2,9854.033,7702934.8,40865558.91,1.243000031,4.146999836,,,,,31280403.48,139152809.9,5.047,14.121,6045.117188,9827.588867,24668016,145533712,0,0,1,0,0,0,1,1,4,2.1,1.6,4,3,10,3.5,14,6.5,1121.961,1156.841,1201.134,1157.077,1121.963989,1156.900024,25.41666603,37.58333206,35.33333206,36.58333206,52.08333206,44.83333206,13.5,61.33333206,45.41666794,14.83333302,26.33333397,25.16666603,25.75,16.91666603,48.66666794,32.08333206,21.58333397,16.25,19,22.83333397,44.58333206,55.25,28.33333397,22.58333397,34.16666794,51.08333206,42.83333206,42.58333206,25,18.58333397,19.16666603,69.33333588,47.66666794,53.91666794,18.41666603,66.16666412,20.08333397,49.25,14.5,37.83333206,33.41666794,33.75,66296000,1.414031408,1133371000,0,0,0,0,0,0,0,72.52613131,3.517556488,23.9563122,12.7816,157.5058534,8.115,823.5206844,0,0,0,0,0,0,0,825,114,9073,3077,70,20699,61.6255,2331308,4633,467,2132,0,0,10127000,102.8610548,1688325,17.14850305,1805214,18.3357575,2557,259.4876636,79,2.8,56812548004,5,9854033,3.74630748,0.019036279,39813681,4.833165121,2485778060,0,0,0,0,0,0,0,92.68929504,2.924281984,4.386422977,7.707,15.75107296,48.93,7894.227356,0,0,0,0,0,0,0,502,11,6989,519,85,27055,0.02165,1122951,935,43,424,0,0,8467966,136.8066442,362288,5.853047296,258013,4.16840274,639,103.0944468,38.19903776,2.17,6647530416,6.89,6198200,3.655667962,0.146529914
2018,Azerbaijan,9,AZE,1,0,0,0,0,0,0,4.781158924,4.689208031,5.611134052,5.491449356,17.51731873,106.2845688,5.21000576,78.19999695,18.58293533,2.650644302,2.449175596,3.082779646,3.649217606,6.594243526,131.3766479,3.460288048,34.5,4.076120853,AZEAZEAZEAZEAZEAZEAZEAZEAZEAZEAZEAZEAZEAZEAZEAZEAZEAZE,2018,KGZ,417,31,1,1,6,4,0,2067.73291,2125.873,2067.73291,2114.867,1,0,0,1,0.653800011,0,2,2,1,1,1,1,0,0,0,0,0,,,,1,1,,,6322.8,9939.771,8271108.638,47112941.18,1.307999969,4.739999771,,,,,33246519.09,144681286.3,5.258,14.556,,,,,0,0,1,0,0,0,1,1,4,1.9,1.3,4,3,10,3.5,14,6.5,1893.098,2049.164,2067.876,1748.153,1620.234009,2049.100098,31,39.16666794,45.83333206,36.75,60,65.75,12.58333302,54.75,41.33333206,13.16666698,23,16.75,28.16666603,13.33333302,54.75,31.83333397,26,35.08333206,52.08333206,49.58333206,43.41666794,62.08333206,30.75,18,45.75,62.5,39.75,53.41666794,25.16666603,10.58333302,44.83333206,56.08333206,46.83333206,53.91666794,21.66666603,64.25,21.66666603,56.08333206,13.58333302,45.08333206,22.5,29.58333397,52234879.43,1.082147342,1225790000,0,0,0,0,0,0,0,0,0,0,0,0,0,0,0,0,0,0,0,0,0,535,54,9254,3791,80,19960,44.0886,2279546,4492,466,2133.07,0,0,10339700,103.9214187,1681407,16.89934919,1890913,19.00503511,3274,329.383846,79.79999549,2.85,57664964444,4.9,9939771,4.573992421,0.022317699,0,0,2688570122,0,0,0,0,0,0,0,0,0,0,0,0,0,0,0,0,0,0,0,0,0,0,0,7728,552,70,8751,1.263266,1175000.704,949,35,424,0,0,8735246,138.5660601,331140,5.252830332,250612,3.975425244,1075,170.0196116,17.5,2.38,6897338635,6.79,6322800,3.851815148,0.139359784
2011,Germany,67,DEU,0,1,0,0,0,0,0,6.419997215,6.186187267,6.607145309,6.769693851,59.26977539,127.7890396,6.299530029,79.25817108,30.42596245,2.740215302,2.788116932,2.953366041,2.287801981,9.089927673,81.84894562,3.54306531,40.0271225,0.095618546,DEUDEUDEUDEUDEUDEUDEUDEUDEUDEUDEU,2011,KGZ,417,276,1,1,6,1,0,5016.01123,4848.92,4559.661133,4841.335,1,0,0,0,0.00014,0,2,4,1,3,0,0,0,0,0,0,0,,,,0,0,,,5514.6,81797.676,6197766.144,3752110064,1.123999953,45.87099838,1,1,1,1,16105958.46,3427141298,2.921,42.693,5506.601074,80933.98438,19088114,3443508224,0,1,1,1,0,1,0,0,6,3.5,4.8,4,9,14,14.5,18,23.5,9650.918,17712.855,13434.627,6361.95,9650.916992,17228.83594,12.33333302,29.58333397,4.25,46.58333206,0,19.33333397,26.33333397,36.41666794,45.91666794,10.66666698,15.41666698,0,12.66666698,18.58333397,44.08333206,37.25,10.33333302,21.66666603,6,47.25,5,29.58333397,68.08333588,8.333333015,0,23.66666603,48.5,36.91666794,3.666666746,28.83333397,0,20,0,0,23.08333397,33.58333206,33.41666794,20.91666603,59.33333206,29.91666603,13.58333302,4.083333492,23594695994,9.223449542,15337123635,44.8562978,2.910109547,4.08396846,14.36511492,17.7809653,1.179458128,7281.272174,0,0,0,0,0,0,0,0,0,0,0,0,0,0,12066,41848,24657,181142,0,1021899.939,7716.761903,107042775.8,113317,85414,33575.872,82.01372063,18323980,90900000,112.4225954,51400000,63.57009243,27257096,33.7108193,118157,1471.903146,81.26999954,3.555,3.53E+12,5.82,80274983,8.00396293,4.639753681,16628943,1.933036159,1708694028,4.189207019,93.27747724,22.35783085,1.009367991,0,1.52394775,1649.258332,0,0,0,0,0,0,0,0,0,0,0,0,0,0,519,17,6679,271,0,9274,1.486294,526018.0125,798.3,82.8,417.2,0,0,6277108,113.758549,502020,9.097990149,39040,0.707512719,8,1.45069452,17.5,2.435,5079922897,8.53,5514600,3.82216916,0.238271609
2012,Germany,86,DEU,0,1,0,0,0,0,0,6.153193951,5.742930889,6.451451778,6.690557957,55.40538788,127.0435791,6.175046921,81.85040283,31.5907917,2.841402292,2.720993042,2.968539476,3.067490578,9.414679527,91.85968018,3.493830442,20,0.288701832,DEUDEUDEUDEUDEUDEUDEUDEUDEUDEUDEUDEU,2012,KGZ,417,276,1,1,6,1,0,5016.01123,4848.92,4559.661133,4841.335,1,0,0,0,0.00014,0,2,4,1,3,0,0,0,0,0,0,0,,,,0,0,,,5607.2,80425.819,6605139.968,3533242368,1.177999973,43.93199921,1,1,1,1,16388179.55,3503682458,2.923,43.564,5594.10791,81066.23438,18061590,3475096576,0,1,1,1,0,1,0,0,6,2.8,5,4,9,14,14.5,18,23.5,16362.801,19879.307,18636.869,8033.658,16362.80273,19377.93945,10.08333302,25.75,16.66666603,31.5,16.25,15.91666698,7.916666508,51.08333206,42.91666794,10.66666698,15.08333302,8.333333015,7,5.583333492,29.66666603,44.75,13.58333302,27.83333397,2.583333254,28.08333397,14.58333302,26.25,52.83333206,20.83333397,0,24.33333397,33.91666794,44.83333206,26.41666603,4.5,0,38.5,0,0,33.83333206,16.91666603,23.91666603,7,33.66666794,49.83333206,6.75,17.16666603,25334533731,9.899622995,14637030444,46.01646898,3.487954492,3.937997621,12.4418407,15.94630907,1.222828265,7270.152523,1.78009171,19.32012128,78.89978701,27.88066667,26.05669782,107,1330.418465,0,0,0,0,0,0,0,12110,43323,20994,171297,0,985668.7692,7236.98063,105978474.5,110065,88796,33506,81.95198346,18449700,92400000,114.1126357,50100000,61.87276026,27956700,34.52611171,176527,2194.90449,82.34999847,4.26,3.54E+12,5.38,80425823,7.842577211,4.506822519,13232665,1.340198527,2031374213,4.799578059,93.47969409,22.15849156,0.534018987,0,1.186708861,1809.102582,92.68929504,2.924281984,4.386422977,7.707,15.75107296,48.93,8726.280497,0,0,0,0,0,0,0,576,50,6995,230,0,7719,0.78235,494640.4268,922.7,75.8,417.2,0,0,6797852,120.9243102,488853,8.69601336,54614,0.971506923,38,6.777000999,19.8,2.49,5075444934,8.43,5607200,2.343275262,0.078879333
2013,Germany,69,DEU,0,1,0,0,0,0,0,6.089252472,5.731664658,6.353451729,6.408926487,63.045784,132.2987823,6.267530918,83,32.47152328,2.482843637,2.298570156,2.939580917,2.904504776,8.901119232,104.8292313,3.620476723,20,0.296703994,DEUDEUDEUDEUDEUDEUDEUDEUDEUDEUDEUDEUDEU,2013,KGZ,417,276,1,1,6,1,0,5016.01123,4848.92,4559.661133,4841.335,1,0,0,0,0.00014,0,2,4,1,3,0,0,0,0,0,0,0,,,,0,0,,,5719.5,80621.788,7226303.488,3730260623,1.263000011,46.26900101,1,1,1,1,18470586.53,3647777961,3.229,45.232,5683.808105,81265.14063,19626012,3515384832,0,1,1,1,0,1,0,0,6,2.7,5,4,9,10,14.5,14,23.5,11216.357,15957.16,16505.443,5482.341,11216.35742,16256.64941,12.25,24.08333397,20.5,28.33333397,20.33333397,24.33333397,22.08333397,59.25,38,11.33333302,19.66666603,12.33333302,19.16666603,7.25,22.66666603,43.08333206,15.75,7.583333492,4.333333492,19.75,8.666666985,33.66666794,43.83333206,10.66666698,0,28.75,29.75,37.08333206,35.75,7.75,0,48.66666794,0,0,35.41666794,32.08333206,19.75,18.08333397,34.5,35.16666794,14.58333302,25,27281681763,9.855897016,16395715917,47.24122949,3.633491062,3.866686679,10.85986934,15.3710038,1.137223613,7217.529089,0,0,0,0,0,0,0,0,0,0,0,0,0,0,10440,46757,21053,172567,0,954874,7335.699402,109062321.5,112613,89615,33449,79.77711566,18932700,100034000,123.2334833,48700000,59.9943083,28641961,35.2844895,209774,2601.183288,84.17,4.2916475,3.56E+12,5.23,80645605,7.359182823,4.333128609,21877873,2.066770528,2277998114,5.609877953,93.47655414,20.27692527,0.192705731,0,0.72086218,1887.020071,0,0,0,0,0,0,0,0,0,0,0,0,0,0,797,14,7526,326,0,12189,0.59035,771165,1002,0,417,0,0,6737487,117.555938,461277,8.048379225,136200,2.376422953,44,7.692845654,23,2.2679855,5629453576,8.33,5719600,2.214600984,0.055729993
2014,Germany,65,DEU,0,1,0,0,0,0,0,6.008959293,5.724215508,6.081326008,6.148703575,61.83617783,131.3049164,6.287858009,84,34.03660202,2.529613018,2.500800848,3.089701176,2.684545279,8.972932816,124.7750702,3.570311546,21.72350883,2.623142004,DEUDEUDEUDEUDEUDEUDEUDEUDEUDEUDEUDEUDEUDEU,2014,KGZ,417,276,1,1,6,1,0,5016.01123,4848.92,4559.661133,4841.335,1,0,0,0,0.00014,0,2,4,1,3,0,0,0,0,0,0,0,,,,0,0,,,5835.5,80982.498,7468096.512,3879276642,1.279999971,47.90299988,1,1,1,1,19557845.56,3810887356,3.352,47.058,5774.565918,81489.66406,20881824,3621184768,0,1,1,1,0,1,0,0,6,2.3,8.9,4,9,10,14.5,14,23.5,8232.18,15987.134,11640.579,7031.605,8232.180664,16547.7168,18.41666603,29.16666603,22.58333397,29.41666603,23.75,29.25,11.33333302,75.58333588,37.33333206,13,26.91666603,2.5,18.41666603,35,26.58333397,37.41666794,19.75,11.66666698,5.75,20.5,21.66666603,40.5,39,25.66666603,3.5,41.83333206,40.33333206,30.16666603,39.33333206,12.16666698,0,42.58333206,0,0,28.91666603,43.91666794,27.08333397,45.41666794,22.91666603,37.91666794,46.83333206,23.33333397,29042341177,9.575155876,17075378095,45.8101933,3.149349292,3.884470799,10.01225203,15.61715155,0.909897771,7035.482975,0,0,0,0,0,0,0,0,0,0,0,0,0,0,13965,47189,20535,182820,0,946082,7184.146208,112353098.6,112629,90976,33426,84.20164386,19866700,99530000,122.1971002,47021000,57.72962772,29572818,36.30777257,271517,3352.786096,86.19,4.323295,3.64E+12,4.98,80982500,7.742427343,4.520062225,20849181,2.31464387,2242827292,7.363436728,91.2572056,23.73044194,0.80290969,0,0.576447982,1941.221832,0,0,0,0,0,0,0,40000000,0,0,0,0,0,0,714,48,6330,372,0,17388,0.237168,712284,1010,0,424,0,0,7563444,129.4106012,443184,7.582882599,170706,2.920781339,82,14.05192357,28.3,2.045971,5855984962,8.05,5835500,2.037129014,0.056549192
2015,Germany,89,DEU,0,1,0,0,0,0,0,5.875007629,5.661853313,5.940622807,6.141544342,58.86859131,119.0306015,6.189649105,83.96140289,34.57588577,2.72516942,2.639318705,3.181883574,2.857395649,8.31497097,121.4498215,3.747436047,23.39999962,0.961614013,DEUDEUDEUDEUDEUDEUDEUDEUDEUDEUDEUDEUDEUDEUDEU,2015,KGZ,417,276,1,1,6,1,0,5016.01123,4848.92,4559.661133,4841.335,1,0,0,0,0.00014,0,2,4,1,3,0,0,0,0,0,0,0,,,,0,0,,,5956.9,81686.607,6678178.304,3363599811,1.121000051,41.17699814,1,1,1,1,20534456.2,3920864425,3.447,47.999,5865.400879,81707.78906,21694070,3731792640,0,1,1,1,0,1,0,0,6,2.1,2,4,9,10,10.5,14,19.5,7026.257,14085.221,10073.861,5881.318,7026.257813,14305.93359,24.83333397,36.25,24.5,34.41666794,36.75,32.41666794,20.08333397,82.91666412,46.16666794,12.91666698,27.41666603,17,15.16666698,56.41666794,31.66666603,36.58333206,23.58333397,11.08333302,8.833333015,22.25,28.58333397,46.58333206,33.41666794,23.25,18.08333397,52.25,47.08333206,38,37.91666794,17.16666603,1.333333373,52.5,0,0,27.66666603,58.58333206,29.83333397,44.41666794,20.58333397,37.5,65.5,37.33333206,29433492590,10.47904252,15578082899,44.26280916,2.960682843,0,9.83155139,14.31992599,0.968692616,0,0,0,0,0,0,0,0,0,0,0,0,0,0,0,11173,45458,19619,190540,0,967453,6986.405445,117222850,116632,91603,33332,86.87080307,19238700,96360000,117.8176431,45350000,55.44863133,30707429,37.54542249,351083,4297.925887,87.58979935,4.3813255,3.69E+12,4.62,81686611,8.439838042,4.651619556,42524386,4.981863628,1687701982,13.21565618,85.18802763,0,1.304681504,0,0.291634689,0,0,0,0,0,0,0,0,0,0,0,0,0,0,0,904,21,6330,341,0,20962,0.06929,967629,918,41,424,0,0,7579439,127.1905538,408037,6.847268246,211521,3.549533564,136,22.83066696,30.24704278,2.0029855,6082952718,7.56,5956900,2.799089538,0.069321085
2016,Germany,121,DEU,0,1,0,0,0,0,0,5.715679646,5.57895565,5.950352192,6.387302399,56.89015961,120.4189835,6.223315716,86.19000244,35.77980804,2.55556941,2.426702499,2.905791998,2.928073406,7.877223492,134.4608612,3.580476284,28.29999924,4.158264637,DEUDEUDEUDEUDEUDEUDEUDEUDEUDEUDEUDEUDEUDEUDEUDEU,2016,KGZ,417,276,1,1,6,1,0,5016.01123,4848.92,4559.661133,4841.335,1,0,0,0,0.00014,0,2,4,1,3,0,0,0,0,0,0,0,,,,0,0,,,6082.7,82667.686,6551287.808,3466756882,1.077000022,41.93600082,1,1,1,1,21600596.55,4028362431,3.551,48.73,5955.733887,81914.67188,23261980,3846866944,0,1,1,1,0,1,0,0,6,2,1.9,4,9,10,10.5,14,19.5,6384.89,17052.869,12401.796,10542.024,6384.891113,17121.69531,22.25,33.5,30.25,33.41666794,55.08333206,35,18.16666603,72.41666412,44,12.66666698,23.75,13.16666698,20.25,41.08333206,42.91666794,33.83333206,22.91666603,9.75,10.5,18.41666603,25,41.75,28.25,32.5,15.16666698,56.58333206,46.75,38.83333206,26.16666603,15.5,5.083333492,62.58333206,23.16666603,21.75,23.25,53.08333206,21.83333397,49.41666794,16.41666603,30.08333397,54.66666794,31.91666603,33994516275,11.59588209,15197536776,0,0,0,0,0,0,0,0,0,0,0,0,0,0,0,0,0,0,0,0,0,9917,46216,19683,190216,95,962803,6942.706332,116713587,128866,94197,33380,88.01194228,19420700,103470000,125.8854564,45300000,55.1136675,31861900,38.76437445,957300,11624.9602,84.16520664,4.439356,3.78E+12,4.12,82348669,8.499590373,4.708548066,65799849,7.823715565,1994607958,0,0,0,0,0,0,0,0,0,0,0,0,0,0,0,0,0,0,0,0,0,460,17,6085,269,85,23120,0.088343,1015750,807,40.8,424,0,0,7613528,125.3393872,382149,6.291212364,240873,3.965424993,257,42.27321326,37,1.96,6346700783,7.21,6079500,3.130007198,0.371673953
2017,Germany,63,DEU,0,1,0,0,0,0,0,5.551636219,5.360685825,5.885861874,6.444921017,54.93083572,116.7122803,6.139057159,87.58979797,37.19265366,2.488281965,2.373281956,2.882899284,3.238278627,7.14910078,132.7972107,3.443375826,30.24704361,3.706052065,DEUDEUDEUDEUDEUDEUDEUDEUDEUDEUDEUDEUDEUDEUDEUDEUDEU,2017,KGZ,417,276,1,1,6,1,0,5016.01123,4848.92,4559.661133,4841.335,1,0,0,0,0.00014,0,2,4,1,3,0,0,0,0,0,0,0,,,,0,0,,,6198.2,82657.005,7702934.8,3682602480,1.243000031,44.5530014,,,,,31280403.48,4401873172,5.047,53.255,6045.117188,82114.22656,24668016,3994907648,0,1,1,1,0,1,0,0,6,2.1,6.8,4,9,10,8,14,17,4361.466,16646.547,9413.646,6831.703,4361.46582,15598.4834,25.41666603,37.58333206,35.33333206,36.58333206,52.08333206,44.83333206,13.5,61.33333206,45.41666794,14.83333302,26.33333397,25.16666603,25.75,16.91666603,48.66666794,32.08333206,21.58333397,16.25,19,22.83333397,44.58333206,55.25,28.33333397,22.58333397,34.16666794,51.08333206,42.83333206,42.58333206,25,18.58333397,19.16666603,69.33333588,47.66666794,53.91666794,18.41666603,66.16666412,20.08333397,49.25,14.5,37.83333206,33.41666794,33.75,37400463310,11.63065735,15688314346,0,0,0,0,0,0,0,1.226383825,17.95586328,80.8177529,24.443,22.84392523,107,1294.506181,0,0,0,0,0,0,0,6694,39121,22561,203252,95,955827,7901.652344,114160685,131204,95530,33488,83.5498086,19718530,109700000,132.7148699,44400000,53.71504308,33243300,40.21768674,2825322,34181.27844,84.3941537,4.404678,3.87E+12,3.75,82657002,8.777071489,4.955060267,39813681,4.833165121,2485778060,0,0,0,0,0,0,0,92.68929504,2.924281984,4.386422977,7.707,15.75107296,48.93,7894.227356,0,0,0,0,0,0,0,502,11,6989,519,85,27055,0.02165,1122951,935,43,424,0,0,8467966,136.8066442,362288,5.853047296,258013,4.16840274,639,103.0944468,38.19903776,2.17,6647530416,6.89,6198200,3.655667962,0.146529914
2018,Germany,138,DEU,0,1,0,0,0,0,0,5.509500504,5.50006628,5.762544632,6.175892353,53.73950577,114.5288162,6.066233635,89.64710236,38.05448151,2.650644302,2.449175596,3.082779646,3.649217606,6.594243526,131.3766479,3.460288048,34.5,4.076120853,DEUDEUDEUDEUDEUDEUDEUDEUDEUDEUDEUDEUDEUDEUDEUDEUDEUDEU,2018,KGZ,417,276,1,1,6,1,0,5016.01123,4848.92,4559.661133,4841.335,1,0,0,0,0.00014,0,2,4,1,3,0,0,0,0,0,0,0,,,,0,0,,,6322.8,82905.785,8271108.638,3963767526,1.307999969,47.81100082,,,,,33246519.09,4531047927,5.258,54.653,,,,,0,1,1,1,0,1,0,0,6,1.9,6.5,4,9,10,8,14,17,6168.033,15288.345,12433.228,10041.819,6340.956055,16006.78027,31,39.16666794,45.83333206,36.75,60,65.75,12.58333302,54.75,41.33333206,13.16666698,23,16.75,28.16666603,13.33333302,54.75,31.83333397,26,35.08333206,52.08333206,49.58333206,43.41666794,62.08333206,30.75,18,45.75,62.5,39.75,53.41666794,25.16666603,10.58333302,44.83333206,56.08333206,46.83333206,53.91666794,21.66666603,64.25,21.66666603,56.08333206,13.58333302,45.08333206,22.5,29.58333397,40780980849,12.38600561,16887715832,0,0,0,0,0,0,0,0,0,0,0,0,0,0,0,0,0,0,0,0,0,5661,38815,24198,195623,95,922648.6435,7969.86364,109796202.2,129991,98000,33440,87.4105272,19706500,107500000,129.3242137,42500000,51.12817752,34174900,41.11294951,4676435,56406.62071,87.03711209,4.37,3.92E+12,3.38,82905782,8.552275007,4.963000222,0,0,2688570122,0,0,0,0,0,0,0,0,0,0,0,0,0,0,0,0,0,0,0,0,0,0,0,7728,552,70,8751,1.263266,1175000.704,949,35,424,0,0,8735246,138.5660601,331140,5.252830332,250612,3.975425244,1075,170.0196116,38.19903776,2.38,6897338635,6.79,6322800,3.851815148,0.139359784
2011,Kazakhstan,3629,KAZ,0,0,1,0,0,0,0,2.443850517,3.994138718,3.943241119,4.145278454,24.06430435,95.89651489,4.355583191,33.89399719,8.747119904,2.740215302,2.788116932,2.953366041,2.287801981,9.089927673,81.84894562,3.54306531,40.0271225,0.095618546,KAZKAZKAZKAZKAZKAZKAZKAZKAZKAZKAZ,2011,KGZ,417,398,1,1,6,6,1,194.9779968,884.712,950.3400269,524.795,1,1,1,1,0.328999996,0,2,2,1,1,1,1,0,0,0,0,0,,,,1,1,,,5514.6,16556.601,6197766.144,188048965.6,1.123999953,11.3579998,1,1,1,1,16105958.46,352286473.3,2.921,21.278,5506.601074,16647.38086,19088114,366603936,0,0,1,0,0,0,1,1,1,3.5,0.8,4,7,14,25,18,32,289705.219,241961.078,263387.656,181733.734,289705.2188,241972.6875,12.33333302,29.58333397,4.25,46.58333206,0,19.33333397,26.33333397,36.41666794,45.91666794,10.66666698,15.41666698,0,12.66666698,18.58333397,44.08333206,37.25,10.33333302,21.66666603,6,47.25,5,29.58333397,68.08333588,8.333333015,0,23.66666603,48.5,36.91666794,3.666666746,28.83333397,0,20,0,0,23.08333397,33.58333206,33.41666794,20.91666603,59.33333206,29.91666603,13.58333302,4.083333492,103704604.6,2.390752017,179708290.7,81.09856097,9.10424318,7.353382764,9.170073684,0,0.627122168,4892.734896,0,0,0,0,0,0,0,28200000,0,0,0,0,0,0,121,136,0,0,0,40916,50.977,3786453.064,223583.5,16595.3,14319.4,0,0,25240800,153.0610945,4265800,25.86796049,1193400,7.236819365,91,5.49609771,50.6,3.485,1.59E+11,5.39,16557202,5.742580134,0.142425714,16628943,1.933036159,1708694028,4.189207019,93.27747724,22.35783085,1.009367991,0,1.52394775,1649.258332,0,0,0,0,0,0,0,0,0,0,0,0,0,0,519,17,6679,271,0,9274,1.486294,526018.0125,798.3,82.8,417.2,0,0,6277108,113.758549,502020,9.097990149,39040,0.707512719,8,1.45069452,17.5,2.435,5079922897,8.53,5514600,3.82216916,0.238271609
2012,Kazakhstan,3055,KAZ,0,0,1,0,0,0,0,2.504676104,3.915744066,3.886157036,3.923751116,25.03000259,123.3498535,4.414761066,34,5.284416676,2.841402292,2.720993042,2.968539476,3.067490578,9.414679527,91.85968018,3.493830442,20,0.288701832,KAZKAZKAZKAZKAZKAZKAZKAZKAZKAZKAZKAZ,2012,KGZ,417,398,1,1,6,6,1,194.9779968,884.712,950.3400269,524.795,1,1,1,1,0.328999996,0,2,2,1,1,1,1,0,0,0,0,0,,,,1,1,,,5607.2,16791.426,6605139.968,203517198.3,1.177999973,12.11999989,1,1,1,1,16388179.55,375997008.5,2.923,22.392,5594.10791,16921.17969,18061590,371928608,0,0,1,0,0,0,1,1,1,2.8,0.7,4,7,14,25,18,32,404930.563,333049.813,369636.156,288994.219,404930.5625,333045.2813,10.08333302,25.75,16.66666603,31.5,16.25,15.91666698,7.916666508,51.08333206,42.91666794,10.66666698,15.08333302,8.333333015,7,5.583333492,29.66666603,44.75,13.58333302,27.83333397,2.583333254,28.08333397,14.58333302,26.25,52.83333206,20.83333397,0,24.33333397,33.91666794,44.83333206,26.41666603,4.5,0,38.5,0,0,33.83333206,16.91666603,23.91666603,7,33.66666794,49.83333206,6.75,17.16666603,124362300,2.289898728,282984848.9,74.79341069,8.228018574,7.694711098,16.18345777,0,0.791880798,5180.65351,58.38085445,11.6247546,29.99439095,21.39,33.24009324,64.35,3832.161452,0,0,0,0,0,0,0,118,119,16526,6209,0,44580,53.977,4064819.023,235845.5,18498,14758.9,0,0,30235400,180.4934178,4361400,26.03583853,1637300,9.774035498,202,12.0294734,61.90662747,2.6,1.67E+11,5.29,16792090,5.812535888,0.441999197,13232665,1.340198527,2031374213,4.799578059,93.47969409,22.15849156,0.534018987,0,1.186708861,1809.102582,92.68929504,2.924281984,4.386422977,7.707,15.75107296,48.93,8726.280497,0,0,0,0,0,0,0,576,50,6995,230,0,7719,0.78235,494640.4268,922.7,75.8,417.2,0,0,6797852,120.9243102,488853,8.69601336,54614,0.971506923,38,6.777000999,19.8,2.49,5075444934,8.43,5607200,2.343275262,0.078879333
2013,Kazakhstan,2838,KAZ,0,0,1,0,0,0,0,2.744923353,4.263871193,4.09427309,4.447825432,26.14527893,142.5498657,4.641376019,45,7.501195431,2.482843637,2.298570156,2.939580917,2.904504776,8.901119232,104.8292313,3.620476723,20,0.296703994,KAZKAZKAZKAZKAZKAZKAZKAZKAZKAZKAZKAZKAZ,2013,KGZ,417,398,1,1,6,6,1,194.9779968,884.712,950.3400269,524.795,1,1,1,1,0.328999996,0,2,2,1,1,1,1,0,0,0,0,0,,,,1,1,,,5719.5,17037.508,7226303.488,231876280.3,1.263000011,13.60999966,1,1,1,1,18470586.53,404993550.1,3.229,23.774,5683.808105,17207.25586,19626012,400693344,0,0,1,0,0,0,1,1,1,2.7,0.6,4,7,10,18,14,25,382453.25,351151.031,384479.355,336770.813,382453.25,329136.3125,12.25,24.08333397,20.5,28.33333397,20.33333397,24.33333397,22.08333397,59.25,38,11.33333302,19.66666603,12.33333302,19.16666603,7.25,22.66666603,43.08333206,15.75,7.583333492,4.333333492,19.75,8.666666985,33.66666794,43.83333206,10.66666698,0,28.75,29.75,37.08333206,35.75,7.75,0,48.66666794,0,0,35.41666794,32.08333206,19.75,18.08333397,34.5,35.16666794,14.58333302,25,140646781.2,2.35566202,341405870.7,75.1944978,7.499563471,10.83949324,16.71710999,0,0.583008362,5345.468427,0,0,0,0,0,0,0,0,0,0,0,0,0,0,222,135,17919,7048,0,66108,58.199004,4785588,231248,19125,14767.1,0,0,30364900,178.3430714,4392000,25.79566439,1958823,11.50481346,296,17.3754286,63.30422443,2.4915115,1.77E+11,5.2,17035551,5.964423792,0.334389226,21877873,2.066770528,2277998114,5.609877953,93.47655414,20.27692527,0.192705731,0,0.72086218,1887.020071,0,0,0,0,0,0,0,0,0,0,0,0,0,0,797,14,7526,326,0,12189,0.59035,771165,1002,0,417,0,0,6737487,117.555938,461277,8.048379225,136200,2.376422953,44,7.692845654,23,2.2679855,5629453576,8.33,5719600,2.214600984,0.055729993
2014,Kazakhstan,1893,KAZ,0,0,1,0,0,0,0,2.814899921,4.406489849,4.092189312,4.755209446,26.49546051,175.3914795,4.620807171,53.31567001,9.719010353,2.529613018,2.500800848,3.089701176,2.684545279,8.972932816,124.7750702,3.570311546,21.72350883,2.623142004,KAZKAZKAZKAZKAZKAZKAZKAZKAZKAZKAZKAZKAZKAZ,2014,KGZ,417,398,1,1,6,6,1,194.9779968,884.712,950.3400269,524.795,1,1,1,1,0.328999996,0,2,2,1,1,1,1,0,0,0,0,0,,,,1,1,,,5835.5,17289.225,7468096.512,221415571.5,1.279999971,12.80700016,1,1,1,1,19557845.56,429558622,3.352,24.845,5774.565918,17487.7793,20881824,414176480,0,0,1,0,0,0,1,1,1,2.3,0.5,4,7,10,16,14,23,458906.813,351174.438,508827.637,459781.688,458906.8125,352227.9688,18.41666603,29.16666603,22.58333397,29.41666603,23.75,29.25,11.33333302,75.58333588,37.33333206,13,26.91666603,2.5,18.41666603,35,26.58333397,37.41666794,19.75,11.66666698,5.75,20.5,21.66666603,40.5,39,25.66666603,3.5,41.83333206,40.33333206,30.16666603,39.33333206,12.16666698,0,42.58333206,0,0,28.91666603,43.91666794,27.08333397,45.41666794,22.91666603,37.91666794,46.83333206,23.33333397,146111854.6,2.086571671,401380996.1,71.94769102,7.864430654,6.740396695,19.1999467,0,0.974606921,5600.208465,0,0,0,0,0,0,0,0,0,0,0,0,0,0,193,107,0,0,0,71220,44.61,4918608,216524,18317,14767.1,0,0,28595600,165.2675044,4353400,25.16035871,2148000,12.41430847,465,26.89682638,66,2.383023,1.84E+11,5.06,17288285,5.985464684,0.84256593,20849181,2.31464387,2242827292,7.363436728,91.2572056,23.73044194,0.80290969,0,0.576447982,1941.221832,0,0,0,0,0,0,0,40000000,0,0,0,0,0,0,714,48,6330,372,0,17388,0.237168,712284,1010,0,424,0,0,7563444,129.4106012,443184,7.582882599,170706,2.920781339,82,14.05192357,28.3,2.045971,5855984962,8.05,5835500,2.037129014,0.056549192
2015,Kazakhstan,1447,KAZ,0,0,1,0,0,0,0,2.982920885,4.207969666,4.026525021,4.680713654,26.66814995,180.5020752,4.388000011,54,11.60116768,2.72516942,2.639318705,3.181883574,2.857395649,8.31497097,121.4498215,3.747436047,23.39999962,0.961614013,KAZKAZKAZKAZKAZKAZKAZKAZKAZKAZKAZKAZKAZKAZKAZ,2015,KGZ,417,398,1,1,6,6,1,194.9779968,884.712,950.3400269,524.795,1,1,1,1,0.328999996,0,2,2,1,1,1,1,0,0,0,0,0,,,,1,1,,,5956.9,17544.127,6678178.304,184388436,1.121000051,10.51000023,1,1,1,1,20534456.2,439390495.4,3.447,25.045,5865.400879,17749.64648,21694070,385276160,0,0,1,1,0,0,1,3,2,2.1,0.5,4,6,10,11,14,17,227702.891,181995.063,205257.473,181115.172,227702.875,182013.3281,24.83333397,36.25,24.5,34.41666794,36.75,32.41666794,20.08333397,82.91666412,46.16666794,12.91666698,27.41666603,17,15.16666698,56.41666794,31.66666603,36.58333206,23.58333397,11.08333302,8.833333015,22.25,28.58333397,46.58333206,33.41666794,23.25,18.08333397,52.25,47.08333206,38,37.91666794,17.16666603,1.333333373,52.5,0,0,27.66666603,58.58333206,29.83333397,44.41666794,20.58333397,37.5,65.5,37.33333206,142220010,2.302251266,294269675.9,71.56892212,8.705902243,0,18.39332006,0,1.163729947,0,0,0,0,0,0,0,0,0,0,0,0,0,0,0,123,94,0,0,0,72486,37.669008,5081632,189759,17085,14767.1,0,0,26309300,149.7227182,4147800,23.60457673,2301000,13.09468418,845,48.16789287,70.8299336,2.572464,1.86E+11,4.93,17542806,4.889596818,0.185265848,42524386,4.981863628,1687701982,13.21565618,85.18802763,0,1.304681504,0,0.291634689,0,0,0,0,0,0,0,0,0,0,0,0,0,0,0,904,21,6330,341,0,20962,0.06929,967629,918,41,424,0,0,7579439,127.1905538,408037,6.847268246,211521,3.549533564,136,22.83066696,30.24704278,2.0029855,6082952718,7.56,5956900,2.799089538,0.069321085
2016,Kazakhstan,1341,KAZ,0,0,1,0,0,0,0,3.125197887,4.217630386,4.038244724,4.626849174,26.12291145,168.6229095,4.408805847,54.88999939,12.9343996,2.55556941,2.426702499,2.905791998,2.928073406,7.877223492,134.4608612,3.580476284,28.29999924,4.158264637,KAZKAZKAZKAZKAZKAZKAZKAZKAZKAZKAZKAZKAZKAZKAZKAZ,2016,KGZ,417,398,1,1,6,6,1,194.9779968,884.712,950.3400269,524.795,1,1,1,1,0.328999996,0,2,2,1,1,1,1,0,0,0,0,0,,,,1,1,,,6082.7,17797.031,6551287.808,133657083.9,1.077000022,7.510000229,1,1,1,1,21600596.55,449620839.3,3.551,25.264,5955.733887,17987.73633,23261980,386885344,0,0,1,1,0,0,1,3,2,2,0.3,4,5,10,9,14,14,151150.859,200579.516,225936.547,111815.43,151150.8594,231377.8906,22.25,33.5,30.25,33.41666794,55.08333206,35,18.16666603,72.41666412,44,12.66666698,23.75,13.16666698,20.25,41.08333206,42.91666794,33.83333206,22.91666603,9.75,10.5,18.41666603,25,41.75,28.25,32.5,15.16666698,56.58333206,46.75,38.83333206,26.16666603,15.5,5.083333492,62.58333206,23.16666603,21.75,23.25,53.08333206,21.83333397,49.41666794,16.41666603,30.08333397,54.66666794,31.91666603,124088872,2.039415955,384165377.8,0,0,0,0,0,0,0,0,0,0,0,0,0,0,0,0,0,0,0,0,0,150,89,14391,8491,70,73188,38.89446,5007869,188159,18165.1,15529,0,0,25534800,143.2053265,3931100,22.04655839,2349900,13.17880684,4701,264.1893599,74.58772647,2.761905,1.88E+11,4.96,17794055,5.198397261,0.155205855,65799849,7.823715565,1994607958,0,0,0,0,0,0,0,0,0,0,0,0,0,0,0,0,0,0,0,0,0,460,17,6085,269,85,23120,0.088343,1015750,807,40.8,424,0,0,7613528,125.3393872,382149,6.291212364,240873,3.965424993,257,42.27321326,37,1.96,6346700783,7.21,6079500,3.130007198,0.371673953
2017,Kazakhstan,1209,KAZ,0,0,1,0,0,0,0,3.024842024,4.261518002,4.00678587,4.547630787,24.70476723,187.1739044,4.324998379,72.86601257,13.0491457,2.488281965,2.373281956,2.882899284,3.238278627,7.14910078,132.7972107,3.443375826,30.24704361,3.706052065,KAZKAZKAZKAZKAZKAZKAZKAZKAZKAZKAZKAZKAZKAZKAZKAZKAZ,2017,KGZ,417,398,1,1,6,6,1,194.9779968,884.712,950.3400269,524.795,1,1,1,1,0.328999996,0,2,2,1,1,1,1,0,0,0,0,0,,,,1,1,,,6198.2,18037.777,7702934.8,166805800.6,1.243000031,9.248000145,,,,,31280403.48,448472613.7,5.047,24.863,6045.117188,18204.49805,24668016,408010944,0,0,1,1,0,0,1,3,2,2.1,0.3,4,5,10,9,14,14,265792.625,247768.109,377175.938,162714.594,266192.625,247721.9375,25.41666603,37.58333206,35.33333206,36.58333206,52.08333206,44.83333206,13.5,61.33333206,45.41666794,14.83333302,26.33333397,25.16666603,25.75,16.91666603,48.66666794,32.08333206,21.58333397,16.25,19,22.83333397,44.58333206,55.25,28.33333397,22.58333397,34.16666794,51.08333206,42.83333206,42.58333206,25,18.58333397,19.16666603,69.33333588,47.66666794,53.91666794,18.41666603,66.16666412,20.08333397,49.25,14.5,37.83333206,33.41666794,33.75,116302847.5,1.787932224,560420963.9,0,0,0,0,0,0,0,61.83796164,9.598789416,28.56324895,22.45,34.88733489,64.35,3567.512979,0,0,75000000,0,0,0,0,98,105,0,0,70,83048,49.5077,6903190,206258,19241.2,16040.3,0,0,26693300,147.6397785,3686600,20.3904653,2576100,14.24832573,22227,1232.247257,76.42674823,2.6559525,1.96E+11,4.9,18037776,5.849517426,0.125460948,39813681,4.833165121,2485778060,0,0,0,0,0,0,0,92.68929504,2.924281984,4.386422977,7.707,15.75107296,48.93,7894.227356,0,0,0,0,0,0,0,502,11,6989,519,85,27055,0.02165,1122951,935,43,424,0,0,8467966,136.8066442,362288,5.853047296,258013,4.16840274,639,103.0944468,38.19903776,2.17,6647530416,6.89,6198200,3.655667962,0.146529914
2018,Kazakhstan,1219,KAZ,0,0,1,0,0,0,0,2.88312459,4.143781662,4.003455162,4.579218864,23.21889877,149.9946442,4.130500317,76.80000305,13.6811409,2.650644302,2.449175596,3.082779646,3.649217606,6.594243526,131.3766479,3.460288048,34.5,4.076120853,KAZKAZKAZKAZKAZKAZKAZKAZKAZKAZKAZKAZKAZKAZKAZKAZKAZKAZ,2018,KGZ,417,398,1,1,6,6,1,194.9779968,884.712,950.3400269,524.795,1,1,1,1,0.328999996,0,2,2,1,1,1,1,0,0,0,0,0,,,,1,1,,,6322.8,18276.499,8271108.638,179339994.9,1.307999969,9.812999725,,,,,33246519.09,478232709,5.258,26.167,,,,,0,0,1,1,0,0,1,3,2,1.9,0.3,4,5,10,5,14,10,269950.656,243613.156,356371,176436.078,237028.7188,216686.0469,31,39.16666794,45.83333206,36.75,60,65.75,12.58333302,54.75,41.33333206,13.16666698,23,16.75,28.16666603,13.33333302,54.75,31.83333397,26,35.08333206,52.08333206,49.58333206,43.41666794,62.08333206,30.75,18,45.75,62.5,39.75,53.41666794,25.16666603,10.58333302,44.83333206,56.08333206,46.83333206,53.91666794,21.66666603,64.25,21.66666603,56.08333206,13.58333302,45.08333206,22.5,29.58333397,107896693.1,1.704869491,618039381,0,0,0,0,0,0,0,0,0,0,0,0,0,0,52400000,0,0,0,52400000,0,0,170,83,16876,10569,70,66693,49.64306,5920110,219927,19109.7,16060.8,0,0,26065600,142.2824428,3206100,17.50091077,2461300,13.43532382,25115,1374.172624,78.90391906,2.55,2.04E+11,4.85,18276452,5.991194905,0.112994364,0,0,2688570122,0,0,0,0,0,0,0,0,0,0,0,0,0,0,0,0,0,0,0,0,0,0,0,7728,552,70,8751,1.263266,1175000.704,949,35,424,0,0,8735246,138.5660601,331140,5.252830332,250612,3.975425244,1075,170.0196116,38.19903776,2.38,6897338635,6.79,6322800,3.851815148,0.139359784
2011,Russia,41558,RUS,0,0,0,1,0,0,0,2.443301201,4.085297108,3.839780807,4.332766533,31.80325127,163.6217957,4.172793865,42.37840271,9.157141685,2.740215302,2.788116932,2.953366041,2.287801981,9.089927673,81.84894562,3.54306531,40.0271225,0.095618546,RUSRUSRUSRUSRUSRUSRUSRUSRUSRUSRUS,2011,KGZ,417,643,1,1,6,3,0,2985.871094,2650.46,2985.871094,2466.348,1,1,1,0,0.079099998,1,2,2,1,1,1,1,0,0,0,0,0,,,,0,0,,,5514.6,142956.467,6197766.144,1904792961,1.123999953,13.32400036,1,1,1,1,16105958.46,3441692057,2.921,24.074,5506.601074,143264,19088114,3526680320,0,0,1,0,0,0,1,1,1,3.5,2.3,4,8,14,29,18,37,284418.906,290837.875,288241.023,214365.281,284418.9063,277840.2813,12.33333302,29.58333397,4.25,46.58333206,0,19.33333397,26.33333397,36.41666794,45.91666794,10.66666698,15.41666698,0,12.66666698,18.58333397,44.08333206,37.25,10.33333302,21.66666603,6,47.25,5,29.58333397,68.08333588,8.333333015,0,23.66666603,48.5,36.91666794,3.666666746,28.83333397,0,20,0,0,23.08333397,33.58333206,33.41666794,20.91666603,59.33333206,29.91666603,13.58333302,4.083333492,3101490000,5.34379778,6103270000,15.54215048,15.74965266,9.971690435,49.30688575,16.42363113,2.596863631,6485.75903,0,0,0,0,0,0,0,5255570000,0,4284600000,0,4795000000,0,0,3190,2887,58952,148200,0,596042,3900.12005,50555805,2127835,139742,85166,28.97890769,3857771,203751647,141.7866096,44151461,30.72409993,17634806,12.27170131,4126,28.86103661,49,2.5,1.59E+12,6.54,142960908,7.156679102,0.237297233,16628943,1.933036159,1708694028,4.189207019,93.27747724,22.35783085,1.009367991,0,1.52394775,1649.258332,0,0,0,0,0,0,0,0,0,0,0,0,0,0,519,17,6679,271,0,9274,1.486294,526018.0125,798.3,82.8,417.2,0,0,6277108,113.758549,502020,9.097990149,39040,0.707512719,8,1.45069452,17.5,2.435,5079922897,8.53,5514600,3.82216916,0.238271609
2012,Russia,9475,RUS,0,0,0,1,0,0,0,2.407030344,4.152114391,3.847066402,4.27879858,31.44887543,166.2648773,4.063732147,43,10.982234,2.841402292,2.720993042,2.968539476,3.067490578,9.414679527,91.85968018,3.493830442,20,0.288701832,RUSRUSRUSRUSRUSRUSRUSRUSRUSRUSRUSRUS,2012,KGZ,417,643,1,1,6,3,0,2985.871094,2650.46,2985.871094,2466.348,1,1,1,0,0.079099998,1,2,2,1,1,1,1,0,0,0,0,0,,,,0,0,,,5607.2,143177.994,6605139.968,2017470972,1.177999973,14.0909996,1,1,1,1,16388179.55,3625384675,2.923,25.317,5594.10791,143420.5938,18061590,3680220416,0,0,1,1,0,0,1,1,1,2.8,2,4,8,14,18,18,26,219116.109,195743.016,222476.695,140658.578,219116.1094,195743.0156,10.08333302,25.75,16.66666603,31.5,16.25,15.91666698,7.916666508,51.08333206,42.91666794,10.66666698,15.08333302,8.333333015,7,5.583333492,29.66666603,44.75,13.58333302,27.83333397,2.583333254,28.08333397,14.58333302,26.25,52.83333206,20.83333397,0,24.33333397,33.91666794,44.83333206,26.41666603,4.5,0,38.5,0,0,33.83333206,16.91666603,23.91666603,7,33.66666794,49.83333206,6.75,17.16666603,3493560000,5.604040551,5787730000,15.74945783,15.51444713,9.975283196,49.13219983,16.60262243,2.622805484,6617.134161,19.93957704,20.24169184,59.81873112,64,1.484230056,4312,30111.36996,464677000,0,3983900000,100000000,43000000,3900000000,100000000,4232,3638,64597,159564,0,636748,4132.144,58727125,2222389,144612,85248,45.08137414,4085286,208065063,144.4957561,42168388,29.28484494,20923296,14.53068301,8245,57.57612368,63.8,2.45,1.65E+12,5.44,143201721,7.497341894,0.313036602,13232665,1.340198527,2031374213,4.799578059,93.47969409,22.15849156,0.534018987,0,1.186708861,1809.102582,92.68929504,2.924281984,4.386422977,7.707,15.75107296,48.93,8726.280497,0,0,0,0,0,0,0,576,50,6995,230,0,7719,0.78235,494640.4268,922.7,75.8,417.2,0,0,6797852,120.9243102,488853,8.69601336,54614,0.971506923,38,6.777000999,19.8,2.49,5075444934,8.43,5607200,2.343275262,0.078879333
2013,Russia,8307,RUS,0,0,0,1,0,0,0,2.341438055,4.173511505,3.829140186,4.329588413,30.93155098,179.3087006,3.867372751,49,12.19802284,2.482843637,2.298570156,2.939580917,2.904504776,8.901119232,104.8292313,3.620476723,20,0.296703994,RUSRUSRUSRUSRUSRUSRUSRUSRUSRUSRUSRUSRUS,2013,KGZ,417,643,1,1,6,3,0,2985.871094,2650.46,2985.871094,2466.348,1,1,1,0,0.079099998,1,2,2,1,1,1,1,0,0,0,0,0,,,,0,0,,,5719.5,143499.863,7226303.488,2096777003,1.263000011,14.61200047,1,1,1,1,18470586.53,3656647941,3.229,25.481,5683.808105,143597.2344,19626012,3706853632,0,0,1,1,0,0,1,1,1,2.7,1.2,4,6,10,12.9,14,18.89999962,152700.656,110128.406,153625.32,73202.625,152700.6563,110128.4063,12.25,24.08333397,20.5,28.33333397,20.33333397,24.33333397,22.08333397,59.25,38,11.33333302,19.66666603,12.33333302,19.16666603,7.25,22.66666603,43.08333206,15.75,7.583333492,4.333333492,19.75,8.666666985,33.66666794,43.83333206,10.66666698,0,28.75,29.75,37.08333206,35.75,7.75,0,48.66666794,0,0,35.41666794,32.08333206,19.75,18.08333397,34.5,35.16666794,14.58333302,25,4163110000,5.93690956,6750810000,15.22169765,17.12867664,10.1167845,50.11152726,16.31144046,0.82196392,6539.207375,0,0,0,0,0,0,0,480000000,0,3100000,0,0,0,0,4285,2650,67367,168284,0,678071,4249.26882,64072322,2196217,138517,85266,45.10968214,5208600,218300372,151.2556334,40473148,28.0429739,23745346,16.45263962,11442,79.73130508,67.97,2.519971,1.68E+12,5.46,143506995,6.839560433,0.417815328,21877873,2.066770528,2277998114,5.609877953,93.47655414,20.27692527,0.192705731,0,0.72086218,1887.020071,0,0,0,0,0,0,0,0,0,0,0,0,0,0,797,14,7526,326,0,12189,0.59035,771165,1002,0,417,0,0,6737487,117.555938,461277,8.048379225,136200,2.376422953,44,7.692845654,23,2.2679855,5629453576,8.33,5719600,2.214600984,0.055729993
2014,Russia,9427,RUS,0,0,0,1,0,0,0,2.452641964,4.185405731,3.917056084,4.538122177,30.06399155,183.518219,3.970984697,53.27479935,14.47631168,2.529613018,2.500800848,3.089701176,2.684545279,8.972932816,124.7750702,3.570311546,21.72350883,2.623142004,RUSRUSRUSRUSRUSRUSRUSRUSRUSRUSRUSRUSRUSRUS,2014,KGZ,417,643,1,1,6,3,0,2985.871094,2650.46,2985.871094,2466.348,1,1,1,0,0.079099998,1,2,2,1,1,1,1,0,0,0,0,0,,,,0,0,,,5835.5,143819.672,7468096.512,2063662318,1.279999971,14.34899998,1,1,1,1,19557845.56,3721984707,3.352,25.477,5774.565918,143761.3906,20881824,3725785856,0,0,1,1,0,0,1,1,1,2.3,1.2,4,4,10,11.2,14,15.19999981,114145.273,70911.836,118359.434,42475.941,114145.2734,73840.10938,18.41666603,29.16666603,22.58333397,29.41666603,23.75,29.25,11.33333302,75.58333588,37.33333206,13,26.91666603,2.5,18.41666603,35,26.58333397,37.41666794,19.75,11.66666698,5.75,20.5,21.66666603,40.5,39,25.66666603,3.5,41.83333206,40.33333206,30.16666603,39.33333206,12.16666698,0,42.58333206,0,0,28.91666603,43.91666794,27.08333397,45.41666794,22.91666603,37.91666794,46.83333206,23.33333397,4503620000,6.850186229,7776540000,14.78792431,16.49831079,10.031412,50.21899913,17.0150979,1.006369942,6602.657479,0,0,0,0,0,0,0,723100000,0,0,0,262000000,0,0,4130,3183,61691,178024,0,747804,4413.55935,72189961,2300532,130027,0,47.4851988,5252000,221030353,152.7878864,38212576,26.41455639,24950550,17.24714162,17310,120.3590605,70.52,2.589942,1.70E+12,5.16,143819667,7.88483088,0.796785329,20849181,2.31464387,2242827292,7.363436728,91.2572056,23.73044194,0.80290969,0,0.576447982,1941.221832,0,0,0,0,0,0,0,40000000,0,0,0,0,0,0,714,48,6330,372,0,17388,0.237168,712284,1010,0,424,0,0,7563444,129.4106012,443184,7.582882599,170706,2.920781339,82,14.05192357,28.3,2.045971,5855984962,8.05,5835500,2.037129014,0.056549192
2015,Russia,6013,RUS,0,0,0,1,0,0,0,2.717167616,4.290863514,4.137876511,4.800619602,28.46762466,152.8353577,4.222738266,61.40000153,16.61677551,2.72516942,2.639318705,3.181883574,2.857395649,8.31497097,121.4498215,3.747436047,23.39999962,0.961614013,RUSRUSRUSRUSRUSRUSRUSRUSRUSRUSRUSRUSRUSRUSRUS,2015,KGZ,417,643,1,1,6,3,0,2985.871094,2650.46,2985.871094,2466.348,1,1,1,0,0.079099998,1,2,2,1,1,1,1,0,0,0,0,0,,,,0,0,,,5956.9,144096.863,6678178.304,1365865267,1.121000051,9.479000092,1,1,1,1,20534456.2,3470238622,3.447,23.703,5865.400879,143888,21694070,3453689856,0,0,1,1,0,0,1,3,2,2.1,1.1,4,4,10,10.5,14,14.5,157300.984,61885.891,78905.398,39725.051,157300.9688,71187.48438,24.83333397,36.25,24.5,34.41666794,36.75,32.41666794,20.08333397,82.91666412,46.16666794,12.91666698,27.41666603,17,15.16666698,56.41666794,31.66666603,36.58333206,23.58333397,11.08333302,8.833333015,22.25,28.58333397,46.58333206,33.41666794,23.25,18.08333397,52.25,47.08333206,38,37.91666794,17.16666603,1.333333373,52.5,0,0,27.66666603,58.58333206,29.83333397,44.41666794,20.58333397,37.5,65.5,37.33333206,3933500000,7.620719678,6903390000,14.82165832,15.76476859,0,49.71260943,0,0.946957789,0,0,0,0,0,0,0,0,282000000,0,1822200000,1200000000,282000000,1822200000,1200000000,3386,2616,57356,161696,0,767043,4761.04707,76846126,2305945,120644,85262,47.17393473,3909400,227288088,156.7665611,35553328,24.52206368,26881463,18.54085073,46313,321.4018459,70.09924123,2.5097325,1.66E+12,5.57,144096870,9.137801709,0.805552631,42524386,4.981863628,1687701982,13.21565618,85.18802763,0,1.304681504,0,0.291634689,0,0,0,0,0,0,0,0,0,0,0,0,0,0,0,904,21,6330,341,0,20962,0.06929,967629,918,41,424,0,0,7579439,127.1905538,408037,6.847268246,211521,3.549533564,136,22.83066696,30.24704278,2.0029855,6082952718,7.56,5956900,2.799089538,0.069321085
2016,Russia,5445,RUS,0,0,0,1,0,0,0,2.717167616,4.290863514,4.137876511,4.800619602,27.67361259,155.1442413,4.222738266,70.51999664,17.45323181,2.55556941,2.426702499,2.905791998,2.928073406,7.877223492,134.4608612,3.580476284,28.29999924,4.158264637,RUSRUSRUSRUSRUSRUSRUSRUSRUSRUSRUSRUSRUSRUSRUSRUS,2016,KGZ,417,643,1,1,6,3,0,2985.871094,2650.46,2985.871094,2466.348,1,1,1,0,0.079099998,1,2,2,1,1,1,1,0,0,0,0,0,,,,0,0,,,6082.7,144342.392,6551287.808,1283162374,1.077000022,8.890000343,1,1,1,1,21600596.55,3397368441,3.551,23.163,5955.733887,143964.5156,23261980,3275949312,0,0,1,1,0,0,1,3,2,2,1,4,4,10,9.8,14,13.80000019,145208.734,191101.766,191191.77,177422.781,145208.7344,176161.8125,22.25,33.5,30.25,33.41666794,55.08333206,35,18.16666603,72.41666412,44,12.66666698,23.75,13.16666698,20.25,41.08333206,42.91666794,33.83333206,22.91666603,9.75,10.5,18.41666603,25,41.75,28.25,32.5,15.16666698,56.58333206,46.75,38.83333206,26.16666603,15.5,5.083333492,62.58333206,23.16666603,21.75,23.25,53.08333206,21.83333397,49.41666794,16.41666603,30.08333397,54.66666794,31.91666603,3903720000,7.708219795,6688670000,0,0,0,0,0,0,0,0,0,0,0,0,0,0,207010000,0,79400000,0,207010000,79400000,0,3653,2912,58132,193213,75,746446,5863.19654,77458318,2344087,124620,85375,43.89130357,3923662,229126152,157.718498,32276615,22.21753909,27522702,18.94519321,168007,1163.947693,73.09143462,2.429523,1.67E+12,5.56,144342397,8.400065747,0.595100117,65799849,7.823715565,1994607958,0,0,0,0,0,0,0,0,0,0,0,0,0,0,0,0,0,0,0,0,0,460,17,6085,269,85,23120,0.088343,1015750,807,40.8,424,0,0,7613528,125.3393872,382149,6.291212364,240873,3.965424993,257,42.27321326,37,1.96,6346700783,7.21,6079500,3.130007198,0.371673953
2017,Russia,4453,RUS,0,0,0,1,0,0,0,2.774471045,4.439798832,4.442418098,5.038771629,25.70405006,159.9514923,4.422963619,73.41000366,18.77489281,2.488281965,2.373281956,2.882899284,3.238278627,7.14910078,132.7972107,3.443375826,30.24704361,3.706052065,RUSRUSRUSRUSRUSRUSRUSRUSRUSRUSRUSRUSRUSRUSRUSRUSRUS,2017,KGZ,417,643,1,1,6,3,0,2985.871094,2650.46,2985.871094,2466.348,1,1,1,0,0.079099998,1,2,2,1,1,1,1,0,0,0,0,0,,,,0,0,,,6198.2,144496.735,7702934.8,1574199387,1.243000031,10.89400005,,,,,31280403.48,3818780561,5.047,26.006,6045.117188,143989.7656,24668016,3395888384,0,0,1,1,0,0,1,3,2,2.1,1.1,4,4,10,10.1,14,14.10000038,262896.281,229656.281,283615.832,228442.141,265228.0938,190168.4219,25.41666603,37.58333206,35.33333206,36.58333206,52.08333206,44.83333206,13.5,61.33333206,45.41666794,14.83333302,26.33333397,25.16666603,25.75,16.91666603,48.66666794,32.08333206,21.58333397,16.25,19,22.83333397,44.58333206,55.25,28.33333397,22.58333397,34.16666794,51.08333206,42.83333206,42.58333206,25,18.58333397,19.16666603,69.33333588,47.66666794,53.91666794,18.41666603,66.16666412,20.08333397,49.25,14.5,37.83333206,33.41666794,33.75,4652750000,8.085918675,8235000000,0,0,0,0,0,0,0,28.97065673,27.49573048,43.53361279,64.41,1.493738404,4312,29841.5039,161000000,0,2037000000,0,127300000,2037000000,0,3601,3789,58301,233430,80,815708,6845.22951,89373638,2493428,123096,85545,41.16646265,4515300,227299663,156.187408,31952072,21.95564763,31103235,21.37237509,511677,3541.097215,76.00813853,2.6047615,1.70E+12,5.21,144496739,8.671640595,0.625231313,39813681,4.833165121,2485778060,0,0,0,0,0,0,0,92.68929504,2.924281984,4.386422977,7.707,15.75107296,48.93,7894.227356,0,0,0,0,0,0,0,502,11,6989,519,85,27055,0.02165,1122951,935,43,424,0,0,8467966,136.8066442,362288,5.853047296,258013,4.16840274,639,103.0944468,38.19903776,2.17,6647530416,6.89,6198200,3.655667962,0.146529914
2018,Russia,4972,RUS,0,0,0,1,0,0,0,2.896594048,4.549850941,4.637443542,5.115175247,22.77344894,163.2649231,4.414050102,76.40908813,19.46634483,2.650644302,2.449175596,3.082779646,3.649217606,6.594243526,131.3766479,3.460288048,34.5,4.076120853,RUSRUSRUSRUSRUSRUSRUSRUSRUSRUSRUSRUSRUSRUSRUSRUSRUSRUS,2018,KGZ,417,643,1,1,6,3,0,2985.871094,2650.46,2985.871094,2466.348,1,1,1,0,0.079099998,1,2,2,1,1,1,1,0,0,0,0,0,,,,0,0,,,6322.8,144477.859,8271108.638,1669583089,1.307999969,11.55599976,,,,,33246519.09,4223363715,5.258,28.764,,,,,0,0,1,1,0,0,1,3,2,1.9,1.1,4,4,10,10.1,14,14.10000038,349782.5,247053.484,387451.898,275538.594,281124.7188,240198.5313,31,39.16666794,45.83333206,36.75,60,65.75,12.58333302,54.75,41.33333206,13.16666698,23,16.75,28.16666603,13.33333302,54.75,31.83333397,26,35.08333206,52.08333206,49.58333206,43.41666794,62.08333206,30.75,18,45.75,62.5,39.75,53.41666794,25.16666603,10.58333302,44.83333206,56.08333206,46.83333206,53.91666794,21.66666603,64.25,21.66666603,56.08333206,13.58333302,45.08333206,22.5,29.58333397,4708975071,8.536433821,9287270000,0,0,0,0,0,0,0,0,0,0,0,0,0,0,487420000,0,1622700000,0,188700000,1622700000,0,5134,3823,59629,203854,80,885094,6810.61016,99327311,2597778,129542,85626,43.71101551,5059700,229431008,157.431312,30108289,20.65975074,32062780,22.0008863,749930,5190.622322,80.86472187,2.78,1.74E+12,4.85,144477859,9.906400418,0.470804037,0,0,2688570122,0,0,0,0,0,0,0,0,0,0,0,0,0,0,0,0,0,0,0,0,0,0,0,7728,552,70,8751,1.263266,1175000.704,949,35,424,0,0,8735246,138.5660601,331140,5.252830332,250612,3.975425244,1075,170.0196116,38.19903776,2.38,6897338635,6.79,6322800,3.851815148,0.139359784
2011,Tajikistan,46,TJK,0,0,0,0,1,0,0,2.959571838,3.214856863,3.77146101,2.634564638,4.171327591,70.48105621,4.180740356,10.06872177,0.053510174,2.740215302,2.788116932,2.953366041,2.287801981,9.089927673,81.84894562,3.54306531,40.0271225,0.095618546,TJKTJKTJKTJKTJKTJKTJKTJKTJKTJKTJK,2011,KGZ,417,762,1,1,6,5,1,678.2360229,580.761,678.2360229,527.502,1,0,0,1,0.595000029,0,2,2,1,1,1,1,0,0,0,0,0,,,,1,1,,,5514.6,7814.85,6197766.144,6522732.032,1.123999953,0.834999979,1,1,1,1,16105958.46,17286955.07,2.921,2.212,5506.601074,7815.949219,19088114,19112228,0,0,1,0,0,0,1,1,1,3.5,33.3,4,5,14,13,18,18,36261.012,,36258.736,23456.758,36261.01172,26078.97656,12.33333302,29.58333397,4.25,46.58333206,0,19.33333397,26.33333397,36.41666794,45.91666794,10.66666698,15.41666698,0,12.66666698,18.58333397,44.08333206,37.25,10.33333302,21.66666603,6,47.25,5,29.58333397,68.08333588,8.333333015,0,23.66666603,48.5,36.91666794,3.666666746,28.83333397,0,20,0,0,23.08333397,33.58333206,33.41666794,20.91666603,59.33333206,29.91666603,13.58333302,4.083333492,16169420,3.520878473,2722464917,0,99.76598103,13.98571253,0.234018968,0,0,1811.235768,0,0,0,0,0,0,0,0,0,0,0,0,0,0,5,0,6119,297,0,7320,1.501026585,846967.3803,702.9,31.5,620.7,0,0,6324000,82.1564376,380000,4.936661336,5020,0.065215894,6,0.779473146,13.03,2.405,6059699828,10.16,7697507,0,0,16628943,1.933036159,1708694028,4.189207019,93.27747724,22.35783085,1.009367991,0,1.52394775,1649.258332,0,0,0,0,0,0,0,0,0,0,0,0,0,0,519,17,6679,271,0,9274,1.486294,526018.0125,798.3,82.8,417.2,0,0,6277108,113.758549,502020,9.097990149,39040,0.707512719,8,1.45069452,17.5,2.435,5079922897,8.53,5514600,3.82216916,0.238271609
2012,Tajikistan,45,TJK,0,0,0,0,1,0,0,3.364472151,3.548220873,3.972371101,2.697427034,5.345434189,86.36655426,4.421525478,11.55000019,0.068327487,2.841402292,2.720993042,2.968539476,3.067490578,9.414679527,91.85968018,3.493830442,20,0.288701832,TJKTJKTJKTJKTJKTJKTJKTJKTJKTJKTJKTJK,2012,KGZ,417,762,1,1,6,5,1,678.2360229,580.761,678.2360229,527.502,1,0,0,1,0.595000029,0,2,2,1,1,1,1,0,0,0,0,0,,,,1,1,,,5607.2,8008.99,6605139.968,7633049.6,1.177999973,0.953000009,1,1,1,1,16388179.55,18925793.77,2.923,2.367,5594.10791,7995.062012,18061590,21642674,0,0,1,0,0,0,1,1,1,2.8,27.1,4,5,14,13,18,18,39677.527,,39677.529,21948.484,39677.52734,32253.35156,10.08333302,25.75,16.66666603,31.5,16.25,15.91666698,7.916666508,51.08333206,42.91666794,10.66666698,15.08333302,8.333333015,7,5.583333492,29.66666603,44.75,13.58333302,27.83333397,2.583333254,28.08333397,14.58333302,26.25,52.83333206,20.83333397,0,24.33333397,33.91666794,44.83333206,26.41666603,4.5,0,38.5,0,0,33.83333206,16.91666603,23.91666603,7,33.66666794,49.83333206,6.75,17.16666603,10062779,2.063564819,3222350605,0,99.56403912,14.40438317,0.435960881,0,0,1761.0521,90.82367679,5.628632077,3.54769113,10.67813333,16.82655741,63.46,8058.578475,0,0,0,0,0,0,0,322,0,6137,274,0,6529.896876,1.64424342,650130.5474,554.9,24,608,0,0,6528000,82.89697498,393000,4.990580755,5400,0.068572865,9,1.142880654,14.51,2.03,6514177283,9.5,7874838,0,0,13232665,1.340198527,2031374213,4.799578059,93.47969409,22.15849156,0.534018987,0,1.186708861,1809.102582,92.68929504,2.924281984,4.386422977,7.707,15.75107296,48.93,8726.280497,0,0,0,0,0,0,0,576,50,6995,230,0,7719,0.78235,494640.4268,922.7,75.8,417.2,0,0,6797852,120.9243102,488853,8.69601336,54614,0.971506923,38,6.777000999,19.8,2.49,5075444934,8.43,5607200,2.343275262,0.078879333
2013,Tajikistan,46,TJK,0,0,0,0,1,0,0,3.175944567,3.487544537,4.206219196,2.316525459,5.446499825,90.64122009,4.734374523,13.02999973,0.071951129,2.482843637,2.298570156,2.939580917,2.904504776,8.901119232,104.8292313,3.620476723,20,0.296703994,TJKTJKTJKTJKTJKTJKTJKTJKTJKTJKTJKTJKTJK,2013,KGZ,417,762,1,1,6,5,1,678.2360229,580.761,678.2360229,527.502,1,0,0,1,0.595000029,0,2,2,1,1,1,1,0,0,0,0,0,,,,1,1,,,5719.5,8207.834,7226303.488,8508103.68,1.263000011,1.036999941,1,1,1,1,18470586.53,20654573.84,3.229,2.526,5683.808105,8177.809082,19626012,23742600,0,0,1,1,0,0,1,1,1,2.7,25.6,4,5,10,22,14,27,50535.629,,50535.627,32822.797,50535.63281,38621.02344,12.25,24.08333397,20.5,28.33333397,20.33333397,24.33333397,22.08333397,59.25,38,11.33333302,19.66666603,12.33333302,19.16666603,7.25,22.66666603,43.08333206,15.75,7.583333492,4.333333492,19.75,8.666666985,33.66666794,43.83333206,10.66666698,0,28.75,29.75,37.08333206,35.75,7.75,0,48.66666794,0,0,35.41666794,32.08333206,19.75,18.08333397,34.5,35.16666794,14.58333302,25,14960500,4.117047276,3697730868,0.257084429,99.74291557,14.770669,0,0,0,1692.725684,0,0,0,0,0,0,0,0,0,0,0,0,0,0,784,1,6462,247,0,6263,0.4757,683060.1575,0,0,587,0,0,7537100,93.51508709,425000,5.273103981,5800,0.07196236,15,1.861092521,16,2.1970455,6996226385,8.86,8059782,0,0,21877873,2.066770528,2277998114,5.609877953,93.47655414,20.27692527,0.192705731,0,0.72086218,1887.020071,0,0,0,0,0,0,0,0,0,0,0,0,0,0,797,14,7526,326,0,12189,0.59035,771165,1002,0,417,0,0,6737487,117.555938,461277,8.048379225,136200,2.376422953,44,7.692845654,23,2.2679855,5629453576,8.33,5719600,2.214600984,0.055729993
2014,Tajikistan,41,TJK,0,0,0,0,1,0,0,3.175944567,3.487544537,4.206219196,2.316525459,5.446499825,90.64122009,4.734374523,13.02999973,0.071951129,2.529613018,2.500800848,3.089701176,2.684545279,8.972932816,124.7750702,3.570311546,21.72350883,2.623142004,TJKTJKTJKTJKTJKTJKTJKTJKTJKTJKTJKTJKTJKTJK,2014,KGZ,417,762,1,1,6,5,1,678.2360229,580.761,678.2360229,527.502,1,0,0,1,0.595000029,0,2,2,1,1,1,1,0,0,0,0,0,,,,1,1,,,5835.5,8362.745,7468096.512,9236308.992,1.279999971,1.103999972,1,1,1,1,19557845.56,22432838.15,3.352,2.682,5774.565918,8362.745117,20881824,25619406,0,0,1,1,0,0,1,1,1,2.3,23.3,4,4,10,28,14,32,75053.992,,75053.995,67155.93,75053.99219,40389.75391,18.41666603,29.16666603,22.58333397,29.41666603,23.75,29.25,11.33333302,75.58333588,37.33333206,13,26.91666603,2.5,18.41666603,35,26.58333397,37.41666794,19.75,11.66666698,5.75,20.5,21.66666603,40.5,39,25.66666603,3.5,41.83333206,40.33333206,30.16666603,39.33333206,12.16666698,0,42.58333206,0,0,28.91666603,43.91666794,27.08333397,45.41666794,22.91666603,37.91666794,46.83333206,23.33333397,15219453,4.917416152,3384055195,0.971345313,99.02865469,17.02282661,0,0,0,1499.485994,0,0,0,0,0,0,0,0,0,0,0,0,0,0,0,0,0,0,0,7985,2.954004,1064176.328,391,18,597,0,0,7999100,96.92550425,440700,5.339984464,6100,0.073914012,14,1.696388196,17.49,2.364091,7464973601,8.17,8252828,0,0,20849181,2.31464387,2242827292,7.363436728,91.2572056,23.73044194,0.80290969,0,0.576447982,1941.221832,0,0,0,0,0,0,0,40000000,0,0,0,0,0,0,714,48,6330,372,0,17388,0.237168,712284,1010,0,424,0,0,7563444,129.4106012,443184,7.582882599,170706,2.920781339,82,14.05192357,28.3,2.045971,5855984962,8.05,5835500,2.037129014,0.056549192
2015,Tajikistan,30,TJK,0,0,0,0,1,0,0,3.041666746,2.968085051,3.95348835,2.639175177,5.177979946,91.828125,4.135416508,16,0.070664197,2.72516942,2.639318705,3.181883574,2.857395649,8.31497097,121.4498215,3.747436047,23.39999962,0.961614013,TJKTJKTJKTJKTJKTJKTJKTJKTJKTJKTJKTJKTJKTJKTJK,2015,KGZ,417,762,1,1,6,5,1,678.2360229,580.761,678.2360229,527.502,1,0,0,1,0.595000029,0,2,2,1,1,1,1,0,0,0,0,0,,,,1,1,,,5956.9,8548.651,6678178.304,7853450.24,1.121000051,0.91900003,1,1,1,1,20534456.2,24034649.53,3.447,2.812,5865.400879,8548.650391,21694070,25816178,0,0,1,1,0,0,1,1,4,2.1,21.5,4,4,10,11,14,15,24205.531,,24205.532,14433.905,24205.53125,25151.8125,24.83333397,36.25,24.5,34.41666794,36.75,32.41666794,20.08333397,82.91666412,46.16666794,12.91666698,27.41666603,17,15.16666698,56.41666794,31.66666603,36.58333206,23.58333397,11.08333302,8.833333015,22.25,28.58333397,46.58333206,33.41666794,23.25,18.08333397,52.25,47.08333206,38,37.91666794,17.16666603,1.333333373,52.5,0,0,27.66666603,58.58333206,29.83333397,44.41666794,20.58333397,37.5,65.5,37.33333206,12805040,5.073502499,2258643220,1.526628598,98.4733714,0,0,0,0,0,0,0,0,0,0,0,0,0,0,0,0,0,0,0,163,0,5467,220,0,6884,5.272381318,1034477,317,16,597,0,0,8489000,100.4136726,457000,5.405707197,6000,0.070972086,43,5.086338226,18.98,2.248712,7912871963,7.53,8454019,0,0,42524386,4.981863628,1687701982,13.21565618,85.18802763,0,1.304681504,0,0.291634689,0,0,0,0,0,0,0,0,0,0,0,0,0,0,0,904,21,6330,341,0,20962,0.06929,967629,918,41,424,0,0,7579439,127.1905538,408037,6.847268246,211521,3.549533564,136,22.83066696,30.24704278,2.0029855,6082952718,7.56,5956900,2.799089538,0.069321085
2016,Tajikistan,15,TJK,0,0,0,0,1,0,0,3.628545761,3.36499238,4.128080845,3.152697325,5.240846634,95.12606049,4.318544388,17.48999977,0.070664197,2.55556941,2.426702499,2.905791998,2.928073406,7.877223492,134.4608612,3.580476284,28.29999924,4.158264637,TJKTJKTJKTJKTJKTJKTJKTJKTJKTJKTJKTJKTJKTJKTJKTJK,2016,KGZ,417,762,1,1,6,5,1,678.2360229,580.761,678.2360229,527.502,1,0,0,1,0.595000029,0,2,2,1,1,1,1,0,0,0,0,0,,,,1,1,,,6082.7,8734.951,6551287.808,6951656.96,1.077000022,0.796000004,1,1,1,1,21600596.55,26030943.2,3.551,2.98,5955.733887,8734.951172,23261980,28189530,0,0,1,1,0,0,1,1,4,2,16.8,4,5,10,22,14,27,21840.49,,21833.75,18669.436,21840.48828,25004.70313,22.25,33.5,30.25,33.41666794,55.08333206,35,18.16666603,72.41666412,44,12.66666698,23.75,13.16666698,20.25,41.08333206,42.91666794,33.83333206,22.91666603,9.75,10.5,18.41666603,25,41.75,28.25,32.5,15.16666698,56.58333206,46.75,38.83333206,26.16666603,15.5,5.083333492,62.58333206,23.16666603,21.75,23.25,53.08333206,21.83333397,49.41666794,16.41666603,30.08333397,54.66666794,31.91666603,10178610,4.390643047,1867398638,0,0,0,0,0,0,0,0,0,0,0,0,0,0,0,0,0,0,0,0,0,0,0,5045,160,50,6472,4.921431817,1037897,228.3,18.4,620,0,0,9400000,108.5001937,468000,5.40192454,6000,0.069255443,51,5.886715357,20.47,2.133333,8458860098,6.9,8663575,0,0,65799849,7.823715565,1994607958,0,0,0,0,0,0,0,0,0,0,0,0,0,0,0,0,0,0,0,0,0,460,17,6085,269,85,23120,0.088343,1015750,807,40.8,424,0,0,7613528,125.3393872,382149,6.291212364,240873,3.965424993,257,42.27321326,37,1.96,6346700783,7.21,6079500,3.130007198,0.371673953
2017,Tajikistan,21,TJK,0,0,0,0,1,0,0,4.051945686,3.740252256,4.336073875,3.683651924,5.307544708,98.59026337,4.331403732,18.97999954,0.069683306,2.488281965,2.373281956,2.882899284,3.238278627,7.14910078,132.7972107,3.443375826,30.24704361,3.706052065,TJKTJKTJKTJKTJKTJKTJKTJKTJKTJKTJKTJKTJKTJKTJKTJKTJK,2017,KGZ,417,762,1,1,6,5,1,678.2360229,580.761,678.2360229,527.502,1,0,0,1,0.595000029,0,2,2,1,1,1,1,0,0,0,0,0,,,,1,1,,,6198.2,8880.268,7702934.8,7157865.188,1.243000031,0.805999994,,,,,31280403.48,27435856.24,5.047,3.09,6045.117188,8921.342773,24668016,31396382,0,0,1,1,0,0,1,1,4,2.1,19.3,4,4,10,10,14,14,24287.984,,24287.985,13460.74,24287.98438,25985.84375,25.41666603,37.58333206,35.33333206,36.58333206,52.08333206,44.83333206,13.5,61.33333206,45.41666794,14.83333302,26.33333397,25.16666603,25.75,16.91666603,48.66666794,32.08333206,21.58333397,16.25,19,22.83333397,44.58333206,55.25,28.33333397,22.58333397,34.16666794,51.08333206,42.83333206,42.58333206,25,18.58333397,19.16666603,69.33333588,47.66666794,53.91666794,18.41666603,66.16666412,20.08333397,49.25,14.5,37.83333206,33.41666794,33.75,5364340,2.128701957,2237179088,0,0,0,0,0,0,0,90.82367679,5.628632077,3.54769113,10.4198,16.41947684,63.46,7146.179114,0,0,0,0,0,0,0,0,0,0,0,50,4135,2.89861,580374,165,28,620,0,0,9904000,111.5281656,479000,5.393981353,6000,0.067565528,178,20.04443559,21.96,2.1516665,9059439284,6.81,8880270,0,0,39813681,4.833165121,2485778060,0,0,0,0,0,0,0,92.68929504,2.924281984,4.386422977,7.707,15.75107296,48.93,7894.227356,0,0,0,0,0,0,0,502,11,6989,519,85,27055,0.02165,1122951,935,43,424,0,0,8467966,136.8066442,362288,5.853047296,258013,4.16840274,639,103.0944468,38.19903776,2.17,6647530416,6.89,6198200,3.655667962,0.146529914
2018,Tajikistan,16,TJK,0,0,0,0,1,0,0,4.051945686,3.740252018,4.336073875,3.683651924,5.31140995,106.6821594,4.331403732,20.46999931,0.068094999,2.650644302,2.449175596,3.082779646,3.649217606,6.594243526,131.3766479,3.460288048,34.5,4.076120853,TJKTJKTJKTJKTJKTJKTJKTJKTJKTJKTJKTJKTJKTJKTJKTJKTJKTJK,2018,KGZ,417,762,1,1,6,5,1,678.2360229,580.761,678.2360229,527.502,1,0,0,1,0.595000029,0,2,2,1,1,1,1,0,0,0,0,0,,,,1,1,,,6322.8,9100.837,8271108.638,7522947.81,1.307999969,0.827000022,,,,,33246519.09,30155800.48,5.258,3.314,,,,,0,0,1,1,0,0,1,1,4,1.9,18,4,4,10,10,14,14,47069.711,,47069.711,18008.725,47085.64063,39134.07031,31,39.16666794,45.83333206,36.75,60,65.75,12.58333302,54.75,41.33333206,13.16666698,23,16.75,28.16666603,13.33333302,54.75,31.83333397,26,35.08333206,52.08333206,49.58333206,43.41666794,62.08333206,30.75,18,45.75,62.5,39.75,53.41666794,25.16666603,10.58333302,44.83333206,56.08333206,46.83333206,53.91666794,21.66666603,64.25,21.66666603,56.08333206,13.58333302,45.08333206,22.5,29.58333397,3980521.076,1.715927497,2183340531,0,0,0,0,0,0,0,0,0,0,0,0,0,0,0,0,0,0,0,0,0,0,0,0,0,50,4021,2.337,492320,224,33,620,0,0,0,0,0,0,0,0,249,27.36009077,0,2.17,9747956614,6.72,9100847,0,0,0,0,2688570122,0,0,0,0,0,0,0,0,0,0,0,0,0,0,0,0,0,0,0,0,0,0,0,7728,552,70,8751,1.263266,1175000.704,949,35,424,0,0,8735246,138.5660601,331140,5.252830332,250612,3.975425244,1075,170.0196116,38.19903776,2.38,6897338635,6.79,6322800,3.851815148,0.139359784
2011,Ukraine,78,UKR,0,0,0,0,0,1,0,1.975359797,4.384500027,3.627142668,4.551084042,28.4988842,121.0578461,4.456656456,33.4732933,4.173653603,2.740215302,2.788116932,2.953366041,2.287801981,9.089927673,81.84894562,3.54306531,40.0271225,0.095618546,UKRUKRUKRUKRUKRUKRUKRUKRUKRUKRUKR,2011,KGZ,417,804,1,1,6,2,0,3417.102051,3253.521,3417.102051,3230.215,1,0,0,1,0,0,2,2,1,1,1,1,0,0,0,0,0,,,,1,1,,,5514.6,45706.1,6197766.144,163421732.9,1.123999953,3.575000048,1,1,1,1,16105958.46,378531847.1,2.921,8.282,5506.601074,45576.30469,19088114,434521376,0,0,1,1,0,0,1,1,4,3.5,4.4,4,9,14,24,18,33,4109.529,7493.332,4560.534,2375.281,4109.530762,7493.332031,12.33333302,29.58333397,4.25,46.58333206,0,19.33333397,26.33333397,36.41666794,45.91666794,10.66666698,15.41666698,0,12.66666698,18.58333397,44.08333206,37.25,10.33333302,21.66666603,6,47.25,5,29.58333397,68.08333588,8.333333015,0,23.66666603,48.5,36.91666794,3.666666746,28.83333397,0,20,0,0,23.08333397,33.58333206,33.41666794,20.91666603,59.33333206,29.91666603,13.58333302,4.083333492,1040000000,4.889745639,7822000000,38.21172826,5.614830621,10.90598519,9.464575169,46.29337054,0.284691302,3662.444428,0,0,0,0,0,0,0,997800000,1320000000,0,0,760600000,0,0,3266,3445,30439,28515,0,76652.26818,80.92008455,5477654.918,243866,50593,21665.4,21.74202468,756000,55576481,121.9416066,12680881,27.82340614,3170384,6.956210822,958,20.96000957,28.70826284,2.43,1.43E+11,7.85,45706086,2.58609117,0.891249774,16628943,1.933036159,1708694028,4.189207019,93.27747724,22.35783085,1.009367991,0,1.52394775,1649.258332,0,0,0,0,0,0,0,0,0,0,0,0,0,0,519,17,6679,271,0,9274,1.486294,526018.0125,798.3,82.8,417.2,0,0,6277108,113.758549,502020,9.097990149,39040,0.707512719,8,1.45069452,17.5,2.435,5079922897,8.53,5514600,3.82216916,0.238271609
2012,Ukraine,48,UKR,0,0,0,0,0,1,0,2.052232265,4.361009121,3.902778864,4.324059486,28.47484207,118.6596527,4.550797462,23,8.055697441,2.841402292,2.720993042,2.968539476,3.067490578,9.414679527,91.85968018,3.493830442,20,0.288701832,UKRUKRUKRUKRUKRUKRUKRUKRUKRUKRUKRUKR,2012,KGZ,417,804,1,1,6,2,0,3417.102051,3253.521,3417.102051,3230.215,1,0,0,1,0,0,2,2,1,1,1,1,0,0,0,0,0,,,,1,1,,,5607.2,45593.3,6605139.968,176603430.9,1.177999973,3.872999907,1,1,1,1,16388179.55,386424726,2.923,8.475,5594.10791,45349.33594,18061590,453456608,0,0,1,1,0,0,1,1,4,2.8,1.5,4,7,14,22,18,29,5195.056,6521.214,5440.352,2782.894,5195.055176,6521.214844,10.08333302,25.75,16.66666603,31.5,16.25,15.91666698,7.916666508,51.08333206,42.91666794,10.66666698,15.08333302,8.333333015,7,5.583333492,29.66666603,44.75,13.58333302,27.83333397,2.583333254,28.08333397,14.58333302,26.25,52.83333206,20.83333397,0,24.33333397,33.91666794,44.83333206,26.41666603,4.5,0,38.5,0,0,33.83333206,16.91666603,23.91666603,7,33.66666794,49.83333206,6.75,17.16666603,1321000000,5.980352212,8449000000,40.54082667,5.282739221,10.79888891,8.085681301,45.44042992,0.269707556,3640.553483,31.89320758,22.26363429,45.84315813,12.8745,23.36569873,55.1,1208.509786,1182500000,0,0,0,940200000,0,0,3377,3480,31693,30406,0,73378.94262,75.78393774,5828107.612,237722,49329,21642.5,21.90358974,756000,59343693,130.8590206,12182142,26.86289124,3644976,8.037551512,1866,40.92702834,35.27,2.69,1.44E+11,7.53,45593342,3.770584827,1.096246542,13232665,1.340198527,2031374213,4.799578059,93.47969409,22.15849156,0.534018987,0,1.186708861,1809.102582,92.68929504,2.924281984,4.386422977,7.707,15.75107296,48.93,8726.280497,0,0,0,0,0,0,0,576,50,6995,230,0,7719,0.78235,494640.4268,922.7,75.8,417.2,0,0,6797852,120.9243102,488853,8.69601336,54614,0.971506923,38,6.777000999,19.8,2.49,5075444934,8.43,5607200,2.343275262,0.078879333
2013,Ukraine,40,UKR,0,0,0,0,0,1,0,2.330338001,4.549651146,4.259845257,4.577060223,28.06114388,122.9622955,4.763994694,30.60000038,7.011133671,2.482843637,2.298570156,2.939580917,2.904504776,8.901119232,104.8292313,3.620476723,20,0.296703994,UKRUKRUKRUKRUKRUKRUKRUKRUKRUKRUKRUKRUKR,2013,KGZ,417,804,1,1,6,2,0,3417.102051,3253.521,3417.102051,3230.215,1,0,0,1,0,0,2,2,1,1,1,1,0,0,0,0,0,,,,1,1,,,5719.5,45489.601,7226303.488,177430609.9,1.263000011,3.900000095,1,1,1,1,18470586.53,392560554.6,3.229,8.63,5683.808105,45115.78516,19626012,466809152,0,0,1,1,0,0,1,1,4,2.7,1.3,4,6,10,21,14,27,10336.009,11779.143,10786.818,5273.293,10336.00879,11779.14258,12.25,24.08333397,20.5,28.33333397,20.33333397,24.33333397,22.08333397,59.25,38,11.33333302,19.66666603,12.33333302,19.16666603,7.25,22.66666603,43.08333206,15.75,7.583333492,4.333333492,19.75,8.666666985,33.66666794,43.83333206,10.66666698,0,28.75,29.75,37.08333206,35.75,7.75,0,48.66666794,0,0,35.41666794,32.08333206,19.75,18.08333397,34.5,35.16666794,14.58333302,25,1782000000,7.880422766,9667000000,41.82265908,7.124714774,10.69352524,7.218671595,42.95633589,0.201336045,3600.225704,0,0,0,0,0,0,0,0,0,0,0,0,0,0,3609,8087,32590,32896,0,58474.09,14.3835,5218814.574,224434,48981,21625.9,24.45743175,779000,62458800,138.4411243,11830969,26.22356898,3996550,8.858429483,2458,54.03427171,40.954129,2.669877,1.44E+11,7.17,45489648,3.787958315,0.927075978,21877873,2.066770528,2277998114,5.609877953,93.47655414,20.27692527,0.192705731,0,0.72086218,1887.020071,0,0,0,0,0,0,0,0,0,0,0,0,0,0,797,14,7526,326,0,12189,0.59035,771165,1002,0,417,0,0,6737487,117.555938,461277,8.048379225,136200,2.376422953,44,7.692845654,23,2.2679855,5629453576,8.33,5719600,2.214600984,0.055729993
2014,Ukraine,13,UKR,0,0,0,0,0,1,0,2.140558004,4.467032909,3.844351053,4.724105835,27.10740852,132.0501556,4.337563038,33.70000076,8.107338905,2.529613018,2.500800848,3.089701176,2.684545279,8.972932816,124.7750702,3.570311546,21.72350883,2.623142004,UKRUKRUKRUKRUKRUKRUKRUKRUKRUKRUKRUKRUKRUKR,2014,KGZ,417,804,1,1,6,2,0,3417.102051,3253.521,3417.102051,3230.215,1,0,0,1,0,0,2,2,1,1,1,1,0,0,0,0,0,,,,1,1,,,5835.5,45271.946,7468096.512,133503410.2,1.279999971,2.948999882,1,1,1,1,19557845.56,373405239.9,3.352,8.684,5774.565918,44883.42578,20881824,457878656,0,0,1,1,0,0,1,1,4,2.3,1.2,4,6,10,21,14,27,4587.403,4304.568,5254.409,3753.248,4587.402832,4304.565918,18.41666603,29.16666603,22.58333397,29.41666603,23.75,29.25,11.33333302,75.58333588,37.33333206,13,26.91666603,2.5,18.41666603,35,26.58333397,37.41666794,19.75,11.66666698,5.75,20.5,21.66666603,40.5,39,25.66666603,3.5,41.83333206,40.33333206,30.16666603,39.33333206,12.16666698,0,42.58333206,0,0,28.91666603,43.91666794,27.08333397,45.41666794,22.91666603,37.91666794,46.83333206,23.33333397,2042000000,13.71943026,7354000000,38.73334249,4.658881715,10.77895315,6.986673994,48.5720566,0.118697623,3418.569317,0,0,0,0,0,0,0,0,0,0,0,0,0,0,3516,4962,26076,25355,0,47927.4,22.0855,4503610,210157,35865,21625.9,24.16957853,665000,61170229,144.2788474,10461083,24.67397985,3945575,9.30621027,3382,74.70375554,46.23597546,2.649754,1.34E+11,9.27,45272155,3.556452934,0.959114289,20849181,2.31464387,2242827292,7.363436728,91.2572056,23.73044194,0.80290969,0,0.576447982,1941.221832,0,0,0,0,0,0,0,40000000,0,0,0,0,0,0,714,48,6330,372,0,17388,0.237168,712284,1010,0,424,0,0,7563444,129.4106012,443184,7.582882599,170706,2.920781339,82,14.05192357,28.3,2.045971,5855984962,8.05,5835500,2.037129014,0.056549192
2015,Ukraine,5,UKR,0,0,0,0,0,1,0,2.206908703,4.310959816,3.777292967,4.911088943,26.15225792,138.0646515,4.113993645,41.79999924,8.830540657,2.72516942,2.639318705,3.181883574,2.857395649,8.31497097,121.4498215,3.747436047,23.39999962,0.961614013,UKRUKRUKRUKRUKRUKRUKRUKRUKRUKRUKRUKRUKRUKRUKR,2015,KGZ,417,804,1,1,6,2,0,3417.102051,3253.521,3417.102051,3230.215,1,0,0,1,0,0,2,2,1,1,1,1,0,0,0,0,0,,,,1,1,,,5956.9,45154.03,6678178.304,91030962.18,1.121000051,2.016000032,1,1,1,1,20534456.2,340537353.3,3.447,7.948,5865.400879,44657.70313,21694070,406552576,0,0,1,1,0,0,1,1,4,2.1,0.6,4,4,10,7,14,11,7941.85,5801.683,8026.831,3647.148,7941.848145,5801.685059,24.83333397,36.25,24.5,34.41666794,36.75,32.41666794,20.08333397,82.91666412,46.16666794,12.91666698,27.41666603,17,15.16666698,56.41666794,31.66666603,36.58333206,23.58333397,11.08333302,8.833333015,22.25,28.58333397,46.58333206,33.41666794,23.25,18.08333397,52.25,47.08333206,38,37.91666794,17.16666603,1.333333373,52.5,0,0,27.66666603,58.58333206,29.83333397,44.41666794,20.58333397,37.5,65.5,37.33333206,2105000000,16.91850185,8474000000,34.57818245,3.329261973,0,6.231648037,0,0.460187036,0,0,0,0,0,0,0,0,0,0,0,0,0,0,0,3487,4294,22403,36339,0,45688,37.7408652,4620530,195054,35367,20975.23,27.49736827,480000,60720073,142.0030379,9113061,21.31226599,4978813,11.64370424,6403,141.8034924,48.88464368,2.5722805,1.21E+11,9.14,45154036,4.006102329,0.824990261,42524386,4.981863628,1687701982,13.21565618,85.18802763,0,1.304681504,0,0.291634689,0,0,0,0,0,0,0,0,0,0,0,0,0,0,0,904,21,6330,341,0,20962,0.06929,967629,918,41,424,0,0,7579439,127.1905538,408037,6.847268246,211521,3.549533564,136,22.83066696,30.24704278,2.0029855,6082952718,7.56,5956900,2.799089538,0.069321085
2016,Ukraine,8,UKR,0,0,0,0,0,1,0,2.435922384,4.15952301,3.704170942,4.622852325,24.64034271,144.0821533,4.277101517,43.40000153,8.417094231,2.55556941,2.426702499,2.905791998,2.928073406,7.877223492,134.4608612,3.580476284,28.29999924,4.158264637,UKRUKRUKRUKRUKRUKRUKRUKRUKRUKRUKRUKRUKRUKRUKRUKR,2016,KGZ,417,804,1,1,6,2,0,3417.102051,3253.521,3417.102051,3230.215,1,0,0,1,0,0,2,2,1,1,1,1,0,0,0,0,0,,,,1,1,,,6082.7,45004.646,6551287.808,93270482.94,1.077000022,2.072000027,1,1,1,1,21600596.55,352977531.1,3.551,8.272,5955.733887,44438.625,23261980,406112192,0,0,1,1,0,0,1,1,4,2,0.5,4,4,10,5,14,9,3166.56,1773.575,3436.499,2341.431,3166.559082,1773.599976,22.25,33.5,30.25,33.41666794,55.08333206,35,18.16666603,72.41666412,44,12.66666698,23.75,13.16666698,20.25,41.08333206,42.91666794,33.83333206,22.91666603,9.75,10.5,18.41666603,25,41.75,28.25,32.5,15.16666698,56.58333206,46.75,38.83333206,26.16666603,15.5,5.083333492,62.58333206,23.16666603,21.75,23.25,53.08333206,21.83333397,49.41666794,16.41666603,30.08333397,54.66666794,31.91666603,2310000000,18.55719794,9472000000,0,0,0,0,0,0,0,0,0,0,0,0,0,0,0,0,0,0,0,0,0,3632,5382,23638,45880,70,55261,40.45983036,5756509,187557,36839,21603,26.3420099,588000,56717856,133.1689539,8451229,19.84280445,5125499,12.03425849,85755,1905.468794,53.0009696,2.494807,1.24E+11,9.35,45004673,4.878010336,0.946322097,65799849,7.823715565,1994607958,0,0,0,0,0,0,0,0,0,0,0,0,0,0,0,0,0,0,0,0,0,460,17,6085,269,85,23120,0.088343,1015750,807,40.8,424,0,0,7613528,125.3393872,382149,6.291212364,240873,3.965424993,257,42.27321326,37,1.96,6346700783,7.21,6079500,3.130007198,0.371673953
2017,Ukraine,8,UKR,0,0,0,0,0,1,0,2.410120964,4.014369488,3.721124649,4.351033688,21.61545563,144.0231781,4.308215141,49.25999832,11.80934811,2.488281965,2.373281956,2.882899284,3.238278627,7.14910078,132.7972107,3.443375826,30.24704361,3.706052065,UKRUKRUKRUKRUKRUKRUKRUKRUKRUKRUKRUKRUKRUKRUKRUKRUKR,2017,KGZ,417,804,1,1,6,2,0,3417.102051,3253.521,3417.102051,3230.215,1,0,0,1,0,0,2,2,1,1,1,1,0,0,0,0,0,,,,1,1,,,6198.2,44831.135,7702934.8,112190355.2,1.243000031,2.503000021,,,,,31280403.48,504350302.2,5.047,11.871,6045.117188,44222.94531,24668016,431301664,0,0,1,1,0,0,1,1,4,2.1,0.8,4,6,10,6.5,14,12.5,3545.238,2998.583,5210.31,3039.834,3545.236084,2860.071045,25.41666603,37.58333206,35.33333206,36.58333206,52.08333206,44.83333206,13.5,61.33333206,45.41666794,14.83333302,26.33333397,25.16666603,25.75,16.91666603,48.66666794,32.08333206,21.58333397,16.25,19,22.83333397,44.58333206,55.25,28.33333397,22.58333397,34.16666794,51.08333206,42.83333206,42.58333206,25,18.58333397,19.16666603,69.33333588,47.66666794,53.91666794,18.41666603,66.16666412,20.08333397,49.25,14.5,37.83333206,33.41666794,33.75,2760000000,19.37794004,12132000000,0,0,0,0,0,0,0,34.92374728,26.11111111,38.96514161,8.635,15.67150635,55.1,1229.056547,24500000,0,150000000,0,24500000,150000000,0,3393,4954,24501,47531,75,63315,53.792982,6794396,191914,28075,21626,27.61749871,698500,55714733,131.3565115,7186579,16.94352456,5239743,12.35354321,177005,3948.260511,58.88947945,2.3574035,1.27E+11,9.51,44831135,5.127270908,0.931979545,39813681,4.833165121,2485778060,0,0,0,0,0,0,0,92.68929504,2.924281984,4.386422977,7.707,15.75107296,48.93,7894.227356,0,0,0,0,0,0,0,502,11,6989,519,85,27055,0.02165,1122951,935,43,424,0,0,8467966,136.8066442,362288,5.853047296,258013,4.16840274,639,103.0944468,38.19903776,2.17,6647530416,6.89,6198200,3.655667962,0.146529914
2018,Ukraine,6,UKR,0,0,0,0,0,1,0,2.444212198,3.94357729,3.96051836,4.485351563,19.76410294,132.6407623,4.084630489,52.48180771,11.98652744,2.650644302,2.449175596,3.082779646,3.649217606,6.594243526,131.3766479,3.460288048,34.5,4.076120853,UKRUKRUKRUKRUKRUKRUKRUKRUKRUKRUKRUKRUKRUKRUKRUKRUKRUKR,2018,KGZ,417,804,1,1,6,2,0,3417.102051,3253.521,3417.102051,3230.215,1,0,0,1,0,0,2,2,1,1,1,1,0,0,0,0,0,,,,1,1,,,6322.8,44622.517,8271108.638,130901858.4,1.307999969,2.934000015,,,,,33246519.09,534229292.9,5.258,12.629,,,,,0,0,1,1,0,0,1,1,4,1.9,0.6,4,6,10,6.5,14,12.5,6425.143,1521.23,6695.568,5680.732,6292.800781,1521.222046,31,39.16666794,45.83333206,36.75,60,65.75,12.58333302,54.75,41.33333206,13.16666698,23,16.75,28.16666603,13.33333302,54.75,31.83333397,26,35.08333206,52.08333206,49.58333206,43.41666794,62.08333206,30.75,18,45.75,62.5,39.75,53.41666794,25.16666603,10.58333302,44.83333206,56.08333206,46.83333206,53.91666794,21.66666603,64.25,21.66666603,56.08333206,13.58333302,45.08333206,22.5,29.58333397,3066904135,21.60682455,14694000000,0,0,0,0,0,0,0,0,0,0,0,0,0,0,669220000,0,0,0,669220000,0,0,2904,5261,25305,51195,85,66712,75.26435,7854842,186344,28685,21626,27.64998236,1178000,53933592,127.753861,6074255,14.38824117,5405125,12.80325605,268976,6027.80865,62.55315539,2.22,1.31E+11,8.8,44622518,5.795481116,0.984736878,0,0,2688570122,0,0,0,0,0,0,0,0,0,0,0,0,0,0,0,0,0,0,0,0,0,0,0,7728,552,70,8751,1.263266,1175000.704,949,35,424,0,0,8735246,138.5660601,331140,5.252830332,250612,3.975425244,1075,170.0196116,38.19903776,2.38,6897338635,6.79,6322800,3.851815148,0.139359784
2011,USA,98,USA,0,0,0,0,0,0,1,5.692814827,4.750358105,5.787225723,6.17969799,49.2597084,94.83415985,6.440378189,76.2392807,27.10463142,2.740215302,2.788116932,2.953366041,2.287801981,9.089927673,81.84894562,3.54306531,40.0271225,0.095618546,USAUSAUSAUSAUSAUSAUSAUSAUSAUSAUSA,2011,KGZ,417,840,1,1,6,-5,0,10203.98926,10948.733,10492.80469,10909.581,1,0,0,0,0.0056,0,2,3,1,2,0,0,0,0,0,0,0,,,,0,0,,,5514.6,311582.55,6197766.144,15517900341,1.123999953,49.8030014,1,1,1,1,16105958.46,15517926000,2.921,49.791,5506.601074,311051.375,19088114,15623885824,0,1,1,1,0,0,0,0,6,3.5,1.4,4,6,14,5,18,11,635.792,2765.203,2877.382,2819.153,635.7960205,2661.048096,12.33333302,29.58333397,4.25,46.58333206,0,19.33333397,26.33333397,36.41666794,45.91666794,10.66666698,15.41666698,0,12.66666698,18.58333397,44.08333206,37.25,10.33333302,21.66666603,6,47.25,5,29.58333397,68.08333588,8.333333015,0,23.66666603,48.5,36.91666794,3.666666746,28.83333397,0,20,0,0,23.08333397,33.58333206,33.41666794,20.91666603,59.33333206,29.91666603,13.58333302,4.083333492,29171000000,4.524957769,6104000000,43.34576409,7.43610219,5.998379803,24.15858976,18.98484619,0.913504375,13245.88193,0,0,0,0,0,0,0,0,0,0,0,0,0,0,13024,17443,91313,319502,0,10057768,39621.91354,730796000,2524667,32579.5102,194136,83.32358755,42550780,297404000,95.44904589,143319000,45.99689919,88317000,28.34451919,930471,2986.265501,69.72946076,3.18,1.52E+13,8.95,311583481,12.83810637,9.509209268,16628943,1.933036159,1708694028,4.189207019,93.27747724,22.35783085,1.009367991,0,1.52394775,1649.258332,0,0,0,0,0,0,0,0,0,0,0,0,0,0,519,17,6679,271,0,9274,1.486294,526018.0125,798.3,82.8,417.2,0,0,6277108,113.758549,502020,9.097990149,39040,0.707512719,8,1.45069452,17.5,2.435,5079922897,8.53,5514600,3.82216916,0.238271609
2012,USA,77,USA,0,0,0,0,0,0,1,5.694822788,4.82353878,5.714055061,6.040786743,48.70451736,89.85645294,6.295096397,79,26.33641434,2.841402292,2.720993042,2.968539476,3.067490578,9.414679527,91.85968018,3.493830442,20,0.288701832,USAUSAUSAUSAUSAUSAUSAUSAUSAUSAUSAUSA,2012,KGZ,417,840,1,1,6,-5,0,10203.98926,10948.733,10492.80469,10909.581,1,0,0,0,0.0056,0,2,3,1,2,0,0,0,0,0,0,0,,,,0,0,,,5607.2,313873.688,6605139.968,16163200303,1.177999973,51.49599838,1,1,1,1,16388179.55,16155255000,2.923,51.45,5594.10791,313335.4063,18061590,15983659008,0,1,1,1,0,0,0,0,6,2.8,1.4,4,6,14,5,18,11,2989.931,9450.673,5551.361,3688.812,2989.931885,9250.594727,10.08333302,25.75,16.66666603,31.5,16.25,15.91666698,7.916666508,51.08333206,42.91666794,10.66666698,15.08333302,8.333333015,7,5.583333492,29.66666603,44.75,13.58333302,27.83333397,2.583333254,28.08333397,14.58333302,26.25,52.83333206,20.83333397,0,24.33333397,33.91666794,44.83333206,26.41666603,4.5,0,38.5,0,0,33.83333206,16.91666603,23.91666603,7,33.66666794,49.83333206,6.75,17.16666603,32511000000,4.747365009,6303000000,38.47985569,6.521155808,6.292678518,29.60867118,18.75791991,0.774312765,12964.18794,37.42298591,12.92131238,49.65570171,429.0384447,15.22492707,2818,8978.020233,0,0,0,0,0,0,0,13987,18812,96816,330032,0,9864360,39111.34038,736699000,2500300,34125.70066,153516.6,84.15678889,43538250,304838000,97.06859919,138595000,44.13236704,92514000,29.45894011,1205823,3841.697406,74.7,4.14,1.56E+13,8.07,313877662,12.81327979,9.031576768,13232665,1.340198527,2031374213,4.799578059,93.47969409,22.15849156,0.534018987,0,1.186708861,1809.102582,92.68929504,2.924281984,4.386422977,7.707,15.75107296,48.93,8726.280497,0,0,0,0,0,0,0,576,50,6995,230,0,7719,0.78235,494640.4268,922.7,75.8,417.2,0,0,6797852,120.9243102,488853,8.69601336,54614,0.971506923,38,6.777000999,19.8,2.49,5075444934,8.43,5607200,2.343275262,0.078879333
2013,USA,47,USA,0,0,0,0,0,0,1,5.663756371,4.830934525,5.788833141,6.019151211,47.91025543,105.9135971,6.303523064,77.86302185,28.74615288,2.482843637,2.298570156,2.939580917,2.904504776,8.901119232,104.8292313,3.620476723,20,0.296703994,USAUSAUSAUSAUSAUSAUSAUSAUSAUSAUSAUSAUSA,2013,KGZ,417,840,1,1,6,-5,0,10203.98926,10948.733,10492.80469,10909.581,1,0,0,0,0.0056,0,2,3,1,2,0,0,0,0,0,0,0,,,,0,0,,,5719.5,316128.845,7226303.488,16768099680,1.263000011,53.04199982,1,1,1,1,18470586.53,16691517000,3.229,52.787,5683.808105,315536.6875,19626012,16270135296,0,1,1,1,0,0,0,0,6,2.7,1.2,4,6,10,6.2,14,12.19999981,4480.19,3673.658,5316.713,1783.146,4480.187988,3524.576904,12.25,24.08333397,20.5,28.33333397,20.33333397,24.33333397,22.08333397,59.25,38,11.33333302,19.66666603,12.33333302,19.16666603,7.25,22.66666603,43.08333206,15.75,7.583333492,4.333333492,19.75,8.666666985,33.66666794,43.83333206,10.66666698,0,28.75,29.75,37.08333206,35.75,7.75,0,48.66666794,0,0,35.41666794,32.08333206,19.75,18.08333397,34.5,35.16666794,14.58333302,25,34417000000,4.783254648,6613000000,39.94314124,6.317909904,5.955568245,27.02176802,19.17383116,0.859739209,13004.02357,0,0,0,0,0,0,0,0,0,0,0,0,0,0,15763,20271,101577,339482,0,9745498,37113.55892,743171000,2541355,36047.10494,154321.5,85.39064528,44340870,310698000,98.19768385,133233000,42.10896759,96032000,30.35140225,1360046,4303.12671,71.4,4.1623265,1.59E+13,7.38,316059947,12.96091844,8.876658024,21877873,2.066770528,2277998114,5.609877953,93.47655414,20.27692527,0.192705731,0,0.72086218,1887.020071,0,0,0,0,0,0,0,0,0,0,0,0,0,0,797,14,7526,326,0,12189,0.59035,771165,1002,0,417,0,0,6737487,117.555938,461277,8.048379225,136200,2.376422953,44,7.692845654,23,2.2679855,5629453576,8.33,5719600,2.214600984,0.055729993
2014,USA,45,USA,0,0,0,0,0,0,1,5.684453011,4.889930725,5.94841814,6.191640854,44.01641464,98.16610718,6.426709175,81.02519989,28.0311718,2.529613018,2.500800848,3.089701176,2.684545279,8.972932816,124.7750702,3.570311546,21.72350883,2.623142004,USAUSAUSAUSAUSAUSAUSAUSAUSAUSAUSAUSAUSAUSA,2014,KGZ,417,840,1,1,6,-5,0,10203.98926,10948.733,10492.80469,10909.581,1,0,0,0,0.0056,0,2,3,1,2,0,0,0,0,0,0,0,,,,0,0,,,5835.5,318563.446,7468096.512,17393103405,1.279999971,54.59899902,1,1,1,1,19557845.56,17393103000,3.352,54.599,5774.565918,317718.7813,20881824,16721713152,0,1,1,1,0,0,0,0,6,2.3,1.2,4,6,10,5.6,14,11.60000038,2457.685,2472.859,3385.336,2858.962,2457.684082,2360.415039,18.41666603,29.16666603,22.58333397,29.41666603,23.75,29.25,11.33333302,75.58333588,37.33333206,13,26.91666603,2.5,18.41666603,35,26.58333397,37.41666794,19.75,11.66666698,5.75,20.5,21.66666603,40.5,39,25.66666603,3.5,41.83333206,40.33333206,30.16666603,39.33333206,12.16666698,0,42.58333206,0,0,28.91666603,43.91666794,27.08333397,45.41666794,22.91666603,37.91666794,46.83333206,23.33333397,34690000000,4.584367426,6503000000,39.65073269,6.053798474,5.911386391,26.88796144,19.2302385,0.923259081,12993.96558,0,0,0,0,0,0,0,0,0,0,0,0,0,0,15058,20320,110513,361547,0,9556324,38225.19609,762710000,2702743,36393.10649,152932.6,88.2414692,46233010,355500000,111.5562164,128495000,40.32184536,97810000,30.69286505,1633177,5129.544994,73,4.184653,1.63E+13,6.17,318386329,12.86420128,8.965921416,20849181,2.31464387,2242827292,7.363436728,91.2572056,23.73044194,0.80290969,0,0.576447982,1941.221832,0,0,0,0,0,0,0,40000000,0,0,0,0,0,0,714,48,6330,372,0,17388,0.237168,712284,1010,0,424,0,0,7563444,129.4106012,443184,7.582882599,170706,2.920781339,82,14.05192357,28.3,2.045971,5855984962,8.05,5835500,2.037129014,0.056549192
2015,USA,50,USA,0,0,0,0,0,0,1,5.693639278,4.894029617,6.052972794,6.28626585,42.22486877,95.52954865,6.513137341,84.19999695,28.53985214,2.72516942,2.639318705,3.181883574,2.857395649,8.31497097,121.4498215,3.747436047,23.39999962,0.961614013,USAUSAUSAUSAUSAUSAUSAUSAUSAUSAUSAUSAUSAUSAUSA,2015,KGZ,417,840,1,1,6,-5,0,10203.98926,10948.733,10492.80469,10909.581,1,0,0,0,0.0056,0,2,3,1,2,0,0,0,0,0,0,0,,,,0,0,,,5956.9,320896.606,6678178.304,18036648051,1.121000051,56.20700073,1,1,1,1,20534456.2,18036648000,3.447,56.207,5865.400879,319929.1563,21694070,17240649728,0,1,1,1,0,0,0,0,6,2.1,1.1,4,6,10,5.6,14,11.60000038,1140.16,15995.069,15803.691,15757.786,1140.156006,15795.84863,24.83333397,36.25,24.5,34.41666794,36.75,32.41666794,20.08333397,82.91666412,46.16666794,12.91666698,27.41666603,17,15.16666698,56.41666794,31.66666603,36.58333206,23.58333397,11.08333302,8.833333015,22.25,28.58333397,46.58333206,33.41666794,23.25,18.08333397,52.25,47.08333206,38,37.91666794,17.16666603,1.333333373,52.5,0,0,27.66666603,58.58333206,29.83333397,44.41666794,20.58333397,37.5,65.5,37.33333206,36578000000,4.76049794,6578000000,34.23273373,5.84163826,0,31.94216122,19.32377763,0.90380652,0,0,0,0,0,0,0,0,0,0,0,0,0,0,0,18187,22785,128969,388136,0,9498668,37866.22451,798222000,2537845,36043.87568,151735,89.36088011,47886450,382307000,119.1439209,124848000,38.90820791,102212000,31.85382022,2039539,6358.874469,74.55420245,4.168332,1.68E+13,5.28,320738994,13.78118874,9.438521658,42524386,4.981863628,1687701982,13.21565618,85.18802763,0,1.304681504,0,0.291634689,0,0,0,0,0,0,0,0,0,0,0,0,0,0,0,904,21,6330,341,0,20962,0.06929,967629,918,41,424,0,0,7579439,127.1905538,408037,6.847268246,211521,3.549533564,136,22.83066696,30.24704278,2.0029855,6082952718,7.56,5956900,2.799089538,0.069321085
2016,USA,57,USA,0,0,0,0,0,0,1,5.700570583,5.023574829,6.21373558,6.444423199,40.11922455,98.40686035,6.544355392,87.36000061,30.37388802,2.55556941,2.426702499,2.905791998,2.928073406,7.877223492,134.4608612,3.580476284,28.29999924,4.158264637,USAUSAUSAUSAUSAUSAUSAUSAUSAUSAUSAUSAUSAUSAUSAUSA,2016,KGZ,417,840,1,1,6,-5,0,10203.98926,10948.733,10492.80469,10909.581,1,0,0,0,0.0056,0,2,3,1,2,0,0,0,0,0,0,0,,,,0,0,,,6082.7,323127.502,6551287.808,18569100263,1.077000022,57.46699905,1,1,1,1,21600596.55,18569100000,3.551,57.467,5955.733887,322179.5938,23261980,17497335808,0,1,1,1,0,0,0,0,6,2,1.1,4,6,10,5.6,14,11.60000038,433.34,3455.588,3186.141,3141.619,433.3439941,3204.272949,22.25,33.5,30.25,33.41666794,55.08333206,35,18.16666603,72.41666412,44,12.66666698,23.75,13.16666698,20.25,41.08333206,42.91666794,33.83333206,22.91666603,9.75,10.5,18.41666603,25,41.75,28.25,32.5,15.16666698,56.58333206,46.75,38.83333206,26.16666603,15.5,5.083333492,62.58333206,23.16666603,21.75,23.25,53.08333206,21.83333397,49.41666794,16.41666603,30.08333397,54.66666794,31.91666603,38551000000,4.939092512,6330000000,0,0,0,0,0,0,0,0,0,0,0,0,0,0,0,0,0,0,0,0,0,21015,24405,156755,388506,100,9640591,38657.91904,824039000,2314699,35892.15736,151270,88.76314042,48436470,396000000,122.5945483,121343000,37.56563201,105714000,32.72717192,3694357,11435.09744,85.54442129,4.152011,1.70E+13,4.87,323071755,14.06206254,9.647406463,65799849,7.823715565,1994607958,0,0,0,0,0,0,0,0,0,0,0,0,0,0,0,0,0,0,0,0,0,460,17,6085,269,85,23120,0.088343,1015750,807,40.8,424,0,0,7613528,125.3393872,382149,6.291212364,240873,3.965424993,257,42.27321326,37,1.96,6346700783,7.21,6079500,3.130007198,0.371673953
2017,USA,18,USA,0,0,0,0,0,0,1,5.613397121,5.126570702,6.090767384,6.473139763,37.52095795,117.5867462,6.540542126,74.55000305,31.53100204,2.488281965,2.373281956,2.882899284,3.238278627,7.14910078,132.7972107,3.443375826,30.24704361,3.706052065,USAUSAUSAUSAUSAUSAUSAUSAUSAUSAUSAUSAUSAUSAUSAUSAUSA,2017,KGZ,417,840,1,1,6,-5,0,10203.98926,10948.733,10492.80469,10909.581,1,0,0,0,0.0056,0,2,3,1,2,0,0,0,0,0,0,0,,,,0,0,,,6198.2,324985.535,7702934.8,19519353692,1.243000031,60.06200027,,,,,31280403.48,19519353692,5.047,60.062,6045.117188,324459.4688,24668016,17928570880,0,1,1,1,0,0,0,0,6,2.1,1.1,4,6,10,5.6,14,11.60000038,952.737,6757.225,6746.717,6508.67,952.7399902,6458.687988,25.41666603,37.58333206,35.33333206,36.58333206,52.08333206,44.83333206,13.5,61.33333206,45.41666794,14.83333302,26.33333397,25.16666603,25.75,16.91666603,48.66666794,32.08333206,21.58333397,16.25,19,22.83333397,44.58333206,55.25,28.33333397,22.58333397,34.16666794,51.08333206,42.83333206,42.58333206,25,18.58333397,19.16666603,69.33333588,47.66666794,53.91666794,18.41666603,66.16666412,20.08333397,49.25,14.5,37.83333206,33.41666794,33.75,42218000000,5.084129347,6347000000,0,0,0,0,0,0,0,39.65878143,13.14231696,47.19890162,444.3961118,15.7699117,2818,8667.512166,0,0,0,0,0,0,0,22451,23618,185677,428224,100,9639096,41591.55177,849403000,2445138,33255.54261,150966,90.02253907,52132840,400000000,123.0448345,116297000,35.77436279,108200000,33.28362773,9863566,30338.03347,87.27488917,4.1010055,1.74E+13,4.36,325122128,14.27534938,9.475492969,39813681,4.833165121,2485778060,0,0,0,0,0,0,0,92.68929504,2.924281984,4.386422977,7.707,15.75107296,48.93,7894.227356,0,0,0,0,0,0,0,502,11,6989,519,85,27055,0.02165,1122951,935,43,424,0,0,8467966,136.8066442,362288,5.853047296,258013,4.16840274,639,103.0944468,38.19903776,2.17,6647530416,6.89,6198200,3.655667962,0.146529914
2018,USA,44,USA,0,0,0,0,0,0,1,5.733500481,5.483137131,6.000925064,6.24075985,37.08686829,127.1579361,6.462209702,76.17673492,32.36960602,2.650644302,2.449175596,3.082779646,3.649217606,6.594243526,131.3766479,3.460288048,34.5,4.076120853,USAUSAUSAUSAUSAUSAUSAUSAUSAUSAUSAUSAUSAUSAUSAUSAUSAUSA,2018,KGZ,417,840,1,1,6,-5,0,10203.98926,10948.733,10492.80469,10909.581,1,0,0,0,0.0056,0,2,3,1,2,0,0,0,0,0,0,0,,,,0,0,,,6322.8,326687.5,8271108.638,20580159776,1.307999969,62.99599838,,,,,33246519.09,20580159776,5.258,62.996,,,,,0,1,1,1,0,0,0,0,6,1.9,1,4,6,10,5.6,14,11.60000038,1891.791,7742.651,8165.577,7573.804,1700,7373.439941,31,39.16666794,45.83333206,36.75,60,65.75,12.58333302,54.75,41.33333206,13.16666698,23,16.75,28.16666603,13.33333302,54.75,31.83333397,26,35.08333206,52.08333206,49.58333206,43.41666794,62.08333206,30.75,18,45.75,62.5,39.75,53.41666794,25.16666603,10.58333302,44.83333206,56.08333206,46.83333206,53.91666794,21.66666603,64.25,21.66666603,56.08333206,13.58333302,45.08333206,22.5,29.58333397,45112008359,5.262011015,6651000000,0,0,0,0,0,0,0,0,0,0,0,0,0,0,0,0,0,0,0,0,0,24324,22825,194228,445872,100,9880509,42985.2996,889024000,2525224,31962.70664,150462.2976,90.68713652,54776340,422000000,129.0140075,110439000,33.76345493,110865000,33.89369182,21517004,65833.81033,88.49890317,4.05,1.80E+13,3.9,326838199,13.60394316,8.896843214,0,0,2688570122,0,0,0,0,0,0,0,0,0,0,0,0,0,0,0,0,0,0,0,0,0,0,0,7728,552,70,8751,1.263266,1175000.704,949,35,424,0,0,8735246,138.5660601,331140,5.252830332,250612,3.975425244,1075,170.0196116,38.19903776,2.38,6897338635,6.79,6322800,3.851815148,0.139359784