date,applicant ,arrival,asylum ,benefit,border ,control ,business ,citizenship ,compensation ,consulate ,contract ,customs ,deportation ,diaspora ,discriminate ,earning ,economy ,embassy ,emigrant ,emigrate ,emigration ,employer ,employment ,foreigner,GDP,hiring ,illegal ,immigrant ,immigrate ,immigration ,income ,inflation ,internship ,job,labor,layoff,legalization ,migrant,migrate,migration ,minimum ,nationality ,naturalization ,passport,payroll,pension,quota,recession ,recruitment,refugee ,remuneration ,required documents ,salary,Schengen,smuggler ,smuggling,tax,tourist ,unauthorized ,undocumented ,unemployment ,union,unskilled,vacancy,visa,waiver,wage,welfare
6/26/16,28,14,47,72,67,82,63,100,62,91,77,31,8,23,31,59,76,71,32,100,100,41,28,6,100,76,37,92,100,100,38,42,42,47,50,8,14,52,53,70,32,99,64,78,41,46,78,11,81,50,53,61,59,53,10,50,71,81,13,0,37,46,36,69,56,38,32,89
7/3/16,33,21,44,74,58,73,66,65,47,53,82,32,10,31,0,41,61,61,0,65,38,37,27,9,56,50,35,46,23,55,35,36,45,47,56,9,15,28,65,55,33,91,54,65,40,49,48,7,94,39,42,12,57,45,38,43,67,97,12,14,29,40,19,66,53,50,30,70
7/10/16,38,20,61,70,63,82,59,39,46,77,80,36,15,18,25,68,52,72,34,44,43,42,26,5,44,70,42,57,30,57,38,41,42,46,46,0,23,44,59,46,31,74,27,58,36,53,61,3,87,46,60,35,56,26,54,29,63,93,7,0,22,36,13,59,52,53,32,70
7/17/16,64,15,51,65,65,82,60,34,59,53,79,31,19,41,18,83,55,58,18,43,10,46,31,4,55,80,38,17,19,51,36,38,39,46,54,9,32,43,69,52,33,54,65,52,34,48,42,4,85,48,67,6,59,21,40,41,60,89,13,0,19,37,20,66,54,34,29,68
7/24/16,33,16,60,74,65,76,60,25,48,50,83,35,10,32,17,62,56,63,17,32,30,41,26,5,37,60,36,39,18,55,35,34,29,44,50,13,0,24,53,51,34,57,35,56,53,52,67,4,87,58,86,66,61,35,28,54,76,94,27,0,19,37,19,75,55,49,32,68
7/31/16,29,19,54,74,66,82,63,31,51,62,83,38,24,19,18,70,57,67,0,20,36,42,27,3,41,73,36,54,6,51,39,44,41,47,41,5,16,34,64,33,34,51,36,58,40,53,37,4,86,81,48,37,58,26,29,66,75,100,5,0,20,34,100,52,53,55,30,72
8/7/16,6,21,48,69,55,79,57,25,48,64,78,26,5,30,27,43,47,56,18,23,26,38,25,4,39,72,30,30,0,37,34,34,39,43,43,5,16,29,54,33,34,51,51,50,39,47,23,2,82,94,64,44,51,22,58,26,61,85,13,16,16,34,7,64,55,39,30,61
8/14/16,42,23,52,66,60,74,56,33,46,78,75,26,9,31,9,72,52,57,18,47,42,34,23,4,34,63,32,15,13,40,35,40,35,43,44,0,0,41,38,40,29,35,52,48,38,45,43,3,82,51,65,45,52,25,12,31,58,77,13,0,18,32,0,55,47,49,27,66
8/21/16,43,22,54,68,53,73,60,21,44,51,76,38,5,26,9,70,50,61,18,36,25,40,27,6,51,54,41,28,12,40,35,28,40,44,50,18,8,41,50,48,34,47,43,46,44,45,28,1,87,51,30,44,57,20,6,30,63,90,8,15,18,34,13,62,51,44,31,43
8/28/16,34,20,54,72,73,72,59,30,45,69,78,34,7,43,34,59,48,56,0,51,20,37,25,6,33,61,36,33,24,46,38,32,45,44,74,9,8,40,67,44,31,52,35,48,42,45,54,3,73,45,65,42,59,17,34,74,73,77,12,30,18,36,26,56,49,44,29,62
9/4/16,55,23,50,83,66,84,67,34,50,60,100,38,15,46,0,55,58,49,0,41,29,41,33,4,34,75,36,41,24,48,43,36,53,49,83,9,8,54,74,54,36,59,61,50,36,45,52,3,92,54,60,47,62,27,60,34,66,78,9,15,27,40,0,74,53,53,32,84
9/11/16,30,20,54,80,69,86,70,31,48,68,94,35,5,42,17,55,57,51,51,34,39,45,31,6,48,51,39,41,30,43,39,49,46,50,55,9,8,39,94,59,35,44,27,45,41,48,52,3,98,55,46,59,65,29,38,43,63,77,17,29,28,40,13,80,50,54,33,79
9/18/16,48,17,61,70,57,81,71,31,53,59,89,38,16,35,57,49,59,54,17,43,38,40,31,6,58,46,38,34,0,36,39,46,63,48,51,17,8,46,77,51,38,56,87,42,44,45,39,4,90,58,34,17,60,22,27,28,64,69,9,14,33,42,19,71,46,51,35,71
9/25/16,42,20,55,80,57,86,72,30,51,59,92,43,3,14,24,76,61,51,65,21,19,47,30,7,44,62,36,39,29,44,40,42,69,49,50,17,15,49,50,70,41,54,72,41,53,52,42,4,88,42,61,63,66,23,16,46,76,61,11,14,28,45,18,73,49,48,43,73
10/2/16,38,15,49,80,59,90,78,33,46,57,83,39,3,38,41,77,69,55,100,22,29,45,32,7,52,61,42,38,18,57,41,56,82,49,55,9,23,49,80,66,44,65,54,42,43,58,91,3,93,59,73,70,61,25,49,29,69,68,5,29,33,44,25,74,50,46,41,72
10/9/16,34,23,54,73,60,92,71,32,50,68,80,33,6,54,48,63,74,50,32,33,28,44,28,6,61,45,38,25,57,47,38,68,90,48,57,4,15,54,59,60,37,61,85,40,41,60,55,3,95,57,68,34,62,26,37,51,64,71,16,0,27,41,6,80,49,50,34,80
10/16/16,37,20,58,73,54,94,70,30,52,57,83,38,9,48,48,63,71,61,0,15,23,47,32,7,50,67,40,53,29,49,43,83,80,48,48,13,22,100,78,55,36,47,33,38,46,57,51,4,97,94,58,69,67,20,26,60,64,60,11,14,31,41,18,70,51,52,32,76
10/23/16,16,25,76,78,59,84,68,26,46,61,83,40,3,57,8,49,65,61,32,36,23,37,30,5,53,46,35,29,17,39,41,55,70,41,51,12,29,66,54,61,36,58,33,34,49,57,42,3,87,88,47,51,57,22,37,23,63,61,11,42,28,43,0,68,50,51,35,71
10/30/16,50,34,68,83,53,94,69,33,45,61,78,28,20,54,40,64,78,59,65,30,28,42,31,2,51,53,38,43,28,50,40,73,88,44,42,8,15,67,46,78,38,55,26,35,39,60,63,4,89,54,54,57,63,20,11,23,71,63,21,14,38,45,24,83,49,55,36,89
11/6/16,38,79,50,87,67,87,70,42,42,49,86,33,9,48,23,43,76,57,31,63,44,47,30,8,71,40,36,43,65,75,40,49,87,44,38,8,56,32,64,79,34,51,43,36,38,54,76,6,84,44,61,16,56,18,20,31,57,59,11,13,39,47,17,71,49,52,30,81
11/13/16,61,100,54,83,61,96,74,26,51,66,88,43,18,46,31,72,72,56,31,32,31,49,31,3,64,47,38,66,38,47,43,74,81,45,41,0,21,42,89,73,32,65,32,35,38,58,65,4,89,47,65,55,63,35,40,13,58,57,11,41,36,45,0,71,47,36,29,77
11/20/16,47,64,57,95,55,96,69,24,46,54,88,37,10,38,68,81,81,48,15,20,26,42,31,3,68,47,34,22,27,46,45,55,70,41,41,4,62,29,75,51,40,59,61,34,38,60,87,4,76,41,57,27,62,22,15,22,60,53,6,26,39,41,0,74,45,50,36,74
11/27/16,50,58,50,90,54,100,72,27,48,55,81,38,7,58,23,79,66,59,15,34,27,44,34,7,59,38,38,45,16,49,41,53,82,42,57,4,14,49,90,84,36,61,69,34,47,54,44,4,78,39,61,27,55,24,50,40,66,52,26,13,36,41,17,60,44,37,31,90
12/4/16,43,42,49,86,53,97,68,30,41,46,79,36,4,52,0,54,64,51,15,23,40,41,30,7,62,41,43,50,38,48,41,57,67,40,50,4,56,38,70,69,32,53,12,33,44,48,100,3,82,46,58,54,57,17,0,35,58,53,11,13,29,40,17,63,44,37,28,72
12/11/16,53,37,53,81,61,86,67,28,45,54,78,46,8,65,40,81,61,52,49,24,23,36,29,4,54,31,35,39,17,44,41,55,64,38,48,13,30,40,69,69,29,53,20,33,31,46,55,4,70,48,41,40,58,22,47,23,58,48,7,0,29,37,18,49,43,31,24,72
12/18/16,31,43,52,85,63,85,56,21,43,41,70,44,10,40,9,66,51,46,18,16,10,32,19,5,41,29,30,38,12,35,32,35,59,30,39,9,0,30,73,42,23,42,35,32,37,43,27,3,58,45,44,56,53,30,11,45,58,41,7,0,15,33,0,42,40,35,24,60
12/25/16,23,42,55,79,54,85,38,24,37,41,59,20,2,40,17,67,46,38,18,55,20,19,13,5,41,31,32,21,18,27,25,24,62,27,41,5,0,20,59,34,20,55,7,34,20,29,50,1,34,38,18,43,41,16,28,25,47,49,5,15,18,27,13,39,39,21,17,47
1/1/17,30,36,52,74,56,84,64,27,44,52,76,42,10,35,38,52,73,54,46,51,9,40,31,5,45,52,40,50,59,41,44,58,74,43,51,8,28,43,53,60,32,52,25,58,44,53,36,4,85,43,83,38,63,29,25,26,71,70,11,0,28,34,34,71,54,48,28,55
1/8/17,50,32,43,76,59,80,72,35,67,67,79,45,11,33,29,80,73,55,0,54,21,50,33,5,53,65,35,33,20,47,52,57,70,46,54,4,7,52,49,69,37,52,64,59,46,65,68,5,97,35,82,61,70,18,33,12,72,63,20,0,38,35,16,69,53,37,35,81
1/15/17,100,49,51,80,60,83,75,42,50,69,83,47,14,52,22,66,73,63,29,27,59,43,32,5,74,67,33,35,31,54,49,72,74,49,50,4,33,25,81,70,35,66,65,63,39,64,49,4,96,45,46,21,75,20,38,29,82,72,12,13,43,37,27,59,53,44,34,80
1/22/17,81,49,70,83,73,84,74,34,49,75,86,50,12,63,30,95,61,61,45,36,35,54,35,6,72,64,45,49,16,55,53,51,97,51,43,8,14,40,91,68,40,59,24,61,54,63,78,3,100,40,53,32,72,21,15,17,87,67,6,52,31,41,17,76,53,52,36,87
1/29/17,81,39,60,76,61,83,78,45,49,70,82,43,15,46,29,77,63,65,44,41,46,53,38,6,59,56,45,91,36,90,49,52,88,49,42,15,20,41,77,76,34,71,82,61,49,71,72,5,99,91,49,61,71,26,5,29,94,70,14,25,36,42,0,55,62,56,31,74
2/5/17,75,38,44,73,61,87,77,41,45,61,81,35,17,44,44,64,73,59,30,42,52,45,35,2,71,57,50,79,58,53,47,54,73,47,50,15,20,58,64,72,38,60,60,60,38,70,43,4,95,53,59,42,69,29,39,73,71,73,8,39,30,44,17,100,54,42,37,82
2/12/17,48,41,55,73,60,78,71,40,45,67,81,32,10,34,36,70,68,62,44,52,47,51,35,8,60,57,44,43,31,57,42,61,81,45,52,19,33,43,44,66,39,43,89,58,44,78,38,3,93,64,74,67,69,28,38,25,69,65,23,26,34,39,22,81,49,69,36,77
2/19/17,62,31,49,75,62,79,72,37,58,63,81,33,7,43,36,95,63,54,58,49,21,49,34,6,60,51,37,53,26,52,46,52,79,47,69,11,27,44,49,90,38,64,29,58,53,79,57,3,92,53,46,31,70,30,33,58,76,63,12,63,36,39,11,77,52,39,37,74
2/26/17,67,32,59,77,64,79,76,48,50,67,81,34,18,38,56,70,77,62,28,31,49,46,34,7,71,54,40,48,5,58,49,57,77,46,58,18,13,42,51,71,37,54,28,60,47,73,55,4,92,48,80,79,70,29,27,40,82,66,8,0,37,42,16,68,54,36,35,85
3/5/17,58,31,48,80,64,89,76,35,55,74,82,34,15,36,28,83,73,56,29,21,53,49,34,10,70,51,39,71,40,56,51,64,83,48,50,11,13,28,70,72,40,55,52,63,52,77,74,4,92,44,60,60,70,28,32,24,82,66,12,12,43,43,16,66,53,40,39,82
3/12/17,56,30,45,81,73,80,72,44,49,86,81,32,14,87,28,72,81,58,29,32,41,45,32,4,84,57,40,38,40,59,46,60,71,49,50,18,7,36,56,72,48,62,76,57,40,71,41,4,84,57,60,71,65,30,33,41,80,64,10,50,39,44,11,78,52,49,48,81
3/19/17,80,41,50,77,64,81,74,35,44,65,75,36,13,66,30,64,77,59,0,58,34,47,35,7,77,50,43,34,42,54,45,74,70,48,51,8,14,27,54,79,51,58,66,56,50,76,50,6,89,51,75,42,68,26,68,51,77,75,8,13,38,40,28,77,51,50,52,80
3/26/17,76,33,44,77,70,78,74,35,45,56,82,39,19,25,30,85,67,61,30,31,47,46,34,6,71,50,43,40,21,45,44,63,54,45,50,4,14,35,62,74,59,58,42,56,61,76,55,4,91,43,69,53,70,32,58,30,92,70,6,52,34,43,11,80,51,43,63,88
4/2/17,60,30,65,79,67,85,70,36,46,100,84,41,10,29,8,55,67,57,15,34,35,48,30,7,59,65,41,46,32,54,46,48,67,43,48,12,21,20,69,60,59,51,49,63,66,65,79,2,84,55,29,48,64,40,50,48,93,77,6,13,31,38,6,73,48,50,56,69
4/9/17,30,28,51,73,64,84,60,29,48,78,75,33,8,26,46,60,54,54,0,6,27,41,27,9,50,52,42,53,27,48,43,55,60,40,64,4,7,25,83,55,45,59,69,52,45,58,36,5,75,44,39,33,59,32,20,44,76,83,15,0,24,35,23,60,46,40,41,57
4/16/17,47,26,45,72,70,79,65,43,38,69,78,36,7,42,38,78,61,58,15,37,26,42,31,7,69,57,45,59,43,53,48,50,50,42,51,8,42,27,49,66,40,63,49,58,43,61,71,3,75,39,86,27,63,28,25,26,77,75,4,0,37,36,17,63,54,24,35,77
4/23/17,55,18,50,81,59,83,73,31,42,69,80,38,7,58,43,84,71,57,29,35,21,50,34,5,62,49,40,46,20,44,47,58,61,45,48,15,20,26,55,77,40,60,29,55,56,67,64,5,86,53,73,36,69,28,38,58,87,74,10,13,47,38,27,86,46,46,41,89
4/30/17,31,24,51,70,64,84,67,35,48,70,77,32,3,31,29,76,66,53,15,19,30,42,29,6,56,68,45,39,42,46,45,48,47,43,65,11,7,26,59,81,36,50,12,56,39,61,65,6,76,40,93,52,60,34,53,42,80,78,10,13,38,35,33,71,49,50,35,74
5/7/17,29,20,52,77,66,83,70,37,46,56,84,36,10,84,37,74,74,61,0,19,47,50,34,8,69,48,48,36,26,51,48,65,48,46,72,27,20,45,62,72,39,48,12,62,53,61,81,5,89,55,96,52,69,35,39,38,78,71,4,26,31,43,17,73,53,41,36,81
5/14/17,25,19,45,69,63,84,68,39,51,56,83,35,13,47,30,67,66,60,15,25,39,45,30,7,57,67,44,46,16,53,48,78,55,44,62,16,28,32,49,65,38,46,37,56,50,60,59,4,82,43,63,53,66,36,44,39,76,75,11,13,36,36,6,86,45,39,36,72
5/21/17,26,20,51,69,55,84,64,26,50,85,73,35,12,43,24,61,57,52,48,27,55,42,30,6,68,47,36,56,22,48,41,42,61,41,57,8,7,36,72,71,33,50,32,51,42,54,41,3,78,42,60,34,59,36,21,68,74,71,16,0,34,39,6,67,47,46,33,77
5/28/17,43,21,45,87,58,74,57,27,54,62,74,34,6,36,16,60,63,60,47,35,40,35,26,5,69,59,39,34,16,48,41,46,57,38,59,16,7,33,38,56,36,52,51,56,46,53,65,4,72,36,55,49,58,27,41,36,80,70,9,14,30,36,18,64,48,36,33,75
6/4/17,22,15,40,83,58,74,64,31,51,69,72,37,13,25,30,44,65,65,0,70,39,47,27,4,65,60,42,45,42,62,40,54,48,44,77,8,14,38,52,78,35,70,36,57,37,53,70,6,77,39,34,37,60,38,29,51,73,66,11,13,32,39,11,66,49,54,33,82
6/11/17,33,17,47,72,56,77,66,32,53,74,73,42,17,50,16,66,55,63,47,38,45,41,28,11,53,63,35,25,17,42,37,68,46,46,54,0,14,31,47,50,36,54,38,59,42,50,29,4,80,45,36,39,68,24,36,36,67,74,16,0,26,37,24,69,46,20,35,82
6/18/17,30,21,39,68,58,85,65,32,51,54,70,41,9,22,30,59,51,53,31,40,40,50,27,7,53,62,47,31,27,48,39,46,41,45,51,16,14,23,73,58,38,51,43,56,41,50,40,3,85,68,51,43,64,32,35,52,68,76,22,13,21,37,11,83,49,30,37,99
6/25/17,41,20,42,68,62,74,65,39,66,66,76,38,3,20,16,66,57,57,31,44,22,49,27,33,54,63,36,49,44,39,39,39,38,47,49,8,7,27,49,51,41,49,57,60,53,57,45,4,82,37,42,33,63,35,35,36,79,71,15,27,25,37,41,64,50,45,38,65
7/2/17,18,22,41,72,59,76,62,31,60,61,80,40,6,43,8,51,59,58,16,18,50,45,28,13,51,71,46,38,28,39,39,48,45,46,56,8,15,40,81,68,40,56,45,59,45,51,33,3,80,36,83,39,70,30,31,41,76,83,7,14,25,36,12,72,56,33,36,69
7/9/17,50,22,46,67,54,81,62,32,56,63,84,33,10,35,31,68,73,61,31,17,22,45,26,7,40,58,42,39,16,43,40,43,44,43,52,8,0,35,68,55,39,93,44,56,46,56,36,3,88,33,42,54,63,44,20,35,72,82,11,13,24,33,0,89,50,46,33,64
7/16/17,40,18,39,68,58,75,61,33,65,59,77,39,4,36,31,61,49,53,46,26,31,45,30,9,42,61,39,28,33,45,40,69,43,44,62,8,35,29,68,57,36,69,44,56,41,78,72,4,82,29,45,44,80,34,35,31,71,87,26,40,15,32,23,77,50,62,35,66
7/23/17,37,18,33,70,69,73,63,33,51,59,79,36,6,35,30,73,52,60,31,31,13,46,32,6,45,53,38,28,27,40,44,35,47,43,51,0,28,31,75,40,34,39,37,57,52,60,56,3,87,23,48,59,69,41,45,57,79,82,6,13,18,34,6,65,53,58,34,59
7/30/17,12,21,46,71,67,80,60,33,50,65,83,38,12,44,22,75,56,58,30,19,26,38,24,8,43,61,37,52,32,45,44,47,31,41,54,8,7,14,54,38,37,45,42,59,39,64,39,2,82,29,75,53,65,100,19,26,82,83,11,0,18,35,11,51,51,64,35,56
8/6/17,30,19,46,66,69,77,62,29,50,72,85,38,6,45,0,62,53,54,0,23,13,42,28,6,38,58,37,35,27,43,36,43,51,42,48,4,7,42,64,52,33,53,43,54,41,56,32,3,80,29,77,49,63,41,40,53,67,87,9,27,19,35,0,64,51,52,31,60
8/13/17,37,26,45,63,64,73,63,31,52,60,72,38,10,29,8,61,53,55,15,45,4,42,24,8,33,61,38,30,21,38,37,55,46,40,57,4,0,25,69,29,35,62,49,49,38,60,40,2,81,22,48,27,66,29,40,22,66,73,4,27,20,33,11,52,51,39,34,72
8/20/17,50,27,43,71,56,77,63,35,46,64,74,31,11,26,100,74,59,56,0,26,13,40,27,7,48,59,38,28,27,41,37,38,56,41,70,0,21,29,52,64,36,55,31,48,56,57,36,3,82,27,65,27,69,28,25,31,69,82,13,0,24,34,6,65,49,59,31,64
8/27/17,36,21,45,64,58,75,59,30,49,57,72,28,11,30,31,70,55,50,32,18,27,35,22,7,45,76,38,34,28,41,36,34,47,40,83,4,14,26,67,53,35,55,38,43,51,53,70,2,69,32,33,44,66,21,67,63,73,72,4,0,17,38,12,61,48,44,34,84
9/3/17,37,21,39,80,60,82,72,40,54,60,81,42,9,29,30,48,62,53,15,28,26,53,32,8,53,68,37,53,32,48,41,47,45,46,75,4,21,26,55,44,38,54,68,49,41,58,32,3,88,34,51,48,73,20,44,61,74,74,19,13,22,42,6,73,51,47,35,62
9/10/17,44,18,40,72,55,84,70,31,71,67,90,37,7,44,37,76,60,49,15,17,34,49,30,11,57,61,35,18,42,44,39,75,46,46,62,12,7,41,69,57,38,46,78,47,39,57,70,3,85,33,47,68,67,26,44,13,68,71,8,39,32,39,11,71,51,62,33,77
9/17/17,71,21,36,75,62,87,76,36,65,64,83,37,16,44,30,68,63,51,15,33,26,44,31,10,48,55,41,20,10,45,40,39,57,44,48,0,7,36,77,46,38,63,24,45,46,57,47,4,92,36,75,58,70,21,34,30,65,69,19,0,24,43,6,57,49,64,32,68
9/24/17,35,17,47,76,58,78,72,37,52,57,85,34,4,33,0,72,68,44,0,27,25,47,28,11,57,54,39,28,20,40,40,52,51,42,36,15,33,25,79,58,40,56,41,41,59,59,45,4,87,32,45,36,73,29,28,25,75,63,6,13,30,42,11,64,47,49,36,78
10/1/17,38,19,31,71,57,85,77,32,56,56,88,38,11,31,65,80,68,47,0,19,29,46,28,16,73,49,44,42,26,40,40,38,72,46,48,19,60,31,55,61,35,59,24,42,46,60,76,3,91,42,52,52,70,20,57,42,74,63,25,13,24,39,16,71,54,58,31,81
10/8/17,34,17,36,72,63,90,78,37,54,62,83,34,11,37,29,59,73,56,15,30,30,44,31,26,56,46,44,41,16,44,43,66,89,46,49,15,13,32,86,63,36,49,36,44,49,58,77,4,95,39,80,68,73,20,29,21,66,65,21,0,30,49,17,78,50,40,33,84
10/15/17,42,17,45,74,60,83,73,32,51,63,82,35,8,39,14,65,68,48,14,27,25,46,31,25,62,44,37,36,20,42,42,84,86,43,49,7,0,20,84,52,35,50,52,38,40,65,67,4,89,40,60,46,67,30,19,25,64,61,22,25,30,46,16,56,50,33,34,80
10/22/17,45,13,50,73,55,84,68,27,48,63,86,35,8,67,14,59,68,52,0,19,25,43,29,24,66,55,38,63,46,42,38,48,92,42,45,0,27,19,79,55,33,55,35,39,51,64,45,3,78,30,76,15,66,26,19,54,64,56,14,13,29,44,22,56,50,51,31,80
10/29/17,31,17,38,76,55,86,71,37,46,58,86,33,7,43,29,64,67,57,15,14,13,48,30,14,64,47,44,49,26,47,43,59,92,43,40,7,20,21,92,58,38,63,41,36,44,59,57,3,80,38,73,56,67,25,33,46,71,50,16,25,23,40,0,66,51,39,31,72
11/5/17,30,16,44,79,63,91,75,32,48,60,88,37,8,27,14,80,77,58,58,24,21,47,30,16,63,52,39,64,10,42,47,60,81,45,52,11,26,23,56,72,42,53,29,38,40,63,64,5,84,49,51,35,69,33,28,66,70,51,14,38,29,46,32,64,50,37,44,77
11/12/17,65,13,41,83,61,87,74,31,35,61,85,29,7,51,14,63,71,55,14,32,41,47,28,13,62,56,41,39,30,47,43,61,67,42,42,18,26,25,68,71,39,64,34,37,49,58,63,3,86,34,68,40,65,27,23,28,63,47,18,12,34,47,5,62,47,44,34,81
11/19/17,43,17,46,87,61,93,67,32,37,55,87,36,9,55,27,64,64,51,14,28,20,39,30,13,67,45,36,35,10,42,44,52,84,40,50,7,6,26,59,61,43,52,33,32,47,63,57,4,75,38,49,63,64,30,31,24,69,45,12,12,28,45,10,52,44,34,39,90
11/26/17,44,22,44,83,69,92,68,45,47,50,82,39,7,45,14,73,68,50,72,27,21,46,31,25,64,44,33,47,20,36,41,67,70,39,48,11,13,34,70,71,40,66,12,34,46,60,52,4,75,46,90,30,65,24,56,41,69,47,18,25,36,43,0,51,44,40,33,77
12/3/17,57,17,48,80,73,95,69,32,41,52,84,41,6,58,15,63,68,58,29,25,17,35,28,28,61,44,36,46,31,41,45,56,56,38,50,11,40,36,76,76,35,48,36,33,39,56,57,4,71,35,46,36,60,29,24,38,63,40,12,0,32,40,6,70,44,42,29,76
12/10/17,33,17,50,80,54,86,62,29,58,33,74,39,9,22,22,56,63,55,44,27,21,42,28,37,58,37,42,32,21,42,42,67,51,36,46,11,0,30,44,57,35,53,24,31,38,49,42,4,73,34,61,52,59,17,5,38,58,45,6,13,23,35,6,58,40,26,27,72
12/17/17,31,18,53,88,62,82,56,26,41,39,72,30,6,43,39,61,41,46,0,18,27,36,23,100,32,48,35,29,17,38,39,51,47,31,57,8,0,25,41,46,31,41,19,47,41,52,37,3,68,28,50,39,61,23,21,45,61,41,11,28,21,35,24,41,39,33,26,64
12/24/17,19,15,73,73,50,82,33,20,34,44,63,29,5,21,8,46,48,44,16,15,19,19,13,88,39,18,33,20,29,25,30,39,43,26,45,8,15,13,51,28,23,52,20,39,18,30,30,1,30,24,31,46,42,14,32,61,47,51,7,0,16,26,6,37,38,20,19,30
12/31/17,37,17,49,70,54,80,61,35,46,52,74,38,7,42,14,75,64,53,29,35,25,34,24,69,45,49,35,26,30,42,39,51,57,40,47,4,13,18,67,58,33,52,17,58,36,58,37,2,75,24,45,35,64,20,14,53,73,63,16,0,22,33,16,62,51,43,31,68
1/7/18,61,15,51,79,56,87,73,42,48,55,86,38,9,50,62,79,72,100,14,47,36,45,33,36,67,52,46,39,24,45,52,58,100,49,44,11,32,26,61,58,39,51,51,65,39,71,65,4,96,34,52,74,76,30,41,56,77,63,4,12,29,38,31,73,57,51,34,85
1/14/18,56,15,50,75,66,85,74,33,44,66,85,37,4,66,34,67,71,64,55,41,36,47,34,25,65,56,40,42,29,42,51,60,82,49,53,21,31,35,66,69,39,58,67,58,44,71,39,4,94,42,78,44,74,31,62,43,77,77,14,24,26,38,15,76,56,31,37,84
1/21/18,83,16,53,79,59,83,72,34,38,65,90,41,11,52,27,70,71,60,28,26,28,56,35,33,65,59,36,58,34,44,49,61,80,49,53,11,6,23,50,66,40,59,39,63,45,74,71,4,95,43,66,39,81,26,45,20,83,72,12,0,35,39,21,77,50,41,40,87
1/28/18,68,15,40,77,62,83,76,36,41,67,85,41,15,38,34,69,70,66,41,51,28,48,33,20,60,58,37,37,39,39,51,56,74,45,51,7,19,34,43,63,39,60,34,74,50,80,57,3,90,42,66,54,79,33,27,55,97,65,12,0,31,46,5,69,53,26,36,72
2/4/18,56,14,42,73,68,80,75,32,46,84,85,49,6,45,56,61,78,60,57,56,49,38,33,14,75,54,42,57,20,38,43,62,69,47,40,18,32,50,61,73,40,57,92,63,43,73,85,5,90,35,62,70,74,30,41,20,74,66,14,37,31,46,5,75,52,34,37,76
2/11/18,84,16,55,72,61,76,67,32,38,62,75,39,10,57,57,60,62,53,14,21,33,44,31,17,59,54,35,38,30,42,40,62,81,41,42,7,32,28,59,68,39,59,69,62,46,64,48,3,85,30,74,65,71,34,28,24,67,65,16,0,27,40,11,54,48,35,32,82
2/18/18,73,15,52,73,59,82,73,40,40,68,73,35,8,44,35,67,66,56,14,16,40,57,32,14,49,48,49,34,20,39,46,63,61,46,42,7,32,25,49,64,40,64,57,62,49,72,66,4,90,32,56,54,75,28,41,44,73,65,2,12,33,40,11,63,49,34,35,88
2/25/18,78,17,45,65,67,83,66,35,58,62,75,59,10,39,0,60,62,53,27,44,11,47,28,23,54,42,36,51,23,41,38,50,70,41,41,7,24,34,55,54,39,50,27,53,51,60,59,4,72,37,47,56,63,32,39,27,77,57,15,12,34,41,20,59,46,26,31,80
3/4/18,79,13,53,75,72,79,72,37,67,47,84,37,9,38,28,63,72,56,0,36,40,50,32,11,58,49,41,40,44,45,45,57,75,45,55,4,13,27,70,73,46,49,84,62,48,74,54,5,86,37,61,54,71,32,45,48,75,56,12,48,35,43,26,68,53,46,42,84
3/11/18,61,15,55,73,70,77,74,35,47,64,82,33,12,67,41,57,70,62,0,28,36,49,30,13,69,59,40,47,29,40,44,71,67,48,46,7,0,32,38,78,46,49,39,63,52,76,86,4,82,38,67,64,76,36,32,32,74,62,10,24,25,42,10,67,50,32,42,84
3/18/18,58,18,45,73,64,87,74,34,55,58,90,37,11,80,28,53,71,64,43,42,16,50,31,15,70,43,37,45,30,44,47,74,63,46,56,15,19,20,68,61,48,63,63,76,52,80,66,4,89,30,86,40,76,27,32,24,80,74,16,0,32,38,5,69,53,45,43,70
3/25/18,64,18,50,77,68,80,67,43,43,60,78,32,10,34,36,60,64,58,15,41,50,43,26,16,49,44,41,41,5,36,42,60,67,40,46,4,20,17,45,59,53,60,35,66,56,70,49,5,71,25,40,46,68,26,38,38,82,65,12,0,25,37,11,60,48,52,49,75
4/1/18,52,17,55,64,66,79,59,32,47,70,71,34,14,46,0,64,61,54,29,49,8,45,25,15,47,55,40,35,31,42,44,60,50,40,42,7,20,27,58,48,77,54,23,60,54,75,75,2,72,22,49,61,66,24,57,21,89,70,14,38,19,39,5,50,53,32,78,63
4/8/18,48,15,50,67,64,80,68,37,44,66,77,36,5,50,42,68,63,53,0,23,16,46,32,11,50,69,41,39,25,41,43,61,48,44,48,7,32,27,64,66,64,51,68,61,54,71,58,4,83,36,73,64,70,35,45,28,85,65,16,24,25,37,11,59,51,43,60,74
4/15/18,72,16,54,74,71,82,70,35,46,71,71,41,27,43,15,85,64,54,0,41,38,48,30,9,63,65,41,44,41,49,45,76,49,44,42,19,13,30,64,54,56,59,71,61,48,71,61,4,86,37,67,46,73,37,29,42,79,76,6,0,30,40,22,68,48,51,53,84
4/22/18,42,14,57,71,65,83,72,39,50,69,78,48,17,28,61,71,63,51,14,33,43,49,33,10,70,55,41,53,24,49,44,56,53,42,58,0,12,25,60,66,56,54,55,57,52,73,64,3,79,36,65,38,73,28,44,66,82,58,15,35,34,38,10,57,50,32,54,78
4/29/18,44,13,48,76,65,85,74,36,48,64,79,41,19,44,35,80,65,64,14,13,24,49,31,12,63,53,44,60,30,57,42,65,42,44,55,4,19,26,51,72,52,45,34,62,52,67,77,4,80,35,56,60,72,37,32,52,87,71,10,12,34,39,5,67,51,39,45,79
5/6/18,28,14,51,65,68,82,65,37,48,64,67,36,8,49,7,76,62,51,29,43,38,42,28,13,55,52,43,47,15,45,37,61,48,42,58,4,7,23,64,59,43,49,59,58,43,60,49,3,78,30,79,26,67,32,24,58,71,74,8,13,39,39,5,57,52,32,36,71
5/13/18,24,16,47,65,59,79,71,31,45,60,77,34,8,52,22,86,74,65,44,35,34,48,32,19,57,53,43,39,31,41,40,62,44,44,48,4,20,23,60,76,40,64,77,57,40,56,83,4,82,34,73,46,64,31,28,33,74,64,6,0,29,50,16,70,52,49,38,72
5/20/18,47,16,44,69,59,81,69,38,55,77,78,34,3,54,36,70,60,56,0,35,25,50,31,12,62,56,44,43,40,42,40,52,44,41,46,7,46,23,56,67,41,57,52,57,54,62,48,3,81,36,81,50,71,38,23,49,74,72,10,12,23,38,11,74,54,36,37,77
5/27/18,21,15,57,64,65,76,64,45,68,52,73,39,17,36,7,80,62,54,0,24,12,40,24,12,54,48,44,71,20,37,38,45,41,39,44,11,7,33,48,43,39,52,41,54,51,54,56,3,72,23,51,86,64,29,28,25,79,85,4,25,30,38,5,56,100,30,36,65
6/3/18,42,16,44,69,63,82,75,34,66,75,78,42,13,51,36,78,63,56,43,21,25,44,33,10,56,73,48,40,30,48,38,52,46,46,45,0,39,29,59,54,43,69,35,61,39,63,75,4,83,39,75,40,73,37,75,37,72,66,10,0,29,39,11,57,60,50,38,93
6/10/18,41,20,42,64,63,79,67,34,58,60,74,37,4,55,7,58,63,60,0,23,16,46,29,6,52,72,44,60,10,43,35,51,42,45,53,4,25,37,45,44,39,66,11,57,37,59,58,3,81,49,78,88,69,41,36,36,66,74,16,12,30,38,5,59,53,61,35,100
6/17/18,33,16,61,65,72,79,65,38,51,64,72,36,8,46,29,87,63,53,29,19,21,47,28,14,53,62,46,100,31,72,39,48,42,44,40,7,93,39,77,54,42,64,23,57,43,55,49,2,85,75,52,61,67,31,19,37,67,71,8,88,18,35,11,58,54,36,38,70
6/24/18,24,18,40,62,57,80,63,40,54,63,70,38,12,37,7,54,55,64,30,36,4,47,29,6,48,60,35,50,31,43,36,42,38,42,46,11,34,56,73,69,41,75,54,55,50,51,42,2,73,38,75,31,66,29,39,51,73,72,10,0,15,31,0,40,53,40,38,67
7/1/18,28,17,48,62,61,76,64,31,63,72,75,38,15,30,29,72,52,59,14,13,25,44,27,7,41,63,41,42,31,40,33,44,35,42,57,0,40,28,52,50,39,76,47,58,40,55,41,1,76,35,48,36,65,27,19,25,73,65,8,13,18,35,16,58,52,39,39,60
7/8/18,47,20,40,59,62,76,63,28,55,67,78,31,8,42,14,76,51,67,29,32,16,35,23,12,61,64,42,48,20,41,35,36,35,43,48,18,33,28,43,43,37,100,23,56,36,52,60,2,77,26,75,25,69,34,14,41,67,81,6,0,18,34,16,68,54,47,35,64
7/15/18,29,21,44,65,72,78,64,38,77,52,82,39,14,16,22,72,65,57,0,33,13,46,26,10,46,68,40,68,26,44,39,43,34,45,47,0,34,32,62,48,43,67,42,57,42,57,12,2,83,26,72,68,69,36,63,25,71,88,2,0,21,36,17,62,59,47,38,74
7/22/18,46,18,57,65,62,83,59,36,63,55,82,40,17,34,15,57,58,61,15,30,13,46,27,12,58,63,44,57,16,36,41,46,46,41,54,8,81,33,61,41,43,63,18,57,55,59,73,2,82,31,62,52,71,27,53,21,76,99,4,0,19,36,11,52,55,34,38,61
7/29/18,26,19,62,69,64,77,64,34,67,72,82,43,17,54,21,79,58,54,14,38,8,42,28,11,45,55,47,35,25,39,39,39,43,42,53,7,26,24,67,43,42,49,23,57,49,60,56,3,80,28,54,51,70,30,33,45,87,97,12,25,9,35,11,52,58,37,38,71
8/5/18,26,17,52,68,59,76,62,30,65,71,81,33,11,63,14,47,56,57,0,35,25,44,27,3,49,57,44,35,5,39,36,31,37,41,51,11,13,21,52,44,38,53,46,53,36,57,49,3,74,22,57,56,67,23,70,45,69,87,10,0,15,33,11,48,51,51,35,58
8/12/18,17,20,64,68,61,77,65,34,58,41,80,41,6,67,29,74,59,56,29,22,29,42,26,9,52,69,40,35,10,39,36,50,38,44,51,11,13,36,45,48,37,48,41,51,39,60,34,3,80,25,46,66,70,29,38,62,70,96,4,0,24,33,11,70,53,42,35,69
8/19/18,53,17,59,70,66,75,63,30,55,48,78,40,9,37,29,78,60,54,44,27,25,42,25,9,48,61,37,48,31,33,39,44,42,41,53,4,7,32,53,50,42,56,36,50,47,61,46,2,73,32,77,41,68,30,43,59,70,80,10,26,19,38,6,48,51,32,35,65
8/26/18,39,18,49,65,60,72,60,34,63,41,73,36,4,44,15,57,54,43,15,14,9,39,23,13,39,68,43,59,21,35,37,39,45,41,67,8,14,35,75,42,39,66,30,46,46,60,43,3,69,35,31,37,67,23,39,47,76,78,15,26,19,40,56,60,53,40,34,54
9/2/18,43,19,53,71,58,75,70,37,60,57,74,33,4,55,22,88,69,46,15,19,17,49,26,11,45,66,39,32,26,39,38,57,46,44,100,15,0,43,67,52,41,57,47,47,46,59,42,4,85,33,40,46,74,22,10,21,76,68,8,13,28,40,6,56,55,50,39,75
9/9/18,36,19,54,79,65,79,73,36,56,75,89,36,0,49,44,67,78,48,15,44,17,42,28,8,69,58,43,48,47,39,43,56,59,48,51,4,13,19,73,62,41,47,42,54,53,63,57,4,85,34,49,31,77,29,43,30,70,75,8,0,29,41,22,68,53,59,37,71
9/16/18,47,19,54,71,64,78,75,35,55,67,88,39,3,60,71,52,72,52,14,37,29,50,33,9,71,75,42,42,55,52,41,72,62,45,49,7,20,23,72,89,43,63,81,49,42,62,89,5,84,32,54,45,74,29,28,16,67,73,10,12,29,42,38,76,54,34,40,76
9/23/18,40,17,57,69,76,77,73,39,58,50,86,40,4,43,43,71,67,43,29,19,29,51,29,11,55,48,36,35,31,38,41,50,61,44,41,11,0,24,73,65,41,60,100,45,47,59,42,6,85,25,55,61,80,39,9,67,74,61,8,13,26,44,16,66,51,52,34,65
9/30/18,23,13,47,72,61,81,75,37,53,49,82,39,12,48,21,52,74,46,28,21,25,44,27,11,56,60,40,52,25,43,43,52,67,44,55,4,19,29,74,67,43,52,34,46,47,60,55,5,86,37,62,55,74,23,28,24,75,60,16,25,26,45,43,66,52,61,40,77
10/7/18,17,16,52,73,59,86,75,44,55,70,81,40,11,67,22,64,68,52,44,22,13,53,29,9,62,54,41,55,20,39,43,50,80,43,46,7,27,25,77,59,40,58,35,40,38,64,64,7,84,25,67,56,72,27,33,50,66,70,12,0,25,47,22,72,52,51,35,78
10/14/18,50,20,55,71,70,82,72,36,59,84,77,44,17,37,36,48,75,55,0,24,46,43,30,9,53,52,39,44,26,34,41,65,76,43,53,15,100,27,74,69,40,63,53,42,38,66,34,5,80,45,37,41,67,27,28,67,64,58,12,0,26,45,16,66,52,49,38,84
10/21/18,31,16,56,70,66,84,69,32,53,77,82,37,9,19,0,60,68,50,0,28,17,45,29,12,52,45,43,50,16,40,42,37,63,42,48,0,27,43,52,64,40,57,48,41,52,69,46,4,83,38,53,52,70,34,24,25,68,57,19,0,19,41,33,69,47,47,34,74
10/28/18,26,15,69,70,57,84,68,49,47,59,85,36,16,37,22,69,67,51,15,19,17,46,26,7,61,49,35,39,15,42,52,55,68,40,58,15,27,40,74,77,49,68,12,45,47,70,72,4,77,25,67,31,75,30,19,29,84,50,12,38,25,46,16,58,48,51,50,67
11/4/18,18,16,57,75,63,87,70,38,44,52,79,37,9,50,35,68,71,44,28,34,28,49,27,7,66,42,39,40,29,41,39,54,80,43,52,7,25,47,74,63,48,68,51,37,39,67,43,4,77,31,38,54,69,28,50,36,67,57,4,0,24,46,10,63,50,44,52,82
11/11/18,39,16,57,79,67,86,72,35,42,58,85,51,12,42,14,58,68,44,42,26,16,46,28,9,66,60,33,38,15,40,43,58,81,43,46,7,32,42,66,74,42,60,34,39,40,61,48,5,76,37,53,35,71,32,5,20,63,52,20,25,34,49,5,61,48,29,42,70
11/18/18,25,19,79,78,61,94,66,37,48,56,84,42,9,44,21,98,65,42,0,18,36,42,27,10,63,44,40,32,49,36,41,44,57,39,46,25,6,38,50,71,39,57,39,36,36,58,72,5,74,34,84,54,68,21,36,40,61,39,10,24,32,47,10,44,43,35,35,69
11/25/18,46,21,70,81,64,97,69,37,47,48,90,40,18,68,49,80,66,46,0,37,20,47,30,7,72,43,38,54,30,45,41,63,58,38,43,4,19,48,60,100,37,59,62,36,45,58,77,4,78,100,79,69,69,23,9,28,66,46,10,0,32,45,21,59,46,33,35,72
12/2/18,42,17,68,75,55,85,67,35,100,44,82,38,7,48,86,96,66,43,14,21,21,50,27,7,55,43,37,50,15,41,42,62,64,38,43,4,13,28,56,76,34,58,46,37,39,55,63,5,76,32,54,45,63,35,28,41,65,44,12,25,30,41,5,52,44,40,31,80
12/9/18,32,16,71,86,71,85,65,37,46,52,79,42,9,60,7,61,70,45,0,25,22,46,30,6,62,44,40,61,37,38,39,54,49,36,54,12,14,31,72,83,38,59,67,36,35,52,58,7,71,41,53,32,62,24,19,60,63,46,15,13,26,41,17,58,46,30,33,72
12/16/18,25,18,73,100,63,78,59,34,51,56,74,37,10,51,15,42,61,47,31,6,4,46,24,7,48,33,39,43,32,45,39,49,43,33,51,12,0,31,44,71,32,58,37,35,52,57,44,5,63,27,29,43,66,19,30,39,68,51,9,0,14,34,6,45,42,30,30,62
12/23/18,33,20,78,65,59,73,34,27,28,45,47,28,16,18,33,44,46,30,17,25,19,14,10,12,46,31,38,34,35,26,23,30,38,24,39,4,23,35,41,33,24,61,41,33,25,33,22,3,25,28,18,35,44,26,33,34,46,55,9,0,16,33,0,28,38,18,20,33
12/30/18,27,15,83,66,61,75,50,35,35,47,66,36,7,37,22,87,71,52,30,22,17,30,20,13,44,39,38,52,36,30,38,44,47,34,50,8,14,43,56,33,37,55,48,59,34,51,35,3,57,26,46,73,62,21,29,30,73,66,8,13,19,32,0,58,48,29,33,61
1/6/19,48,16,100,80,64,84,75,42,47,73,86,44,7,32,7,73,100,54,42,39,36,49,31,8,63,52,46,37,20,51,50,50,55,43,39,7,13,38,51,62,48,53,68,70,42,72,91,7,90,39,67,30,78,27,100,52,82,63,8,0,25,37,5,67,59,29,42,83
1/13/19,47,15,56,79,68,83,74,40,36,62,80,66,5,34,20,98,80,49,41,30,24,51,30,10,64,63,37,56,38,43,46,63,61,46,43,7,25,42,73,71,45,58,50,70,43,77,60,8,87,38,77,58,79,40,40,27,81,63,4,0,29,41,21,71,55,63,39,79
1/20/19,65,14,55,71,67,85,74,49,46,67,80,48,3,38,14,81,81,55,69,41,40,51,31,10,55,43,44,63,63,46,46,56,68,47,48,7,19,24,77,60,47,67,84,69,45,77,61,5,94,33,81,58,77,27,4,32,85,65,16,12,34,40,5,73,53,37,41,75
1/27/19,75,14,46,71,70,81,69,37,45,71,75,42,4,37,34,100,74,49,27,40,39,53,32,8,68,50,40,39,38,45,49,55,64,43,46,14,12,19,53,56,43,53,27,66,50,73,63,7,86,31,57,53,76,40,31,39,92,55,19,12,25,44,10,68,51,24,40,70
2/3/19,66,15,52,65,63,85,76,53,48,76,79,39,49,48,40,68,67,54,27,28,27,48,30,14,60,57,43,46,19,43,42,53,51,45,44,10,0,28,40,58,47,73,38,64,48,76,56,8,90,37,59,53,76,30,35,50,75,55,19,12,33,48,5,52,51,32,40,73
2/10/19,68,15,40,65,66,84,72,46,46,67,81,45,22,48,21,47,73,57,14,27,29,56,25,10,66,63,40,45,5,46,41,62,60,43,51,4,26,26,67,61,43,67,41,69,42,80,74,8,91,42,60,25,77,33,37,20,74,59,8,12,27,43,11,60,52,40,42,87
2/17/19,51,16,61,65,69,79,67,98,39,76,76,42,4,60,28,57,56,53,57,37,25,45,29,10,51,64,48,57,10,37,41,51,66,43,52,18,33,22,54,46,47,92,41,66,45,84,56,5,85,36,39,45,76,49,19,57,78,65,26,0,23,44,5,69,55,43,41,74
2/24/19,69,15,53,65,77,81,72,42,42,71,79,38,10,42,28,64,69,53,42,26,16,48,30,8,63,44,39,58,25,44,44,62,64,45,54,4,0,22,71,69,51,63,57,68,61,83,55,6,88,33,77,55,73,42,18,28,85,56,12,12,33,40,27,65,51,39,48,82
3/3/19,68,15,49,66,74,76,74,44,50,75,78,39,7,64,21,63,66,52,0,16,36,51,33,10,54,63,41,45,20,45,41,56,59,43,45,7,13,18,38,51,54,62,34,100,54,82,36,5,88,39,61,69,75,47,23,24,78,64,20,12,25,40,10,70,53,40,47,70
3/10/19,46,17,48,68,74,79,70,41,50,58,83,43,8,77,14,59,65,53,14,16,40,48,29,9,65,48,39,49,49,36,41,65,45,43,47,14,13,31,73,65,51,70,74,72,50,80,91,5,76,45,68,25,66,33,18,20,77,64,6,24,26,43,32,62,50,42,47,81
3/17/19,53,18,53,64,75,81,73,32,43,79,77,46,10,60,14,64,71,54,71,26,25,55,31,9,67,63,41,46,45,42,47,68,56,40,44,7,19,25,64,72,54,60,35,63,59,77,70,5,80,35,95,55,82,34,28,33,78,59,16,0,32,41,11,60,50,37,50,85
3/24/19,48,14,49,64,79,81,71,37,36,71,78,83,10,24,22,66,67,47,0,16,63,57,31,7,54,62,45,42,10,40,45,63,47,41,49,4,20,20,57,66,63,65,53,65,70,79,49,4,84,33,86,36,77,38,28,46,87,59,8,13,35,44,16,68,51,42,58,76
3/31/19,53,15,44,65,67,82,72,42,52,65,81,100,1,27,21,69,60,53,57,29,8,54,32,5,57,45,45,27,25,43,48,58,52,40,44,7,19,30,50,59,100,59,63,63,59,89,59,5,76,20,42,100,74,40,41,24,99,68,12,12,27,46,5,59,51,37,100,75
4/7/19,42,15,52,63,66,84,68,34,55,63,82,47,11,65,35,64,60,67,14,29,24,45,29,6,54,50,43,50,15,41,46,55,50,40,57,4,6,24,73,63,70,69,63,61,60,82,63,4,79,40,77,40,76,46,41,16,87,70,6,0,30,39,21,58,53,42,67,57
4/14/19,37,14,51,60,64,77,61,35,51,48,67,33,6,60,37,51,62,52,15,19,22,38,25,7,53,50,48,33,11,36,35,56,46,34,46,8,14,24,60,44,55,66,30,48,47,68,58,5,65,21,56,47,67,37,58,34,79,70,13,13,24,36,22,52,50,36,55,60
4/21/19,38,13,40,63,65,77,66,33,41,57,73,35,11,24,14,64,56,53,0,19,29,48,28,8,52,59,47,45,20,35,37,58,54,36,53,7,7,13,66,65,58,54,29,52,65,75,79,3,72,25,45,46,68,30,56,37,75,62,14,25,26,34,11,62,50,49,53,76
4/28/19,22,16,49,63,61,82,71,28,44,65,74,37,7,58,27,63,57,46,14,28,32,48,30,10,49,61,58,35,24,37,40,52,42,40,53,4,0,27,54,48,52,58,17,53,53,85,54,4,83,34,52,29,72,26,36,32,90,62,10,0,26,39,10,61,50,49,47,70
5/5/19,18,16,44,59,59,76,63,30,40,60,72,41,8,26,49,83,62,52,28,29,20,42,24,7,53,53,43,39,15,33,36,63,43,37,61,11,38,21,63,51,49,55,34,55,48,73,40,3,72,30,56,54,68,38,27,28,71,56,18,12,21,38,16,61,50,45,42,74
5/12/19,19,14,44,70,62,76,72,29,47,59,80,38,14,39,36,50,63,53,0,21,8,48,29,6,53,65,50,38,15,39,40,47,43,42,51,4,7,28,52,62,46,61,58,55,46,74,82,4,81,35,90,40,72,28,37,29,74,57,32,0,35,38,5,75,51,38,43,78
5/19/19,30,18,40,67,57,79,71,29,52,53,76,38,8,91,21,56,58,55,28,16,40,45,26,5,51,63,48,31,20,36,40,57,39,41,53,4,0,19,47,52,46,65,51,54,54,73,95,4,80,36,53,35,73,39,36,40,72,64,10,12,26,38,21,70,50,38,43,85
5/26/19,20,30,44,54,61,75,61,33,38,65,66,31,7,93,7,67,53,54,28,26,28,47,23,4,44,67,45,28,34,35,34,47,38,36,51,25,6,15,50,51,45,58,28,52,42,67,58,3,65,25,40,44,65,32,27,48,74,64,22,36,22,41,0,50,48,43,38,82
6/2/19,28,16,41,55,64,77,67,34,46,57,77,38,4,47,33,49,54,51,13,15,15,42,25,8,47,52,40,37,14,33,41,50,45,41,43,7,6,31,53,58,41,61,59,54,42,78,34,4,82,34,64,51,67,42,21,42,74,70,17,12,24,39,5,80,50,45,39,69
6/9/19,33,18,48,58,61,77,67,32,51,55,76,36,3,34,20,65,56,51,27,28,43,39,27,11,50,67,43,33,34,37,43,41,47,42,42,14,19,23,57,51,42,53,39,57,41,93,64,5,80,38,69,53,71,37,31,39,72,70,12,24,21,37,15,74,55,58,38,75
6/16/19,30,17,47,57,61,76,68,35,53,75,76,35,7,44,14,52,53,56,0,39,44,46,28,7,40,68,40,37,44,38,40,42,48,42,49,14,13,25,62,39,46,70,28,54,43,69,47,5,82,63,76,15,72,36,18,60,69,64,8,12,18,36,11,70,52,54,40,67
6/23/19,37,16,51,61,65,78,67,32,57,63,76,37,5,56,7,61,57,56,14,21,40,51,29,9,47,74,47,44,39,34,38,39,51,39,36,7,0,57,49,55,45,56,57,54,55,77,36,2,72,37,91,49,71,34,41,28,73,74,8,12,18,35,16,62,53,33,42,60
6/30/19,28,17,53,63,61,79,67,30,55,67,79,34,7,27,21,78,53,57,28,16,4,46,26,5,48,60,40,60,20,35,38,49,41,40,46,25,13,29,49,60,44,74,46,54,34,70,44,4,78,35,50,95,72,43,37,48,79,70,14,0,21,36,21,65,57,55,40,67
7/7/19,29,17,51,57,69,75,65,25,52,64,77,34,9,46,14,67,50,53,14,18,16,49,29,7,51,63,51,37,19,36,40,36,47,39,62,7,19,16,61,47,42,85,33,58,50,72,43,5,79,22,58,58,72,43,27,39,71,72,6,60,17,36,10,66,54,40,39,76
7/14/19,39,16,51,59,65,79,65,28,60,53,75,37,8,26,7,71,50,52,28,23,20,41,25,9,48,69,45,32,29,36,37,49,40,38,51,14,6,24,40,41,41,77,67,56,43,72,29,6,78,33,49,39,70,32,45,52,69,62,10,0,19,35,16,57,53,32,37,62
7/21/19,38,20,41,54,61,80,60,35,64,55,74,37,8,33,7,59,44,49,14,19,33,45,21,13,42,53,52,35,51,42,37,44,32,36,53,0,13,15,47,45,42,47,29,51,53,72,23,3,74,20,39,46,77,37,42,46,73,77,6,0,20,35,11,46,54,52,40,65
7/28/19,40,20,48,59,67,76,60,28,56,50,67,39,7,21,14,58,56,52,14,19,12,38,23,8,41,73,46,38,35,43,36,43,43,37,60,18,13,16,72,62,43,51,40,53,43,71,63,5,77,28,63,50,71,29,42,37,86,86,16,25,24,37,5,52,58,41,40,63
8/4/19,32,17,50,55,62,76,62,29,70,65,72,35,11,29,35,79,60,52,70,23,12,39,25,12,48,59,47,35,29,36,36,43,38,38,52,14,0,23,49,51,41,51,11,51,37,68,47,11,74,26,47,59,71,35,54,44,70,82,14,24,19,37,21,52,53,54,37,65
8/11/19,45,16,45,57,71,79,67,37,59,62,78,40,8,44,34,53,57,53,42,41,8,40,26,9,60,66,44,47,15,41,35,44,46,38,47,7,6,22,72,43,41,62,22,50,38,72,32,15,79,23,49,29,72,30,18,40,64,74,16,0,22,41,5,63,54,36,37,63
8/18/19,47,16,49,57,69,79,66,39,55,73,69,35,7,30,50,73,59,53,29,29,25,37,24,8,54,49,45,28,45,40,37,38,39,36,63,15,0,22,86,50,41,62,35,51,45,85,49,10,76,32,54,86,75,29,65,37,69,75,6,13,19,41,5,54,57,44,37,65
8/25/19,21,15,54,60,71,85,62,44,55,59,73,31,14,24,14,65,62,45,14,26,12,42,24,7,39,64,45,31,30,37,35,47,41,57,70,7,13,22,55,47,40,52,34,49,49,67,29,8,67,26,32,59,71,29,50,36,72,79,10,24,21,40,5,51,51,32,36,71
9/1/19,40,16,46,63,69,86,69,38,69,77,78,31,7,43,27,74,59,49,54,43,23,45,28,7,54,55,44,48,14,36,34,49,52,100,87,3,12,20,81,44,43,54,33,52,50,72,46,7,83,24,37,38,75,30,35,39,76,62,11,12,24,43,20,59,53,40,37,61
9/8/19,40,16,50,65,65,82,73,43,57,71,84,37,5,28,54,58,69,47,41,3,27,48,28,8,49,69,45,36,24,40,35,57,55,60,58,7,25,29,100,62,41,64,49,51,53,70,42,6,81,25,54,52,79,28,26,27,66,60,6,0,35,43,25,61,57,51,36,63
9/15/19,58,17,49,60,56,79,72,38,45,67,79,37,3,37,20,77,65,47,14,33,35,46,27,12,59,59,41,30,33,38,35,54,61,55,50,10,19,29,88,56,41,71,27,48,38,67,71,5,85,29,54,81,78,34,26,43,67,66,12,0,23,49,26,54,56,49,39,70
9/22/19,34,18,52,61,55,78,76,33,51,65,78,32,6,46,26,59,62,46,26,36,22,51,25,7,48,49,48,39,9,36,38,38,60,50,50,10,0,31,77,63,43,61,42,44,55,69,64,7,83,32,78,59,80,28,13,100,71,63,11,11,24,51,10,58,51,42,40,71
9/29/19,30,14,58,63,62,82,77,32,56,61,77,46,9,38,32,65,68,51,13,22,11,49,30,8,53,48,44,47,0,38,35,51,79,40,46,17,0,29,76,56,50,63,74,48,47,87,81,7,80,29,76,83,69,37,68,63,73,59,6,45,24,52,5,68,53,48,45,91
10/6/19,48,14,57,55,69,84,76,39,54,63,82,45,11,45,25,72,68,48,38,19,26,52,29,7,55,63,40,29,31,43,39,51,81,44,42,3,6,22,73,58,41,64,36,47,44,69,46,6,82,26,43,49,70,21,46,29,65,60,13,100,26,46,19,63,50,34,33,84
10/13/19,42,17,53,59,67,84,72,41,42,55,77,40,9,43,19,60,66,49,26,19,7,50,28,7,60,72,46,44,41,35,36,62,71,41,47,17,12,25,87,63,40,63,58,47,48,72,54,4,82,40,46,41,73,27,34,26,63,63,13,11,27,52,5,58,51,42,36,78
10/20/19,27,13,50,60,59,82,71,42,55,53,76,45,10,40,0,56,69,46,38,24,22,45,29,8,51,54,42,49,36,39,40,45,84,37,47,3,17,28,74,60,39,62,57,42,50,67,36,7,76,33,61,36,72,31,16,84,65,52,20,55,25,50,14,61,46,76,36,79
10/27/19,10,12,53,62,62,79,67,30,42,44,77,33,2,38,26,63,59,46,26,12,33,45,24,10,51,54,41,48,18,39,38,49,68,36,56,20,6,17,73,65,38,59,52,38,51,68,40,6,74,32,54,45,68,29,54,63,72,62,7,11,25,51,19,63,45,100,34,70
11/3/19,35,12,52,63,57,89,75,31,41,51,75,35,5,100,56,71,63,47,38,21,22,44,32,14,56,66,41,30,26,37,43,52,76,39,62,13,23,29,63,58,40,60,46,38,53,76,55,5,81,30,71,57,74,31,20,50,67,53,11,11,31,46,14,59,50,51,37,89
11/10/19,35,14,54,62,61,91,71,27,48,59,77,37,7,92,50,66,69,42,63,7,47,48,28,12,62,55,40,47,13,41,42,55,72,38,52,10,23,29,75,70,46,65,36,35,51,67,62,7,74,34,47,66,71,26,57,36,63,54,7,22,34,43,9,55,46,45,41,81
11/17/19,45,13,50,71,53,91,74,28,43,60,80,32,5,81,31,98,73,44,25,7,18,49,27,12,54,57,41,39,26,39,44,53,65,37,54,10,17,39,71,56,42,62,0,35,51,71,49,5,74,30,79,84,77,21,33,32,70,47,4,11,32,38,9,57,44,40,37,72
11/24/19,30,21,72,66,55,91,67,30,45,46,81,36,6,89,24,71,63,45,36,20,14,45,26,8,60,39,36,20,38,36,43,46,64,35,55,3,28,21,63,56,39,46,29,33,56,78,78,6,64,25,40,38,70,25,59,45,70,42,26,21,33,38,14,42,41,43,33,77
12/1/19,40,15,59,69,55,91,68,28,44,53,74,29,10,47,25,69,60,42,12,23,25,45,26,7,73,45,36,40,35,34,40,50,58,34,54,13,11,17,75,51,36,60,50,33,49,67,42,6,67,36,36,26,62,20,24,57,68,44,17,0,36,41,0,61,41,22,30,69
12/8/19,48,12,56,70,56,88,70,46,50,44,68,30,9,46,19,74,64,37,26,43,48,38,28,10,71,50,43,45,59,55,38,49,49,32,91,7,18,27,55,67,35,60,36,36,49,57,47,8,63,39,56,45,66,24,21,40,62,48,18,0,37,38,29,48,41,38,32,73
12/15/19,17,15,56,76,56,86,69,56,46,40,65,32,13,31,33,53,53,44,53,25,34,45,28,7,54,48,38,32,23,38,39,47,56,31,55,20,12,32,51,45,38,62,43,37,54,63,45,5,60,30,56,37,71,16,22,27,62,48,9,12,27,37,5,48,42,41,33,66
12/22/19,33,14,71,51,47,76,42,34,35,52,60,28,6,30,7,38,52,34,0,19,13,21,12,11,40,36,40,25,15,26,25,31,47,24,48,4,26,12,41,23,24,56,18,33,30,41,26,3,31,25,9,26,51,25,28,21,45,50,10,13,18,32,11,35,35,32,20,40
12/29/19,22,13,58,56,47,82,55,37,41,55,63,33,6,44,26,69,54,61,26,17,11,28,19,14,44,53,38,19,23,31,34,49,51,32,40,14,0,9,50,42,49,74,43,56,42,62,27,3,48,22,33,47,61,21,17,30,69,59,11,12,22,32,0,39,46,34,48,59
1/5/20,65,12,46,66,57,91,80,43,48,68,76,40,2,28,42,70,71,68,24,34,31,53,31,11,55,73,45,28,30,41,44,50,70,42,54,6,22,23,72,63,51,61,39,66,51,82,63,4,84,32,56,68,81,28,24,31,81,68,9,21,28,38,5,67,55,45,44,72
1/12/20,54,15,47,63,60,87,80,45,44,60,75,35,7,52,47,87,75,51,71,29,27,49,32,9,62,65,43,37,29,42,48,56,74,43,42,15,5,29,54,71,47,69,38,64,53,85,55,4,91,36,72,46,81,34,15,20,80,75,15,0,27,37,18,77,55,48,44,74
1/19/20,79,14,39,70,64,85,80,46,47,61,79,37,11,44,19,94,71,42,25,21,36,58,32,11,60,74,45,32,35,44,53,56,67,44,48,3,17,30,77,69,48,61,45,64,61,86,71,4,86,35,73,53,85,28,28,28,85,63,11,0,25,39,19,65,52,58,47,82
1/26/20,60,15,38,66,59,83,80,54,51,70,79,38,7,44,37,74,71,58,0,34,53,59,32,5,61,70,46,57,13,44,51,57,71,43,47,3,22,21,77,56,49,74,35,78,72,92,67,4,86,29,49,48,85,39,16,49,100,56,10,11,32,48,23,53,56,35,42,83
2/2/20,72,14,44,66,62,84,81,50,49,50,78,42,19,54,25,76,70,49,12,7,32,55,32,8,66,62,44,33,52,36,42,49,80,43,43,6,11,29,58,75,47,57,50,65,53,83,45,4,86,36,59,48,82,31,16,35,80,65,23,65,28,47,23,64,51,64,43,83
2/9/20,51,20,42,60,58,80,76,39,62,54,78,40,100,48,30,69,67,45,0,18,34,57,32,7,61,66,45,39,42,45,39,49,68,43,50,9,5,23,62,61,43,59,58,58,53,93,53,4,84,29,60,38,80,28,39,41,75,57,22,10,29,37,27,62,48,49,38,83
2/16/20,58,18,45,60,56,82,73,44,56,69,76,36,12,70,35,74,58,49,0,27,14,48,30,8,53,64,66,36,25,78,41,63,72,41,49,9,22,19,66,63,48,67,48,66,53,88,40,4,79,31,67,63,79,43,35,41,72,70,22,31,30,38,94,66,56,51,44,67
2/23/20,61,14,48,59,63,81,79,41,57,52,78,31,10,61,6,87,67,47,35,26,34,51,31,8,61,62,46,31,25,48,41,61,75,41,41,9,32,31,55,63,49,63,33,57,56,81,61,7,76,32,56,41,79,31,30,34,80,58,18,10,28,41,48,59,50,38,45,82
3/1/20,52,13,43,61,61,86,83,36,49,51,77,34,17,40,41,62,72,45,12,18,41,55,33,7,60,55,42,24,50,44,41,60,71,41,49,6,5,40,67,68,46,54,33,49,51,83,46,8,80,32,76,50,77,24,34,34,79,55,18,10,38,43,13,76,42,33,45,77
3/8/20,60,13,31,60,77,81,81,25,49,44,76,33,7,46,34,75,74,54,11,17,26,51,34,10,63,61,36,44,24,35,46,51,56,38,42,12,10,28,47,61,46,53,51,40,60,80,60,21,76,32,50,28,66,78,48,26,73,61,8,10,34,38,22,65,43,48,43,70
3/15/20,37,11,30,65,96,75,99,23,44,76,88,24,10,38,6,59,99,69,34,6,13,75,45,8,89,100,33,21,12,38,51,43,30,43,44,100,16,14,64,41,37,44,14,22,53,59,47,39,62,23,41,24,53,52,11,39,65,37,10,0,83,36,64,51,24,51,37,70
3/22/20,27,8,35,68,67,78,100,18,38,40,82,22,5,39,22,69,75,42,55,14,22,100,55,7,66,82,30,33,8,24,46,47,24,45,31,90,15,28,51,59,33,45,13,17,65,50,42,23,52,25,59,19,61,7,21,28,73,23,17,19,85,32,37,37,17,43,46,77
3/29/20,30,6,39,71,64,86,83,14,29,29,69,25,5,36,48,61,65,31,43,20,22,78,45,7,63,54,37,39,19,28,44,56,24,38,47,55,15,37,53,56,44,57,13,18,67,53,36,16,51,28,54,11,64,7,17,49,79,26,15,0,100,31,24,35,17,23,44,72
4/5/20,16,5,38,62,72,87,70,23,28,18,64,27,5,31,11,56,54,28,22,21,10,64,33,9,60,58,35,31,32,26,41,39,30,31,51,26,10,20,51,45,38,67,14,20,61,52,55,21,40,22,56,16,60,6,18,45,72,25,19,0,66,32,21,35,18,29,37,57
4/12/20,14,5,51,58,99,86,69,24,40,30,66,27,2,44,17,71,60,27,33,27,26,52,26,13,82,58,37,34,20,25,41,47,35,32,58,20,0,20,52,49,34,66,9,20,62,49,66,18,40,25,39,23,62,15,43,35,61,26,24,19,53,31,29,32,20,26,31,59
4/19/20,25,6,43,56,75,87,72,19,33,28,66,29,6,48,43,73,64,29,11,16,38,65,28,10,74,52,35,41,19,36,43,46,31,36,51,25,15,41,76,55,41,59,18,18,76,57,68,11,43,35,50,15,59,11,39,28,63,29,17,28,59,32,24,37,19,23,35,79
4/26/20,27,5,41,59,79,86,74,20,30,20,67,30,8,42,26,82,61,30,31,17,36,60,29,22,64,52,39,48,44,29,41,44,31,33,53,27,5,19,77,56,37,66,21,19,64,63,41,12,44,29,55,11,62,8,27,57,68,27,19,45,57,38,35,30,19,36,31,81
5/3/20,31,8,51,57,90,85,76,24,30,21,63,28,6,72,0,77,58,36,32,38,15,47,55,19,64,60,43,45,11,28,58,52,35,32,59,11,15,27,64,56,31,66,22,19,44,51,39,23,46,20,61,38,56,7,38,31,60,30,15,28,61,100,0,33,19,25,24,68
5/10/20,30,7,50,60,90,92,81,21,34,41,70,33,10,58,16,84,63,33,21,24,25,62,100,13,82,69,45,44,26,31,100,48,29,34,55,44,15,28,62,54,32,63,35,21,42,65,69,33,47,22,51,19,58,20,28,31,62,33,15,37,62,42,16,38,21,19,25,80
5/17/20,37,6,48,54,97,95,75,24,33,44,67,34,8,23,37,68,55,38,22,30,25,61,44,13,64,53,46,40,34,45,52,59,40,35,49,42,10,44,98,66,33,56,35,23,53,61,47,21,47,26,63,42,62,7,24,31,62,33,20,9,84,38,24,42,21,17,26,87
5/24/20,32,10,42,48,93,88,70,26,35,44,59,32,4,36,6,76,49,33,0,28,13,48,35,12,61,50,46,36,49,31,46,41,42,32,38,27,11,17,60,46,33,62,19,27,49,56,54,11,45,23,36,16,59,13,22,46,60,32,15,0,44,31,9,34,20,30,25,48
5/31/20,41,8,47,53,92,86,75,35,37,49,67,33,2,76,31,59,52,55,21,37,15,55,36,13,53,64,100,62,40,36,43,39,40,36,52,27,14,26,78,58,33,65,30,29,53,61,49,9,51,29,48,33,60,18,61,36,68,37,12,27,61,32,12,45,23,29,26,64
6/7/20,36,10,51,52,90,88,77,30,41,55,70,37,7,44,57,65,57,60,31,27,12,52,33,14,79,69,55,40,29,59,39,43,51,37,50,16,10,25,80,53,33,58,38,29,46,63,46,14,53,34,33,40,61,18,34,15,58,31,10,9,51,33,8,42,24,31,25,60
6/14/20,24,11,55,54,99,85,73,27,39,52,68,32,5,40,27,90,58,49,21,34,22,50,33,12,62,72,63,37,45,33,38,45,49,37,45,14,10,22,78,44,36,62,17,31,51,63,36,8,50,46,40,34,67,34,21,18,60,35,8,47,51,33,8,54,25,38,28,64
6/21/20,29,9,73,52,90,88,72,31,36,46,68,34,6,37,22,68,45,46,33,29,19,57,24,11,45,81,53,43,31,36,40,40,42,35,49,28,25,22,62,60,36,65,36,36,52,60,63,7,55,27,56,23,61,22,25,41,63,44,16,48,46,32,17,63,27,23,32,64
6/28/20,23,10,58,53,87,92,79,43,36,53,72,32,4,47,32,71,57,51,11,34,34,52,33,13,54,76,48,35,23,36,44,45,46,40,59,11,5,21,72,48,41,75,17,41,47,63,59,7,58,29,47,45,67,27,84,28,75,45,14,19,50,34,8,50,26,29,33,64
7/5/20,27,10,48,56,77,84,76,30,36,53,73,33,11,42,33,76,54,44,0,17,26,57,33,14,45,86,43,35,31,36,41,40,50,41,53,14,15,20,73,39,41,63,9,39,45,70,32,9,64,28,37,39,66,23,84,38,66,43,8,10,57,32,13,56,28,35,35,74
7/12/20,38,11,54,48,80,85,71,29,33,46,75,36,12,37,29,66,43,48,12,24,13,49,33,10,50,81,44,18,25,43,43,41,48,39,47,12,37,15,50,51,42,70,5,44,40,65,43,7,60,18,34,33,66,17,46,37,64,48,15,41,48,32,9,48,29,49,38,66
7/19/20,37,11,53,54,72,90,73,35,33,70,69,32,7,53,30,77,46,47,24,20,17,53,33,11,43,95,52,39,34,32,46,45,44,39,47,37,0,15,54,52,40,54,24,51,53,77,43,6,60,21,50,38,100,17,19,20,65,59,12,10,41,33,13,63,33,41,36,60
7/26/20,42,11,44,50,76,83,69,33,34,65,73,39,6,46,30,68,45,45,24,23,14,52,31,10,55,69,48,25,26,38,39,47,38,36,51,19,17,19,54,42,43,59,30,37,53,63,44,6,56,24,69,34,77,20,28,21,74,56,7,21,43,31,5,47,30,39,36,71
8/2/20,53,11,57,47,74,85,71,35,28,70,71,31,0,73,12,57,44,42,0,20,17,53,43,8,46,98,55,32,38,38,43,37,38,38,49,18,5,25,64,47,40,58,48,34,48,66,37,6,55,29,40,25,67,18,19,38,66,53,8,10,53,34,18,48,27,25,34,59
8/9/20,31,11,63,49,66,89,69,31,33,51,70,30,10,52,6,82,48,40,12,22,7,50,38,7,74,64,54,47,21,40,43,41,41,36,53,12,0,54,69,48,37,60,29,32,47,60,62,100,57,49,47,33,68,19,50,10,59,49,7,10,53,32,31,53,29,24,33,56
8/16/20,50,11,62,55,67,88,74,28,42,63,77,36,5,39,23,71,41,40,12,15,20,51,76,10,50,75,47,47,17,40,59,45,45,38,50,15,21,57,61,48,41,59,33,33,41,68,46,12,58,42,66,41,73,11,38,17,64,50,2,41,43,31,22,52,30,39,36,62
8/23/20,45,12,64,59,70,84,70,34,36,49,76,30,6,55,24,61,47,48,12,29,17,52,33,9,46,64,49,39,25,35,42,37,42,39,53,18,0,23,65,46,43,62,53,35,52,75,74,7,62,42,50,54,68,16,35,17,67,53,10,21,42,34,9,60,29,30,38,63
8/30/20,32,9,53,53,72,88,69,32,34,54,71,30,8,33,30,52,48,42,24,25,31,42,29,10,54,71,43,53,34,34,38,38,47,36,72,9,17,35,71,43,41,79,39,33,47,71,47,8,59,43,64,30,67,10,43,14,75,43,14,0,48,34,14,45,28,36,36,59
9/6/20,81,9,45,56,71,89,76,34,39,49,74,28,9,33,30,49,51,43,24,20,10,51,31,8,63,58,49,39,25,35,38,48,54,41,73,16,6,45,64,52,41,68,59,34,52,67,78,6,71,39,38,51,76,14,27,21,68,43,10,0,50,35,27,59,28,41,35,70
9/13/20,49,10,50,57,72,89,80,36,43,53,79,32,7,40,54,62,46,42,24,16,14,54,31,7,51,78,52,42,25,40,42,62,53,41,49,22,11,38,86,58,39,70,34,31,49,66,66,6,65,31,56,51,79,13,23,21,66,37,10,0,56,35,5,61,28,42,38,80
9/20/20,37,11,54,61,74,90,79,38,31,44,77,30,6,30,29,46,51,39,24,20,27,56,35,8,52,74,45,45,25,38,47,49,53,42,46,15,22,27,65,68,42,63,62,28,52,65,71,7,59,29,22,38,75,11,27,17,67,39,8,21,46,36,9,62,26,38,37,74
9/27/20,37,10,59,56,67,86,79,33,39,55,77,30,5,57,89,63,55,41,36,29,10,52,33,5,44,52,48,37,29,37,48,47,54,41,41,28,5,28,71,60,42,56,19,27,52,67,68,6,62,25,55,46,74,10,42,17,75,30,13,0,41,34,22,58,24,47,35,80
10/4/20,46,10,55,60,67,87,77,35,29,51,74,30,9,46,30,54,57,38,0,23,7,54,32,6,60,57,43,31,30,41,40,44,54,43,57,9,22,33,69,54,37,64,34,29,42,82,60,6,67,27,71,64,72,13,43,17,66,32,22,21,41,38,5,56,27,50,32,74
10/11/20,34,11,46,54,74,95,76,34,40,44,78,31,4,43,32,56,56,35,0,10,15,53,36,7,53,65,44,42,32,34,42,55,50,44,44,13,6,24,94,59,36,52,10,27,46,64,74,6,67,28,40,54,76,13,42,44,63,33,9,0,59,34,29,49,25,36,33,79
10/18/20,25,8,57,55,69,87,77,36,37,49,74,27,9,45,50,74,49,40,13,12,15,58,39,4,49,46,43,35,35,36,42,52,53,43,47,23,17,38,80,59,39,57,36,28,51,72,49,7,66,25,42,36,82,16,25,36,68,32,12,22,44,35,14,59,26,39,35,82
10/25/20,40,10,62,59,63,83,68,29,37,57,75,34,11,44,31,63,49,39,12,21,39,48,32,5,56,69,41,26,22,41,41,46,60,38,48,16,6,32,64,45,38,61,30,25,48,70,35,5,62,32,42,48,72,9,24,28,68,27,16,32,30,37,5,50,27,39,30,69
11/1/20,21,7,48,57,59,88,75,31,34,34,73,37,3,47,18,58,50,35,36,22,21,53,49,6,46,51,54,32,21,33,43,41,51,36,53,15,27,23,96,53,34,66,34,24,100,55,52,6,56,18,62,29,63,12,58,10,62,28,15,10,40,36,45,48,22,25,27,72
11/8/20,25,9,51,58,69,95,79,33,40,46,78,33,12,40,54,72,52,33,36,22,35,60,39,7,60,69,40,32,30,35,42,38,55,38,46,15,38,37,72,53,39,69,49,27,58,65,59,5,61,28,30,8,73,10,51,41,61,26,12,10,53,37,9,43,25,25,36,73
11/15/20,31,11,59,61,66,97,77,32,43,37,78,36,9,50,54,68,49,31,12,13,24,51,33,8,54,57,39,26,13,34,41,52,60,36,44,9,27,21,87,62,35,60,39,27,51,70,65,6,56,21,58,55,68,11,31,31,64,25,19,42,52,34,14,61,27,42,28,68
11/22/20,40,14,65,65,64,92,75,35,38,46,78,39,17,47,17,52,57,30,0,17,30,48,39,11,68,58,40,33,17,30,44,56,50,34,43,6,5,27,67,53,36,57,43,26,57,69,40,7,53,25,57,21,66,14,38,13,62,31,7,0,48,35,18,43,25,25,31,68
11/29/20,33,18,58,62,68,94,75,30,35,41,69,34,51,63,36,49,50,32,24,4,14,50,56,10,48,52,45,32,13,35,54,51,55,32,40,12,16,32,63,62,32,71,19,28,50,61,53,4,53,31,47,34,63,19,27,31,65,26,8,10,29,34,22,58,28,23,25,67
12/6/20,30,10,53,57,64,98,71,35,40,55,67,42,17,57,37,55,52,38,25,12,14,43,30,11,59,42,39,19,13,33,37,48,50,32,48,19,6,23,64,48,30,76,60,34,43,57,77,3,50,28,52,44,69,14,40,28,58,30,11,11,32,37,9,50,27,20,28,80
12/13/20,51,10,56,60,71,85,65,28,32,47,67,33,11,42,19,54,46,37,38,14,7,40,29,7,45,50,44,32,26,27,37,51,31,30,50,10,11,18,45,45,29,61,30,28,46,58,62,3,41,25,42,26,64,14,16,29,57,25,11,22,41,31,23,43,26,31,25,68
12/20/20,27,8,49,54,100,80,46,30,24,48,52,29,4,35,28,49,39,39,14,8,16,30,16,16,45,42,40,29,29,32,26,34,36,26,47,0,0,18,50,40,20,63,28,24,35,42,69,3,28,15,32,34,53,19,36,36,45,21,2,24,29,27,0,30,24,28,19,44
12/27/20,28,7,49,48,65,82,48,49,27,42,52,43,4,47,37,47,43,31,25,19,11,27,19,21,42,48,46,32,48,27,30,33,37,26,44,22,0,19,44,27,23,70,25,38,27,48,55,2,29,20,23,35,53,32,36,18,55,28,4,22,34,31,9,34,27,24,18,50
1/3/21,31,8,45,57,71,92,80,33,31,44,66,56,10,47,29,75,52,45,0,42,24,59,28,14,47,47,44,29,58,35,45,42,47,36,46,18,27,17,80,56,32,71,43,36,45,66,43,4,58,29,62,67,67,15,15,34,70,26,8,41,33,34,22,40,30,37,28,70
1/10/21,36,9,43,61,70,91,77,37,38,57,73,50,5,44,23,60,57,39,35,33,37,51,30,12,67,59,44,45,54,34,45,62,42,36,52,9,11,24,75,60,34,62,24,35,45,76,76,6,60,30,47,33,75,16,23,34,67,30,15,10,39,29,0,44,29,43,28,70
1/17/21,31,9,41,61,81,89,75,38,38,43,73,60,8,59,41,85,51,39,35,20,27,54,32,8,58,57,46,48,33,38,51,57,49,38,49,9,11,28,61,60,33,66,24,34,50,76,58,5,56,32,47,45,76,17,42,34,74,28,10,10,50,29,18,54,27,29,31,71
1/24/21,49,8,40,58,72,92,71,42,32,36,81,49,7,45,30,91,51,35,36,45,34,58,35,9,66,55,50,42,46,37,50,65,50,38,48,9,11,26,74,64,40,73,44,29,54,82,90,5,52,22,60,29,78,13,23,34,88,31,19,31,45,30,0,44,28,31,32,80
1/31/21,58,8,44,55,75,95,70,31,33,46,80,50,1,35,24,68,48,32,36,26,24,53,29,11,51,50,45,33,29,33,43,66,47,36,52,21,11,40,66,65,35,58,29,33,36,79,43,4,54,32,69,38,74,12,15,30,77,25,12,31,40,33,9,54,25,21,29,81
2/7/21,37,13,49,55,72,96,68,35,32,53,71,46,8,58,30,71,47,31,12,31,24,54,28,12,68,55,50,49,42,32,39,59,44,34,56,3,22,31,56,69,36,64,34,29,44,84,66,6,56,30,65,38,73,9,12,24,65,25,12,31,38,31,14,62,24,24,27,66
2/14/21,47,8,43,53,72,88,66,35,32,48,73,45,7,42,37,98,48,32,37,25,36,52,28,9,48,50,49,45,26,34,40,66,46,37,40,3,11,27,48,57,36,70,20,35,47,97,45,3,54,25,57,48,77,7,32,39,68,24,12,22,30,34,5,53,25,20,33,64
2/21/21,43,9,47,65,86,91,66,37,31,48,72,49,6,56,24,80,42,38,61,18,28,60,32,7,51,46,48,39,21,33,44,75,52,36,50,19,11,26,63,58,38,71,34,41,50,84,63,5,53,23,66,30,74,12,31,31,74,31,7,11,38,33,9,48,26,23,32,65
2/28/21,46,13,44,63,76,91,73,36,33,55,69,45,10,70,61,64,48,37,25,11,39,49,41,9,58,60,51,46,35,32,62,97,58,38,49,10,6,21,67,60,54,68,35,40,38,100,61,4,56,22,54,61,88,11,28,39,96,38,10,11,41,31,19,62,27,29,52,70
3/7/21,35,9,43,58,68,87,71,34,29,53,68,39,4,40,31,61,46,37,38,28,11,49,28,12,56,58,47,41,49,30,43,75,47,37,47,6,6,16,54,50,41,75,36,41,51,91,49,4,56,28,55,44,80,10,29,18,72,26,11,55,27,33,9,53,24,27,37,75
3/14/21,55,11,41,60,73,85,68,36,33,47,67,41,10,63,30,67,53,40,0,9,24,49,28,11,56,55,52,36,8,33,40,72,50,38,49,15,16,26,44,47,42,68,44,41,52,87,75,3,65,23,33,42,77,14,12,34,79,31,19,73,30,34,5,59,26,24,39,70
3/21/21,31,10,66,58,81,84,65,35,35,49,66,43,4,42,37,88,44,38,25,19,25,56,29,8,44,66,65,39,26,41,41,65,43,37,46,16,11,29,65,51,46,62,56,39,55,87,88,4,61,30,63,53,86,9,28,32,82,28,7,65,36,34,9,52,25,39,41,79
3/28/21,37,11,46,59,80,84,58,35,27,48,64,31,7,57,40,55,37,40,41,35,16,48,29,12,47,49,60,28,14,30,38,53,42,32,46,7,25,26,45,37,55,70,33,35,57,80,39,3,51,34,48,33,73,28,53,50,86,30,10,82,20,30,5,55,26,16,51,62
4/4/21,27,17,49,56,74,86,58,32,26,49,62,35,4,46,13,58,39,42,64,12,18,45,28,7,43,55,51,34,23,26,38,57,43,33,48,10,23,24,46,28,51,74,26,47,40,89,33,3,51,21,64,68,69,10,21,29,82,28,100,67,22,31,29,49,24,22,48,69
4/11/21,24,11,48,62,82,85,63,35,30,55,65,39,7,45,33,67,43,41,40,28,4,52,34,8,51,51,46,41,24,31,45,60,42,34,58,17,37,23,57,30,50,77,27,37,50,87,24,4,52,24,65,47,69,6,17,15,80,27,19,47,23,32,35,58,24,23,47,81
4/18/21,38,12,45,57,71,84,63,32,39,60,68,39,5,45,27,72,46,44,14,20,23,47,39,5,58,56,52,23,48,38,48,67,29,38,47,10,31,20,69,48,55,71,33,36,52,78,46,2,57,20,77,57,74,15,18,19,77,29,17,47,36,32,20,65,25,34,46,84
4/25/21,40,10,46,59,74,80,65,35,28,35,69,38,5,57,45,83,42,43,26,19,15,58,48,11,56,57,47,35,23,27,50,59,37,37,58,7,6,18,44,46,58,65,42,41,50,85,30,4,56,23,68,60,74,13,21,7,84,30,17,91,35,30,5,56,24,36,49,87
5/2/21,27,12,47,52,76,82,59,32,32,51,65,40,4,50,37,70,48,38,13,14,18,48,28,12,54,51,47,40,22,29,35,57,32,35,52,6,17,20,47,49,48,60,10,40,37,74,69,3,50,26,50,53,71,19,20,36,74,33,12,55,30,33,9,59,25,34,40,82
5/9/21,40,11,52,60,70,82,64,32,28,54,67,37,19,51,51,79,42,47,0,12,19,56,27,9,62,65,55,53,23,42,41,100,35,39,52,10,0,25,70,58,46,65,16,45,42,78,37,4,57,34,100,45,74,22,17,37,69,42,24,45,36,32,0,60,25,33,41,80
5/16/21,27,14,49,51,72,82,61,37,36,51,72,36,5,49,64,63,40,50,13,19,26,54,28,8,55,56,53,31,32,34,38,88,39,40,44,0,0,20,50,50,50,68,31,51,41,75,23,3,59,31,97,55,72,25,34,33,69,36,11,79,29,32,0,87,26,31,42,80
5/23/21,35,12,47,53,62,82,58,37,32,65,72,34,14,39,53,50,39,42,54,27,15,56,26,11,48,67,43,44,28,34,37,75,35,37,55,3,0,35,57,43,50,71,60,42,55,70,38,2,53,32,39,42,72,19,9,27,70,45,11,93,22,31,5,78,26,45,47,64
5/30/21,34,12,45,46,68,78,51,31,32,56,62,30,9,56,35,60,35,58,14,10,20,43,21,7,45,73,47,29,20,31,30,62,38,33,37,7,13,18,47,45,47,66,28,43,41,67,43,2,50,23,55,54,64,21,27,16,66,43,10,61,28,31,42,56,25,44,40,61
6/6/21,24,15,42,51,67,79,59,32,30,58,62,38,8,31,20,71,35,48,13,20,15,50,25,9,50,59,50,35,28,31,32,74,42,37,48,3,6,30,45,41,48,70,16,44,34,68,48,2,58,21,44,47,70,24,34,34,64,45,9,58,20,32,0,69,28,30,43,70
6/13/21,32,14,37,51,66,75,58,33,32,60,64,32,6,30,20,61,36,44,13,37,23,56,23,9,36,66,48,27,14,38,35,74,35,35,49,3,12,15,48,38,44,86,27,41,44,69,48,2,55,37,60,42,70,25,38,34,60,42,9,34,24,29,10,64,26,31,41,68
6/20/21,51,13,41,51,71,79,57,36,33,50,70,23,3,7,31,35,35,54,31,17,27,48,24,12,38,86,47,26,11,29,32,70,46,40,52,8,28,17,44,50,50,78,25,46,44,77,48,3,56,43,45,44,76,34,30,27,65,37,22,0,17,34,12,76,29,34,40,69