date,aplikante,pagdating,benepisyo,kontrolin,hangganan,negosyo,pagkamamamayan,kabayaran,konsulado,kontrata,adwana,pagpapatapon,diaspora,makilala,doktor,kumikita,ekonomiya,embahada,emigrante,mangibang bayan,pangingibang-bansa,empleo,dayuhan,GDP,ospital,pagkuha ng trabaho,illegal,imigrante,dumayo,imigrasyon,kita,implasyon,internship,trabaho,paggawa,pagtanggal sa trabaho,legalisasyon,gamot,mandarayuhan,lumipat,paglipat,pinakamaliit,nasyonalidad,naturalization,nars,pasaporte,sahod,pensiyon,kota,pangangalap,tumakas,bayad,suweldo,buwis,turista,walang dokumento,kawalan ng trabaho,unyon,hindi sanay,bakante,visa,sahod,kapakanan
2010-01-01,0,12,12,0,0,74,0,0,0,0,0,0,56,0,0,0,23,0,0,0,0,0,13,32,100,0,59,0,0,0,29,38,17,61,31,0,0,17,0,0,0,8,100,0,43,64,99,0,100,0,0,22,0,14,0,0,29,87,89,0,82,99,0
2010-02-01,0,13,0,0,0,48,0,0,0,0,0,0,30,86,40,0,24,0,0,0,0,75,29,46,24,0,99,0,0,0,46,0,33,57,19,0,0,24,0,0,0,0,0,0,26,0,21,0,82,0,100,14,100,15,0,0,0,0,0,0,73,21,0
2010-03-01,0,11,12,0,0,40,0,0,0,0,0,0,14,0,0,0,11,98,0,0,0,0,26,62,43,0,58,0,0,0,32,0,23,41,15,0,0,16,0,0,0,8,0,100,35,0,19,0,97,31,0,17,0,28,0,0,56,0,0,0,73,19,0
2010-04-01,0,27,0,0,9,38,0,0,0,83,0,0,0,0,0,0,0,0,0,0,0,0,0,31,51,0,38,0,0,0,29,0,12,48,0,0,0,15,0,0,52,0,0,0,14,0,0,0,70,0,0,25,0,0,33,0,0,100,0,100,82,0,0
2010-05-01,100,0,0,0,0,25,0,0,0,0,0,0,31,0,0,100,0,0,0,0,0,0,0,18,12,0,37,0,0,0,36,0,35,17,8,0,0,14,0,52,51,0,0,38,27,0,22,0,69,0,0,24,0,0,0,0,0,0,0,0,81,22,0
2010-06-01,0,12,0,0,100,41,0,0,0,0,0,0,41,0,37,0,35,100,0,0,0,69,40,53,33,0,29,0,0,0,16,0,14,38,3,0,0,10,0,0,45,0,0,0,30,64,79,0,76,0,0,17,93,14,0,0,0,0,0,0,80,79,0
2010-07-01,0,21,11,0,14,40,12,0,0,0,0,0,12,24,33,0,23,0,0,0,0,62,24,47,39,0,53,0,0,0,33,0,27,41,12,0,0,22,0,0,0,28,0,30,5,0,35,0,61,0,0,15,0,0,51,0,0,0,0,0,76,35,20
2010-08-01,0,62,11,0,34,46,0,0,0,0,47,0,37,0,0,0,14,0,0,0,0,0,24,100,59,0,50,0,0,100,31,0,21,20,12,0,0,15,0,0,41,7,89,30,5,0,18,0,41,28,0,11,0,13,26,0,0,0,0,0,60,18,0
2010-09-01,0,44,23,0,0,66,12,0,0,0,0,0,0,0,18,0,11,0,0,0,0,0,100,60,83,0,40,0,100,0,34,0,10,43,21,0,0,20,0,22,0,7,0,0,0,60,19,0,86,0,0,12,0,27,81,0,0,0,0,0,65,19,0
2010-10-01,0,21,0,0,14,54,0,0,0,0,0,0,0,0,17,0,1,92,0,0,0,63,48,39,30,0,45,0,0,0,26,0,9,49,24,0,0,21,0,0,0,22,0,62,39,58,54,0,35,0,0,23,0,0,26,0,0,0,0,0,64,54,0
2010-11-01,0,41,0,0,0,29,0,0,0,0,0,0,0,47,49,78,14,0,0,0,0,0,0,23,29,0,43,0,0,0,41,55,6,50,18,0,0,23,0,20,0,14,0,30,16,0,69,0,100,0,81,11,0,37,0,0,0,76,0,0,59,69,0
2010-12-01,0,11,0,0,0,46,0,0,0,0,0,0,0,25,0,84,3,0,0,0,0,66,13,25,31,0,43,0,0,0,48,36,23,25,7,0,0,10,0,0,43,0,0,0,17,0,56,0,94,0,0,8,0,27,0,0,27,0,0,0,56,56,0
2011-01-01,0,20,4,0,0,40,5,0,0,50,0,0,10,47,7,0,9,71,0,0,0,49,28,54,54,0,69,0,0,0,37,18,30,45,13,0,0,22,0,0,0,6,0,60,100,0,28,0,80,0,65,17,0,55,10,0,0,0,0,0,72,28,8
2011-02-01,0,25,13,0,6,37,19,0,0,0,0,0,30,10,27,32,14,36,0,0,0,50,24,25,24,0,47,0,0,0,40,9,27,46,14,0,0,23,0,17,16,8,0,49,56,46,43,0,60,0,0,15,67,46,0,0,0,93,0,0,75,43,8
2011-03-01,0,18,4,0,0,49,8,0,0,0,0,0,22,25,12,0,9,0,0,0,0,22,13,44,35,0,46,0,0,0,44,0,36,37,11,0,31,19,0,29,29,2,0,43,27,40,6,0,68,0,29,20,0,18,0,0,9,0,28,0,62,6,7
2011-04-01,0,8,4,0,0,27,5,0,0,100,0,0,10,19,32,0,1,0,0,0,0,0,0,17,23,0,17,0,0,0,41,0,29,25,5,0,0,19,0,8,0,0,0,24,27,22,14,0,61,0,0,10,0,5,0,0,0,0,0,0,66,14,8
2011-05-01,0,11,4,0,2,36,4,31,0,23,0,0,9,26,42,0,0,0,0,0,0,0,0,14,42,0,41,0,0,0,54,0,23,29,4,0,0,18,0,7,0,3,0,33,19,0,25,0,56,0,0,29,0,5,0,0,0,0,28,0,65,25,0
2011-06-01,0,14,0,0,97,34,0,29,0,43,0,0,8,32,44,0,37,30,0,0,0,41,20,36,10,0,33,0,0,0,74,0,13,36,17,0,0,16,0,7,13,21,30,10,13,0,12,0,66,0,0,18,0,13,34,0,0,0,0,0,59,12,7
2011-07-01,0,53,20,0,45,29,4,0,0,0,0,0,11,21,10,0,20,0,0,0,0,37,46,50,29,0,52,0,0,0,79,3,17,47,19,0,0,24,0,6,0,23,0,9,11,34,32,0,55,0,0,19,25,26,15,0,15,46,0,0,59,32,6
2011-08-01,0,51,6,0,22,30,3,25,0,0,0,0,7,21,19,0,10,0,0,0,0,53,24,49,23,0,37,0,27,0,100,3,13,54,17,0,0,22,0,0,12,16,0,9,14,16,15,100,33,0,0,21,0,22,7,0,0,22,23,22,59,15,6
2011-09-01,47,44,7,29,4,49,0,0,0,19,0,0,7,21,5,0,11,0,0,0,0,19,39,53,36,0,55,0,0,0,63,10,13,28,22,0,0,22,100,6,0,11,0,27,15,17,26,0,39,9,0,16,0,23,23,0,15,0,0,0,57,26,12
2011-10-01,0,33,3,0,4,36,3,26,0,0,0,100,22,14,19,0,6,0,0,0,0,0,28,22,23,0,46,0,0,0,63,10,16,49,17,0,0,21,0,6,0,0,0,36,19,100,0,0,42,8,24,23,0,30,7,0,7,0,23,0,63,0,6
2011-11-01,0,41,7,0,2,35,0,0,49,19,0,0,100,22,25,0,12,0,0,0,0,0,25,43,30,0,42,0,0,0,62,41,18,28,15,0,0,22,0,0,24,17,0,0,23,86,5,0,41,0,25,16,0,30,8,0,0,0,0,0,59,5,6
2011-12-01,0,22,3,0,0,25,0,0,0,0,0,0,15,21,5,0,5,0,0,0,0,0,21,40,21,0,36,0,0,0,58,20,9,14,14,0,0,18,0,6,0,6,26,9,32,17,0,0,20,0,0,17,0,34,8,0,8,0,0,0,47,0,6
2012-01-01,0,24,3,0,4,26,3,0,42,0,0,89,26,19,35,21,9,23,0,0,0,48,34,63,21,0,47,0,0,0,53,77,19,42,14,0,0,23,0,27,0,4,0,8,28,0,14,0,68,7,22,19,0,46,7,0,7,20,21,40,64,14,11
2012-02-01,0,26,12,0,4,46,19,0,44,17,0,94,7,33,18,0,12,25,0,0,0,17,26,61,32,0,57,0,0,0,58,43,32,35,15,0,0,25,0,0,11,2,0,25,16,16,14,0,41,16,0,21,0,35,28,100,14,64,22,0,65,14,11
2012-03-01,0,66,11,0,5,27,3,0,0,0,0,0,6,31,21,0,11,46,0,0,0,0,15,34,15,0,47,0,0,0,53,9,36,46,10,0,0,26,0,16,21,2,0,8,30,15,23,0,75,7,0,11,0,32,7,0,19,40,0,0,58,23,0
2012-04-01,0,45,3,0,4,25,0,0,0,18,0,98,4,34,9,0,1,0,0,0,0,18,0,24,31,0,28,0,0,0,44,0,38,26,5,0,0,23,0,0,0,0,0,26,15,16,10,0,54,8,47,24,0,4,7,0,0,22,0,0,60,10,0
2012-05-01,0,41,6,0,0,22,0,0,0,0,0,0,13,12,39,0,0,0,0,0,0,16,9,19,28,0,30,86,0,0,56,0,18,30,3,0,0,24,0,5,11,2,0,32,13,45,37,0,60,7,0,28,22,0,0,0,0,0,0,0,62,37,0
2012-06-01,0,26,5,0,69,23,3,22,0,32,0,0,12,30,25,0,39,0,0,0,0,15,35,34,27,0,42,0,0,0,64,0,15,40,14,0,0,25,83,0,10,9,22,8,13,71,9,0,49,7,21,15,0,13,13,0,6,58,0,0,55,9,0
2012-07-01,0,56,8,0,16,37,6,20,0,0,100,0,3,17,31,19,19,0,0,0,0,0,33,46,25,0,59,0,0,0,69,0,14,52,21,100,0,28,0,5,28,10,0,7,18,13,29,0,42,7,19,22,19,21,6,0,6,0,19,0,52,29,14
2012-08-01,0,54,3,0,11,28,0,83,0,30,0,0,12,17,20,0,9,0,0,0,0,29,28,49,19,0,48,0,0,0,65,0,10,39,19,0,0,31,0,0,10,7,0,29,14,0,13,0,57,13,0,16,0,12,12,0,12,0,19,0,62,13,10
2012-09-01,0,54,5,0,5,33,8,21,0,15,0,0,9,11,20,0,10,0,0,0,0,15,28,59,31,0,51,0,0,24,60,5,17,29,22,0,0,29,0,10,29,12,42,22,17,41,25,0,34,7,20,16,20,18,12,0,12,18,19,0,59,25,10
2012-10-01,0,53,7,22,3,23,8,19,0,14,0,76,11,43,15,18,10,0,0,100,0,14,18,31,35,0,54,0,0,0,55,3,22,35,16,0,0,30,0,0,9,6,0,14,19,25,12,0,41,0,18,20,0,31,17,0,11,0,18,0,57,12,9
2012-11-01,0,62,3,0,5,26,8,0,0,15,0,0,14,28,11,0,8,0,0,0,0,100,27,64,20,0,39,0,0,23,48,52,31,26,17,0,0,28,0,5,9,2,0,21,15,39,16,0,61,0,19,23,0,38,12,0,6,18,0,0,58,16,19
2012-12-01,0,46,3,45,0,16,0,0,0,0,0,0,11,22,12,0,7,0,0,0,0,14,27,50,25,0,31,0,0,0,47,16,13,20,11,0,0,29,0,0,28,2,20,21,15,39,24,0,38,7,0,11,0,21,0,0,0,0,0,0,44,24,5
2013-01-01,0,36,11,20,4,36,0,0,0,26,0,0,10,29,20,0,15,37,0,0,0,13,36,51,24,0,37,0,0,0,43,14,29,38,21,0,0,29,0,4,8,0,0,12,12,23,25,0,28,17,17,23,0,39,16,0,5,16,16,0,62,25,8
2013-02-01,0,27,14,0,4,33,0,0,0,41,10,0,13,15,7,0,16,19,0,0,0,0,13,53,25,0,56,0,0,0,46,19,36,44,18,0,0,27,0,4,9,5,0,46,17,24,8,0,42,12,0,23,18,55,28,0,16,33,0,0,68,8,0
2013-03-01,16,27,9,0,0,23,0,17,0,25,0,0,7,38,20,0,4,0,0,0,0,12,14,33,18,0,39,0,0,0,40,2,35,33,9,0,0,29,0,12,8,3,0,30,24,23,14,0,52,0,0,17,0,10,15,0,5,15,0,0,62,14,4
2013-04-01,0,28,2,0,1,21,0,0,0,0,0,0,3,35,14,16,0,0,0,0,0,0,0,22,14,0,27,0,0,0,36,0,38,27,3,0,0,27,0,21,8,3,0,6,21,12,15,0,35,0,0,25,0,8,0,0,0,16,0,0,63,15,4
2013-05-01,0,33,0,0,0,17,0,35,0,13,0,0,15,5,7,0,0,0,0,0,0,24,2,31,23,77,36,0,0,0,33,0,32,24,5,0,0,27,0,12,8,3,0,12,16,23,14,0,50,0,0,29,0,5,0,0,0,0,47,0,66,14,0
2013-06-01,0,36,4,0,51,25,2,17,0,12,0,0,5,32,22,0,41,17,0,0,0,47,27,35,23,0,39,0,0,19,32,0,26,43,15,0,0,31,0,16,8,17,0,46,21,0,27,0,32,0,16,25,32,15,20,0,5,15,30,0,65,27,8
2013-07-01,14,55,12,0,11,29,0,31,0,34,0,61,15,17,29,0,24,0,0,0,0,44,42,37,35,0,43,0,0,0,34,0,19,49,21,0,0,32,59,7,14,15,0,38,11,20,31,0,40,0,29,27,0,14,14,0,0,27,0,0,66,31,11
2013-08-01,0,77,6,0,12,20,2,0,0,45,0,0,13,25,9,0,10,0,0,0,0,33,13,37,28,0,42,0,50,0,41,0,65,41,20,0,0,31,0,4,7,14,0,32,21,30,22,0,47,0,29,23,15,11,14,0,0,0,14,0,63,22,11
2013-09-01,14,41,12,17,6,30,4,16,29,46,0,0,20,30,9,14,14,0,0,0,0,11,32,43,28,0,49,0,0,0,40,8,32,35,24,0,0,30,0,4,0,3,0,16,22,20,19,0,34,0,0,27,0,29,18,0,5,28,0,0,59,19,11
2013-10-01,0,42,0,35,5,26,4,15,0,11,0,61,15,38,21,0,10,0,0,0,0,44,31,37,26,0,42,58,0,18,42,8,100,25,12,0,0,31,0,7,0,5,16,22,12,0,19,0,40,0,0,28,15,11,14,0,0,41,42,0,58,19,14
2013-11-01,0,39,0,0,0,24,13,0,0,72,0,64,16,18,19,45,7,0,0,0,0,93,22,47,15,0,34,0,0,0,40,25,75,29,18,0,0,26,0,4,30,1,0,17,20,11,17,0,28,5,16,22,0,43,10,0,5,29,30,0,64,17,11
2013-12-01,0,58,6,0,1,24,0,0,0,12,0,0,12,27,16,30,6,17,0,0,0,35,11,40,20,0,31,0,0,19,36,19,41,20,13,0,0,28,0,4,8,0,0,23,14,53,23,0,41,5,0,25,0,31,5,0,0,0,44,0,57,23,4
2014-01-01,0,62,19,0,2,30,4,0,0,11,8,0,13,24,11,13,13,15,0,0,0,63,28,49,30,0,48,0,16,0,41,23,43,30,16,0,0,33,0,7,14,1,15,10,17,48,18,0,38,19,28,40,0,56,4,0,17,13,13,0,79,18,3
2014-02-01,0,100,26,0,6,37,0,16,30,24,17,0,7,22,25,0,17,33,0,0,0,23,9,73,26,0,60,0,0,18,41,15,49,46,17,0,0,36,0,8,22,6,0,62,22,32,23,0,44,0,0,32,0,73,5,0,14,14,15,0,73,23,4
2014-03-01,0,70,18,0,3,38,0,0,0,51,0,0,8,31,32,25,9,14,0,0,0,30,13,40,24,0,45,0,0,0,35,4,77,36,13,0,0,30,0,3,20,0,0,34,16,18,17,0,38,14,27,32,13,12,25,0,12,12,13,0,70,17,3
2014-04-01,0,37,6,0,0,20,0,0,0,34,0,0,4,13,15,0,0,16,0,0,0,11,0,19,40,0,32,0,0,0,33,2,64,21,5,0,0,33,0,11,7,2,0,22,19,0,9,0,59,0,0,26,15,5,9,0,0,0,0,0,100,9,4
2014-05-01,0,22,6,0,0,21,0,0,0,33,0,0,11,25,14,0,1,0,0,0,0,32,0,37,29,0,41,0,0,0,35,2,90,29,6,0,0,36,0,7,0,0,0,63,11,30,24,0,53,0,0,30,0,9,18,0,0,0,27,0,76,24,3
2014-06-01,0,28,19,17,71,47,4,0,0,11,0,0,8,20,40,14,41,0,0,0,0,21,22,29,39,0,100,0,16,34,37,0,48,34,18,0,0,37,57,7,21,19,0,16,12,20,24,0,61,0,0,28,14,4,18,0,4,13,14,0,72,24,3
2014-07-01,0,38,13,0,15,28,0,14,0,11,8,0,10,20,33,13,26,0,0,0,0,61,10,37,28,64,95,0,31,16,35,2,28,30,19,0,0,33,0,14,13,10,0,30,13,9,26,0,24,9,55,30,0,4,30,0,4,13,26,0,62,26,0
2014-08-01,0,34,24,15,10,28,0,14,0,20,0,0,8,30,21,0,16,0,0,0,0,19,20,47,31,0,66,0,0,0,37,0,30,31,16,0,0,37,0,3,6,2,0,38,11,18,8,0,29,9,0,20,0,12,20,0,4,12,25,0,68,8,3
2014-09-01,0,31,15,0,10,31,6,0,0,20,7,0,10,45,26,25,14,0,0,0,0,58,20,46,29,0,57,0,0,0,50,4,30,36,18,0,0,37,0,6,19,5,0,38,17,18,33,0,32,4,13,29,0,18,8,0,4,0,74,0,70,33,6
2014-10-01,0,36,23,0,3,31,0,13,25,29,0,52,19,22,15,12,11,14,0,0,0,19,29,33,19,0,54,0,0,0,56,3,32,29,17,0,0,36,0,9,0,5,0,23,16,35,5,0,38,0,0,28,0,21,8,0,0,0,12,0,63,5,6
2014-11-01,0,55,17,0,3,27,6,14,25,40,0,0,10,19,29,50,13,0,0,0,0,29,22,42,26,0,48,0,30,31,43,28,55,23,17,0,0,40,0,23,13,3,0,10,14,9,14,0,29,0,0,25,0,28,16,0,4,12,37,0,65,14,6
2014-12-01,13,41,5,0,2,31,2,28,0,0,8,0,14,4,42,0,5,0,0,0,0,29,15,34,20,0,41,0,0,0,43,16,31,21,13,0,0,36,0,13,13,3,14,14,27,9,14,0,14,4,0,31,0,34,4,58,4,12,25,0,50,14,0
2015-01-01,0,86,12,14,7,33,3,12,0,27,7,0,18,14,21,0,13,0,0,0,0,35,20,54,25,0,48,0,0,0,46,19,29,30,17,0,0,46,0,3,17,6,0,13,23,16,18,0,42,8,0,38,0,51,15,0,7,22,11,0,64,18,0
2015-02-01,0,61,19,0,4,42,4,27,0,0,0,53,23,18,28,12,14,28,0,0,0,29,20,51,26,0,39,0,0,0,44,23,34,35,18,0,0,44,0,22,6,5,0,42,19,44,33,0,29,9,38,28,0,24,4,0,16,24,0,0,71,33,9
2015-03-01,22,44,24,0,5,28,0,0,0,18,7,0,12,17,12,11,8,0,0,0,100,17,10,39,32,0,41,0,0,0,41,8,48,31,13,0,12,45,0,9,23,8,0,30,23,24,35,0,37,4,0,34,0,11,11,0,14,11,33,22,68,35,3
2015-04-01,12,24,22,0,0,19,0,13,0,19,0,0,7,11,15,12,1,13,0,0,0,18,0,37,16,0,33,0,0,0,40,0,51,21,8,0,0,45,0,12,18,2,0,13,14,0,34,0,51,0,24,35,12,6,8,0,7,11,12,11,71,34,0
2015-05-01,0,25,12,0,3,24,0,0,0,36,0,0,2,14,16,0,1,0,0,0,0,26,2,40,39,0,30,0,0,0,46,2,49,25,4,0,0,45,0,9,17,1,0,4,11,24,20,0,47,0,0,33,0,4,11,0,0,0,45,0,68,20,6
2015-06-01,0,22,22,13,21,44,2,12,0,26,6,0,8,22,38,32,41,0,0,0,0,8,22,24,26,0,39,0,25,0,39,0,35,39,14,0,0,48,89,11,16,10,12,29,10,46,19,0,39,8,0,37,0,3,10,0,10,21,11,10,66,19,8
2015-07-01,0,28,31,12,13,38,0,0,0,16,6,0,6,32,32,0,30,0,0,0,0,38,3,36,33,0,46,0,0,0,40,0,26,33,15,0,0,46,0,8,10,15,0,15,12,14,30,0,26,17,10,36,0,8,9,0,3,0,10,0,62,30,15
2015-08-01,10,30,26,12,7,41,6,11,0,49,0,0,13,15,30,0,24,0,0,0,0,16,17,49,26,0,58,0,0,13,44,3,31,31,17,0,0,59,0,11,15,13,0,35,12,15,32,0,31,0,0,34,0,15,16,0,0,10,61,0,62,32,8
2015-09-01,10,25,15,25,3,26,5,11,0,25,0,88,10,18,45,0,14,0,0,0,0,32,15,46,25,0,51,0,0,0,38,0,18,31,19,0,0,57,0,21,42,4,0,35,16,7,30,0,31,4,0,52,21,25,13,0,7,0,51,0,68,30,16
2015-10-01,0,26,19,0,9,34,3,11,0,16,0,43,14,30,35,0,12,0,0,0,0,23,12,41,21,0,43,0,0,0,42,1,44,30,18,0,0,50,0,13,10,4,11,11,25,21,35,0,32,7,21,44,0,16,19,0,3,10,40,0,69,35,15
2015-11-01,10,32,27,0,8,30,2,0,0,25,0,0,13,25,34,10,18,0,0,0,0,8,11,62,19,0,42,0,12,13,36,12,44,36,15,0,0,52,0,8,16,3,11,24,19,7,27,0,37,7,11,32,11,26,17,0,10,0,0,10,63,27,5
2015-12-01,0,24,7,13,5,21,0,0,0,17,0,0,7,13,27,21,11,0,0,60,0,33,11,48,17,0,34,0,0,0,34,30,24,22,14,0,0,52,0,6,11,4,0,20,24,23,14,0,23,0,22,32,0,20,7,0,0,0,43,10,56,14,8
2016-01-01,10,41,24,12,4,36,3,22,0,16,6,44,13,40,28,20,20,11,0,0,0,40,17,51,27,100,35,0,0,0,33,42,35,37,17,0,0,59,0,13,26,4,23,16,21,15,52,0,34,4,0,44,0,65,16,0,10,20,20,10,71,52,8
2016-02-01,10,53,22,13,5,38,0,23,21,59,19,0,6,19,28,21,18,12,0,0,0,16,16,50,22,0,49,0,0,0,38,18,31,40,15,0,0,57,0,11,21,5,23,36,18,30,42,0,36,11,22,32,0,47,20,0,3,20,21,10,74,42,27
2016-03-01,10,34,22,24,5,32,7,11,20,32,0,0,9,18,29,40,8,0,0,0,0,31,12,49,28,0,40,41,0,0,33,4,51,38,13,0,0,56,0,0,15,3,11,19,22,21,40,0,54,11,10,36,0,6,13,0,10,10,10,0,77,40,18
2016-04-01,10,23,20,0,0,24,0,12,0,42,6,0,3,16,24,0,1,0,0,0,0,24,5,35,35,0,37,0,0,0,33,0,51,22,5,0,0,50,0,11,27,2,0,28,13,8,26,0,52,0,11,42,0,3,30,0,3,0,10,0,74,26,0
2016-05-01,0,17,13,0,2,20,0,0,0,33,0,0,3,28,17,0,0,0,0,0,0,32,3,47,19,0,33,0,0,0,34,0,41,35,5,0,0,54,0,5,5,2,0,12,17,15,23,0,58,11,11,44,0,2,3,0,0,0,20,20,68,23,3
2016-06-01,0,21,18,0,27,45,0,22,0,32,0,0,8,27,25,10,42,0,0,0,0,39,19,38,26,0,40,83,0,0,38,0,40,36,15,0,0,59,84,8,51,14,0,15,18,65,29,0,37,0,10,52,0,6,6,46,10,0,60,0,71,29,3
2016-07-01,10,24,36,24,16,39,1,11,0,8,0,0,5,47,49,20,49,0,0,0,0,84,20,26,23,0,56,0,23,0,32,1,25,35,17,0,0,58,41,15,30,11,11,19,21,21,37,0,23,14,10,39,10,6,22,0,0,10,69,0,65,37,13
2016-08-01,0,30,20,38,5,52,2,11,0,17,0,0,5,37,43,31,23,12,0,0,0,40,14,44,36,0,68,0,0,0,32,0,19,37,21,0,0,58,0,5,31,9,11,20,13,0,39,0,40,11,0,44,11,8,26,0,7,10,51,0,66,39,10
2016-09-01,0,27,39,13,3,33,9,0,0,59,6,0,10,25,31,10,16,0,0,0,0,74,17,40,23,0,73,43,0,0,32,1,23,35,21,0,0,61,0,3,32,4,0,8,15,0,37,0,49,15,11,40,22,22,7,96,17,20,63,0,72,37,5
2016-10-01,10,35,34,13,6,26,3,11,0,0,0,0,10,25,26,0,11,0,0,0,0,40,15,43,22,0,73,0,0,13,33,1,30,34,19,0,11,59,0,13,36,8,0,8,15,29,29,0,38,0,11,45,0,10,20,0,10,20,10,10,70,29,10
2016-11-01,0,45,23,13,3,35,3,11,0,25,0,0,10,37,43,21,34,12,0,0,0,32,14,75,35,0,56,0,12,13,33,37,33,37,21,0,0,62,0,5,26,5,12,24,19,7,32,0,49,7,32,39,0,50,17,48,10,0,31,0,73,32,13
2016-12-01,0,30,19,13,4,22,2,23,0,42,0,0,3,34,31,0,12,12,0,0,0,16,5,59,28,0,36,0,12,0,34,50,21,19,15,0,12,52,0,11,16,5,0,24,16,30,14,0,36,0,0,33,0,40,3,0,3,0,10,0,53,14,3
2017-01-01,10,32,35,24,7,32,6,21,20,24,6,0,20,26,31,19,24,22,0,0,0,30,25,52,30,0,46,0,0,12,33,100,38,33,22,0,22,59,0,5,5,3,0,19,17,7,41,0,57,7,0,42,10,100,22,0,6,19,29,9,86,41,2
2017-02-01,0,31,28,0,3,37,3,11,0,17,6,0,13,19,32,0,21,46,0,0,0,24,20,57,33,0,64,0,0,0,30,26,31,42,24,0,0,58,0,11,26,5,0,16,15,7,41,0,58,33,0,43,0,48,23,0,7,10,31,0,84,41,16
2017-03-01,0,26,35,0,2,33,4,40,37,22,11,0,8,43,38,36,19,10,0,0,0,14,17,44,30,0,58,37,0,0,28,24,48,48,16,0,0,59,0,5,14,2,10,28,16,13,28,0,57,6,9,44,0,37,23,0,23,18,18,0,84,28,14
2017-04-01,0,17,25,0,1,21,0,11,0,8,0,44,5,21,21,10,1,0,0,0,0,16,6,34,32,50,36,0,0,0,27,4,40,21,6,0,0,58,0,8,5,0,0,12,12,15,39,0,52,0,11,43,0,13,16,0,0,10,20,0,81,39,0
2017-05-01,10,19,26,0,1,24,1,11,0,8,0,0,3,24,32,20,1,0,0,0,0,0,5,35,18,50,40,0,0,0,27,1,38,25,6,0,0,56,0,3,10,2,0,16,19,0,41,0,56,0,11,61,0,5,7,0,0,0,10,0,79,41,5
2017-06-01,0,16,17,0,19,48,8,12,0,34,0,0,7,35,26,10,28,12,0,0,0,90,8,31,23,0,36,0,12,0,27,0,48,36,11,0,0,61,0,3,16,14,12,12,13,23,40,0,46,4,22,72,11,12,7,0,13,20,63,0,78,40,0
2017-07-01,10,24,34,0,9,45,1,22,0,16,0,42,5,38,51,19,29,11,0,0,0,15,19,37,33,0,62,0,0,0,77,1,27,42,18,0,0,63,0,10,10,6,0,26,11,14,26,0,37,14,20,57,0,20,28,0,22,0,59,0,73,26,27
2017-08-01,19,26,38,12,11,41,1,0,0,39,0,0,7,23,46,10,15,0,0,0,0,30,16,41,26,0,69,0,0,0,89,1,24,42,15,0,0,63,0,8,10,8,0,15,14,21,28,0,55,7,0,58,0,6,19,0,21,0,10,9,80,28,7
2017-09-01,10,36,39,0,9,38,1,0,0,32,6,0,15,21,48,0,16,0,0,0,0,15,18,40,25,0,64,0,12,0,38,1,24,45,26,0,0,68,0,10,30,5,0,15,14,21,33,0,42,14,41,58,0,22,10,0,19,19,20,10,83,33,18
2017-10-01,10,29,29,12,7,34,0,0,0,0,0,41,15,35,30,0,9,11,0,0,0,22,16,33,23,0,51,79,0,0,34,4,27,41,30,0,0,65,0,10,29,3,0,22,15,21,38,0,36,7,20,48,0,17,12,0,6,19,57,0,82,38,15
2017-11-01,0,29,36,24,4,29,3,0,0,16,0,0,7,23,24,0,26,0,0,0,0,38,9,47,30,0,52,0,0,24,35,11,33,32,24,0,11,61,0,13,25,5,11,11,15,21,49,0,61,14,0,53,10,15,19,0,9,0,29,0,78,49,12
2017-12-01,10,25,24,12,3,22,0,0,0,16,6,0,6,18,23,0,9,0,0,0,0,8,11,45,25,0,44,0,0,0,30,50,23,22,13,0,0,54,0,11,31,2,0,4,14,7,20,0,29,14,0,51,11,13,16,0,0,0,50,20,64,20,0
2018-01-01,18,28,32,11,3,31,79,20,18,36,16,0,11,30,38,9,12,20,0,0,0,14,20,51,22,0,49,37,0,0,28,53,29,39,18,0,0,61,0,7,5,3,30,14,13,13,52,0,71,6,0,59,0,54,15,42,9,0,18,9,91,52,16
2018-02-01,20,35,33,0,2,34,46,22,0,24,12,0,11,18,46,10,15,0,0,0,0,23,21,44,42,0,54,0,0,12,28,11,29,38,15,53,33,63,0,10,30,1,55,19,27,28,51,0,52,28,41,59,10,44,10,0,0,19,10,0,83,51,10
2018-03-01,0,23,30,0,2,34,17,0,19,15,0,0,10,19,40,0,12,0,0,0,0,21,11,43,34,0,55,0,0,11,26,8,40,40,17,0,10,57,0,10,14,2,30,21,14,7,36,0,78,23,19,59,19,17,15,0,6,18,36,0,83,36,12
2018-04-01,0,17,26,12,1,28,1,10,0,15,11,0,9,29,22,0,1,0,0,0,0,22,1,31,28,0,33,0,11,0,26,1,35,29,5,0,0,60,0,15,19,1,11,11,16,7,49,0,78,7,20,62,0,0,6,0,0,9,29,0,89,49,0
2018-05-01,18,13,12,0,1,20,0,10,18,7,5,0,3,19,36,18,1,0,0,0,0,7,7,38,30,0,31,0,0,0,26,3,33,29,4,0,0,57,0,2,28,3,0,35,13,13,48,0,52,3,0,62,0,4,0,0,0,9,18,0,83,48,2
2018-06-01,0,19,26,0,22,46,4,0,0,35,0,0,8,29,36,0,25,10,0,0,0,14,12,31,30,0,43,0,0,33,24,1,30,44,12,0,0,57,0,20,9,9,0,20,15,37,41,0,51,0,18,68,18,10,25,0,6,8,26,8,80,41,9
2018-07-01,8,20,63,10,13,38,2,18,0,46,0,0,13,29,39,8,30,0,0,0,0,13,12,37,42,0,62,0,0,0,28,3,28,51,19,0,0,66,0,8,54,8,9,19,16,6,54,36,43,9,8,78,0,8,5,0,31,8,65,0,77,54,8
2018-08-01,0,17,20,30,9,46,4,18,0,20,0,0,10,37,34,0,17,0,0,0,0,26,17,44,30,0,68,0,10,10,25,5,21,50,20,0,0,67,0,11,21,9,9,22,14,12,42,0,32,0,9,72,0,13,29,0,10,0,16,0,74,42,15
2018-09-01,0,35,34,41,10,32,4,0,0,13,0,36,8,25,26,0,18,0,0,0,0,13,12,55,37,0,61,0,10,10,25,19,20,52,36,0,18,60,0,13,55,8,9,10,14,24,54,37,32,12,17,64,0,29,16,0,21,16,50,8,75,54,9
2018-10-01,8,32,40,10,6,29,0,9,0,47,5,0,8,25,24,16,15,9,0,0,0,13,12,37,27,0,66,0,10,21,24,12,23,41,28,0,18,62,0,22,46,6,9,19,17,6,46,0,49,18,9,70,17,16,27,0,24,16,33,0,70,46,11
2018-11-01,0,27,37,11,9,30,0,19,0,35,5,0,8,23,25,9,27,0,0,0,0,13,19,73,19,0,56,0,10,11,29,21,31,44,19,0,0,61,0,14,26,9,0,3,18,19,52,0,38,12,0,59,9,28,11,40,11,25,0,8,69,52,9
2018-12-01,17,17,19,0,2,17,3,0,0,0,0,0,15,29,33,17,8,0,0,0,0,21,5,29,29,0,31,0,10,0,24,21,22,27,12,0,0,69,0,7,22,3,0,24,15,6,37,38,31,3,0,63,0,10,8,0,6,17,9,0,58,37,7
2019-01-01,8,27,35,10,28,36,77,17,0,25,0,0,7,40,45,47,20,0,0,0,0,49,27,56,49,39,52,0,0,0,21,78,27,45,24,0,17,76,0,19,44,2,27,46,17,23,33,0,41,37,8,76,8,56,26,0,13,15,24,0,83,33,26
2019-02-01,17,34,42,0,30,34,69,0,52,20,0,0,8,23,41,17,15,0,0,0,0,46,29,50,31,0,65,0,0,0,22,18,25,43,20,46,19,72,0,9,17,3,47,42,18,30,68,0,42,15,27,70,0,27,11,0,11,8,17,17,79,68,24
2019-03-01,0,23,32,10,22,28,30,17,16,25,0,0,12,23,44,16,14,0,0,0,0,49,24,46,29,0,52,0,0,10,25,12,35,42,19,0,60,67,0,6,28,4,26,12,21,6,57,0,54,31,33,69,8,26,15,0,12,15,31,0,80,57,26
2019-04-01,9,14,23,0,14,19,3,10,0,14,5,0,3,18,45,9,2,10,0,0,0,13,1,36,32,0,45,0,0,0,23,2,27,29,5,0,0,65,0,7,13,1,10,23,15,43,40,0,60,9,0,69,0,4,11,0,8,8,60,17,81,40,7
2019-05-01,16,11,20,0,15,19,2,9,0,32,0,0,10,29,30,24,1,0,0,0,0,31,6,34,42,0,34,0,9,0,22,0,29,37,3,0,0,69,0,12,20,1,0,15,15,11,46,0,61,3,17,87,17,4,8,0,3,0,24,0,77,46,2
2019-06-01,8,25,32,9,30,49,4,17,15,30,5,0,7,27,49,8,23,0,0,0,0,53,11,29,29,0,46,0,0,10,21,2,29,40,14,0,0,66,0,16,23,11,0,17,20,54,45,0,32,16,16,68,0,10,27,0,7,7,8,0,80,45,10
2019-07-01,21,22,61,18,20,57,4,16,0,34,4,0,13,41,40,14,31,8,96,0,0,61,21,37,36,0,64,0,17,0,23,2,25,66,20,0,16,66,0,15,15,13,0,16,9,36,92,0,37,8,15,75,7,11,7,0,39,7,7,0,73,92,20
2019-08-01,7,27,37,36,16,38,10,24,0,35,0,0,19,29,26,7,17,0,0,0,0,34,16,41,37,0,59,0,0,0,26,0,20,50,19,0,0,70,0,8,48,17,0,17,13,73,53,0,43,3,15,65,0,14,14,0,14,21,36,7,78,53,20
2019-09-01,0,20,45,9,19,38,6,8,0,58,4,31,19,28,21,7,14,8,0,0,0,39,27,59,38,0,70,30,9,18,26,1,24,69,31,0,0,71,0,4,40,4,8,8,10,5,72,0,37,15,7,65,0,21,14,0,34,7,14,21,81,72,15
2019-10-01,7,21,46,0,14,35,5,8,0,40,0,0,6,39,43,7,14,0,95,0,0,50,19,45,45,35,68,0,0,18,26,1,20,56,31,0,16,71,30,7,29,9,0,16,19,41,71,0,35,8,7,77,15,18,37,0,25,21,14,0,85,71,18
2019-11-01,21,28,35,18,12,28,0,39,0,46,0,0,16,97,33,14,30,8,0,0,0,39,13,72,27,35,58,0,0,9,27,34,18,51,20,0,0,69,0,13,40,9,16,25,13,26,61,0,51,13,0,66,7,23,14,0,16,7,21,0,76,61,7
2019-12-01,7,28,24,0,12,20,0,41,0,24,0,0,3,45,33,7,8,0,100,0,0,58,4,34,33,0,42,0,0,0,25,36,14,26,12,0,0,69,0,12,8,3,8,6,16,16,52,0,31,11,8,75,8,18,2,0,0,7,22,0,72,52,13
2020-01-01,7,23,48,0,14,35,100,22,27,21,0,0,16,36,28,7,18,8,0,0,0,62,25,55,42,33,55,28,8,8,23,64,23,47,19,0,22,79,0,10,31,6,15,18,11,14,64,0,40,17,28,83,28,58,17,0,2,6,7,26,89,64,36
2020-02-01,7,42,62,9,13,35,70,0,100,45,4,30,19,55,46,7,19,0,0,0,0,38,20,54,40,0,75,0,8,0,24,19,23,64,24,38,23,77,0,20,11,1,39,30,12,20,58,31,35,23,59,80,0,58,18,0,7,41,42,0,73,58,54
2020-03-01,7,30,45,17,18,29,23,0,0,27,0,0,21,22,51,7,14,8,0,0,0,16,14,38,29,0,58,0,0,8,26,9,15,48,15,0,22,83,0,9,17,4,23,10,8,15,68,0,26,43,42,77,0,18,17,0,11,7,40,7,41,68,28
2020-04-01,7,18,70,0,11,24,3,8,0,24,0,0,7,54,44,22,3,8,0,0,0,23,7,40,32,0,44,31,0,0,30,2,9,28,11,0,0,100,0,100,19,3,8,0,6,5,53,0,12,13,47,78,23,6,2,0,2,7,37,0,29,53,13
2020-05-01,0,26,49,8,10,30,3,15,0,16,4,0,10,21,30,14,4,8,0,0,0,27,8,50,29,0,47,0,0,0,28,3,18,34,12,0,15,87,0,16,14,4,38,3,12,10,58,0,12,5,29,86,0,9,7,0,0,7,48,13,26,58,14
2020-06-01,0,14,45,0,11,38,0,0,0,27,0,0,14,26,32,27,2,0,0,0,0,5,7,28,28,0,41,0,8,0,23,3,15,32,10,36,0,82,0,14,31,4,0,13,10,24,37,0,13,2,7,100,7,8,2,0,2,0,54,0,26,37,9
2020-07-01,0,14,45,0,8,39,1,15,0,53,4,0,8,38,28,13,2,0,0,0,0,10,7,28,37,0,52,0,0,0,25,0,14,35,9,0,0,87,0,12,37,4,0,18,9,5,62,0,17,2,28,76,7,3,6,0,2,6,26,13,31,62,8
2020-08-01,6,15,32,7,22,37,2,20,0,20,0,0,8,31,24,30,9,0,0,0,0,38,11,48,26,30,45,0,0,0,24,1,12,35,10,0,0,82,0,22,28,13,0,5,9,13,69,0,16,19,25,61,0,6,8,0,8,6,36,0,27,69,12
2020-09-01,0,29,52,27,38,40,6,30,0,22,0,0,20,58,48,49,27,0,0,0,0,26,23,45,36,27,62,23,13,0,22,6,15,49,21,0,6,71,0,20,56,27,18,13,8,12,42,0,10,18,12,54,0,14,20,0,19,0,77,0,28,42,22
2020-10-01,15,86,100,92,83,100,8,61,0,32,3,0,18,100,100,25,92,11,0,28,0,43,86,44,55,0,81,62,0,13,26,3,10,95,93,27,100,65,42,30,100,100,28,23,14,18,83,0,11,72,68,46,10,45,45,23,100,20,100,10,24,83,62
2020-11-01,23,99,71,100,34,69,3,90,0,28,0,0,14,97,91,41,100,0,0,0,0,18,80,48,40,29,97,72,7,15,25,4,10,100,100,31,32,72,0,27,74,59,26,31,13,13,100,0,12,100,91,58,12,33,100,27,71,6,99,11,24,100,100
2020-12-01,12,51,41,45,26,49,4,100,25,29,0,78,12,64,70,18,40,7,81,0,0,14,47,43,37,0,74,100,22,23,29,3,9,69,58,33,20,79,0,25,74,33,20,14,9,13,77,0,21,93,51,56,13,28,68,56,41,0,78,0,22,77,42
