date,applicant ,arrival,asylum ,benefit,border ,control ,business ,citizenship ,compensation ,consulate ,contract ,customs ,deportation ,diaspora ,discriminate ,earning ,economy ,embassy ,emigrant ,emigrate ,emigration ,employer ,employment ,foreigner,GDP,hiring ,illegal ,immigrant ,immigrate ,immigration ,income ,inflation ,internship ,job,labor,layoff,legalization ,migrant,migrate,migration ,minimum ,nationality ,naturalization ,passport,payroll,pension,quota,recession ,recruitment,refugee ,remuneration ,required documents ,salary,Schengen,smuggler ,smuggling,tax,tourist ,unauthorized ,undocumented ,unemployment ,union,unskilled,vacancy,visa,waiver,wage,welfare
2016-01-03,24,5,29,60,24,94,69,26,76,38,59,73,24,22,51,35,47,46,13,36,39,48,92,3,33,53,52,9,9,24,58,60,95,38,13,17,4,6,41,11,68,41,34,82,34,61,21,5,94,15,42,28,79,18,0,0,40,53,31,8,6,60,0,70,64,51,62,69
2016-01-10,16,6,32,75,21,80,71,30,70,39,51,52,14,42,17,36,62,43,7,35,29,54,84,2,42,53,46,11,6,18,65,56,91,40,15,19,3,9,31,10,55,35,74,81,38,65,30,8,76,10,50,42,88,6,52,5,48,67,53,14,5,80,0,69,56,36,44,69
2016-01-17,9,5,36,66,24,84,69,28,76,40,52,72,18,69,17,49,60,41,9,9,29,58,94,4,46,54,51,13,16,20,72,67,88,38,12,21,2,5,32,12,56,49,58,76,32,67,35,7,85,14,17,21,84,22,64,5,55,67,81,14,5,61,18,56,58,42,47,73
2016-01-24,22,4,36,76,22,79,74,23,97,47,53,77,20,56,42,56,66,47,9,27,68,68,88,4,44,51,48,13,6,21,87,51,98,39,14,32,3,9,30,10,52,55,48,88,32,59,41,5,68,18,17,35,87,15,43,35,74,62,36,17,5,63,0,70,53,45,46,90
2016-01-31,24,5,26,68,22,81,73,24,89,35,57,81,8,21,8,31,69,42,2,27,58,57,93,3,54,50,50,14,22,19,94,84,83,36,14,31,5,11,37,13,49,44,57,75,32,61,14,7,59,12,25,42,86,21,32,25,84,57,35,12,5,63,0,55,52,38,38,85
2016-02-07,22,5,21,75,25,80,68,25,97,40,56,71,20,47,67,29,76,49,0,9,48,54,92,5,45,45,48,11,6,17,80,57,78,35,15,26,3,11,37,11,43,51,34,71,27,63,34,9,65,14,8,14,78,12,21,20,71,69,31,13,5,62,0,60,54,39,36,75
2016-02-14,15,5,24,74,23,78,66,27,78,30,53,84,11,26,51,35,69,44,16,27,20,49,71,5,46,45,49,12,19,18,74,49,82,36,14,22,3,7,41,14,47,54,62,73,31,66,28,9,66,14,17,50,75,3,43,20,63,65,32,11,5,61,18,75,55,28,35,71
2016-02-21,40,5,20,83,21,83,74,26,86,42,55,71,11,30,25,33,65,51,9,27,48,55,86,5,54,45,55,14,19,19,83,52,87,38,14,14,4,11,35,9,48,50,64,77,33,59,65,7,61,11,17,14,83,31,32,15,64,84,27,14,5,60,0,79,56,42,36,65
2016-02-28,23,4,24,71,23,82,73,26,83,45,64,72,18,21,24,47,69,52,4,43,47,57,93,3,60,44,55,12,18,22,76,90,85,36,13,32,5,8,49,12,46,45,43,78,29,64,27,6,80,16,33,41,80,24,52,15,59,63,52,13,5,64,34,81,55,38,35,69
2016-03-06,19,6,29,72,21,82,70,29,70,51,55,63,11,29,32,32,69,56,4,17,19,50,93,3,54,42,48,12,12,23,71,72,90,37,13,17,4,9,37,14,44,45,65,73,28,72,26,6,68,11,16,27,83,18,30,14,56,60,43,12,5,59,0,62,53,30,34,83
2016-03-13,33,5,31,80,25,85,68,25,77,44,63,82,14,59,50,26,63,48,9,35,67,67,83,2,48,51,52,13,31,21,67,64,92,37,17,18,3,7,46,12,43,42,37,79,28,71,64,7,72,16,50,21,76,24,0,34,54,73,44,12,5,60,34,46,53,36,36,76
2016-03-20,34,5,28,68,27,79,68,26,78,44,61,65,7,18,43,23,51,50,18,27,40,51,100,2,36,43,48,11,6,17,68,46,75,35,13,16,1,11,42,10,47,43,55,84,27,72,21,6,71,16,17,29,71,28,32,56,55,91,32,17,5,60,0,52,55,29,34,70
2016-03-27,23,6,26,78,22,76,69,20,74,49,54,71,9,31,17,30,53,53,11,37,50,52,80,3,38,44,51,10,10,18,79,74,83,37,12,16,2,9,21,13,91,48,42,79,34,58,35,7,61,13,35,36,81,19,65,41,64,70,27,6,4,63,36,81,58,38,94,82
2016-04-03,20,5,23,75,26,81,71,24,91,51,68,76,6,42,25,34,53,53,9,26,19,57,89,5,51,46,55,11,6,17,81,85,83,38,13,20,4,6,29,10,87,38,40,73,29,68,37,7,59,11,33,63,84,15,10,20,69,59,44,8,5,63,0,55,58,41,78,72
2016-04-10,7,5,32,70,24,84,72,32,84,39,66,77,6,25,41,43,68,45,4,35,38,54,90,2,50,52,46,14,22,17,94,94,80,37,13,18,5,11,40,13,62,37,67,78,25,76,37,5,59,10,8,28,80,12,52,15,96,71,57,12,5,60,0,92,58,47,50,72
2016-04-17,18,6,23,76,25,86,70,23,77,43,59,81,14,46,33,49,61,45,11,18,57,44,94,2,47,43,59,11,12,23,77,81,77,37,13,35,6,9,49,12,51,53,77,74,25,67,61,9,77,11,33,62,82,21,73,29,61,73,57,21,5,61,34,59,52,42,40,78
2016-04-24,22,7,26,82,22,88,68,22,81,47,59,75,7,38,25,38,58,46,18,9,38,51,87,2,53,53,60,9,6,19,62,65,70,39,15,42,5,14,31,11,45,52,43,72,29,67,30,6,52,10,33,49,85,21,21,5,35,66,40,22,5,58,34,59,53,47,39,76
2016-05-01,20,5,20,82,24,83,70,25,97,51,59,79,19,34,66,49,62,48,13,35,57,47,81,2,55,49,48,18,3,21,62,66,75,37,13,35,6,6,51,13,52,44,53,79,25,50,34,8,81,10,33,41,81,15,42,15,34,64,44,14,4,62,0,41,60,40,36,85
2016-05-08,22,5,24,79,23,84,69,28,85,50,54,60,23,43,17,40,66,46,4,18,39,44,89,5,69,47,57,12,16,23,59,56,56,37,14,29,4,7,39,14,49,41,65,72,26,50,45,9,62,14,8,21,84,18,0,15,30,65,54,22,5,63,0,65,57,41,37,84
2016-05-15,18,7,29,78,22,84,68,22,69,42,56,58,16,60,25,33,60,55,9,9,49,52,84,2,50,53,52,11,25,19,57,67,66,37,14,15,5,6,64,14,47,44,51,73,30,70,38,5,53,11,34,21,88,28,21,20,29,96,36,13,5,60,18,61,54,46,40,65
2016-05-22,20,6,28,75,25,84,65,23,76,52,53,77,7,56,42,44,67,50,5,0,29,47,76,1,44,45,55,12,19,17,54,59,60,39,15,23,5,6,28,12,48,51,48,80,25,64,28,5,55,11,34,14,86,28,43,45,31,74,45,21,5,61,35,47,57,42,37,78
2016-05-29,17,6,29,75,23,74,58,17,71,37,44,74,4,45,26,25,50,45,7,19,0,43,76,3,29,51,56,10,3,13,48,64,54,33,14,11,3,11,46,10,44,46,42,77,25,64,14,6,51,13,26,7,78,16,22,36,28,68,46,11,4,62,0,68,56,43,30,80
2016-06-05,19,5,18,58,23,73,64,24,60,40,54,53,12,18,43,32,42,54,16,18,20,44,79,3,28,54,54,14,10,16,54,62,47,36,14,21,5,6,29,9,51,54,52,85,26,49,28,7,59,7,17,7,84,22,33,36,27,64,37,20,5,62,18,86,57,44,38,72
2016-06-12,17,7,29,69,23,89,58,25,51,51,50,65,6,27,18,31,39,50,16,28,30,52,79,6,35,53,57,14,13,16,52,51,60,36,13,25,2,5,27,9,53,42,35,76,26,49,25,4,57,9,18,44,77,19,33,42,27,66,51,10,4,61,0,29,57,45,37,52
2016-06-19,31,6,28,73,32,92,59,29,80,39,51,75,9,22,61,31,50,51,19,9,10,50,79,4,45,54,55,12,13,23,49,54,47,37,15,24,1,5,50,8,47,43,32,83,25,63,25,7,57,12,0,15,80,45,11,26,27,71,28,13,5,68,18,53,72,47,36,56
2016-06-26,29,6,27,65,24,87,61,22,73,42,67,65,10,23,53,31,47,63,19,9,21,44,80,4,40,60,65,10,7,18,49,48,42,37,15,21,7,4,49,10,57,47,32,78,32,53,25,5,59,7,36,15,89,26,34,32,26,78,47,12,5,69,55,39,69,42,48,58
2016-07-03,14,7,23,66,23,77,53,24,61,36,79,57,6,34,19,23,43,50,30,10,22,42,73,7,39,51,79,7,14,12,47,51,46,34,14,13,4,5,33,8,55,43,61,71,27,58,31,6,31,8,9,24,77,21,24,28,27,77,50,9,4,66,0,52,64,42,44,59
2016-07-10,26,8,38,68,20,78,59,20,75,41,61,54,5,23,27,30,42,52,10,10,0,50,76,4,37,50,50,9,14,15,53,54,40,38,15,16,4,5,36,7,49,42,52,77,25,56,56,5,51,8,28,31,78,13,81,11,27,64,39,17,5,62,57,81,66,53,45,79
2016-07-17,26,5,22,65,23,76,62,20,71,55,54,79,11,32,27,32,43,54,10,10,31,43,77,5,26,52,46,11,10,16,57,47,44,38,16,26,4,6,34,8,51,45,33,69,26,48,48,3,42,10,9,38,80,20,23,22,29,63,53,10,4,62,19,80,57,45,43,67
2016-07-24,20,7,27,61,22,83,61,22,79,37,55,67,6,59,27,59,33,53,14,0,21,46,74,5,39,52,49,11,0,15,58,49,46,37,20,21,4,7,24,12,47,46,29,73,27,60,44,5,58,8,18,0,84,20,45,32,28,63,24,13,5,62,0,59,58,43,45,71
2016-07-31,12,7,31,69,22,79,64,21,83,47,60,50,5,28,37,49,30,50,17,0,11,47,88,4,37,48,55,9,17,16,49,32,43,38,19,22,3,5,24,8,48,52,45,74,31,72,19,5,65,27,0,77,78,23,35,22,29,77,49,14,4,64,0,61,59,52,37,71
2016-08-07,33,9,32,57,24,76,65,27,66,41,51,75,3,10,9,31,39,53,22,20,11,39,82,1,31,40,44,10,7,12,53,36,50,35,19,8,3,3,27,6,41,47,34,62,30,48,15,4,50,26,38,32,77,14,12,17,27,72,30,10,4,61,0,73,61,47,33,67
2016-08-14,23,13,22,54,23,72,62,22,65,47,52,65,5,54,19,35,42,49,5,0,11,57,77,3,33,45,36,11,18,14,52,44,39,37,24,33,3,3,21,11,41,64,54,65,30,57,16,4,51,15,38,16,75,21,24,11,26,58,56,5,4,60,0,84,59,65,36,60
2016-08-21,20,8,37,79,25,81,68,22,61,36,58,71,12,42,9,27,53,48,17,39,53,39,74,5,38,45,44,9,17,18,51,45,40,37,39,23,4,4,37,15,46,49,48,69,24,48,49,3,76,13,28,23,84,3,12,27,28,66,29,12,4,62,0,30,58,51,33,63
2016-08-28,17,8,21,82,25,79,63,21,71,44,57,60,17,61,26,30,53,45,36,27,30,49,67,5,25,50,56,9,10,21,53,54,48,35,64,11,4,5,36,9,41,56,38,69,26,54,17,3,78,8,43,22,87,6,22,86,27,56,64,20,4,64,0,81,59,62,34,74
2016-09-04,12,11,23,76,22,77,61,23,77,33,60,67,10,45,26,22,52,42,7,9,31,41,72,4,33,45,43,7,7,15,57,55,45,35,91,11,4,4,31,12,47,50,53,66,27,50,36,5,92,10,18,15,79,6,0,21,28,62,42,11,4,61,18,54,58,43,31,62
2016-09-11,24,8,28,71,16,80,65,26,86,40,59,70,6,13,77,14,56,39,14,18,49,48,67,4,42,47,41,14,22,18,58,61,57,36,16,17,6,2,38,13,42,42,65,65,25,63,17,7,66,13,52,43,86,22,22,35,29,69,82,12,4,59,18,38,63,87,31,71
2016-09-18,13,8,36,75,19,83,63,29,68,45,59,92,4,31,34,36,51,46,11,9,60,45,77,3,38,53,42,12,23,17,52,47,45,36,13,13,5,11,57,13,48,39,52,70,27,43,49,6,100,21,17,29,82,9,22,20,29,52,32,10,5,59,0,52,58,87,33,66
2016-09-25,19,8,41,72,24,84,63,28,74,38,57,60,9,100,85,40,54,44,11,45,59,48,72,3,47,49,47,14,25,18,55,65,48,35,13,9,4,9,45,13,44,38,55,63,22,51,31,7,62,11,43,36,79,12,43,30,31,59,27,8,4,64,35,70,52,75,37,67
2016-10-02,13,6,42,80,20,81,62,17,77,38,63,69,10,39,42,36,56,40,18,9,39,49,71,5,59,45,52,14,16,19,60,58,65,37,13,16,4,9,28,12,45,40,51,58,31,68,45,6,77,16,8,42,75,9,32,25,35,65,45,15,5,59,0,65,62,76,38,73
2016-10-09,29,7,34,72,22,73,63,25,72,37,60,69,8,46,41,44,56,49,9,0,57,38,67,4,56,43,51,13,12,18,54,58,62,33,13,17,7,7,38,12,44,43,40,59,25,67,30,6,55,11,17,56,80,9,31,49,35,51,44,15,4,56,17,91,60,49,34,76
2016-10-16,9,8,43,92,21,78,65,23,78,34,55,72,11,21,50,31,58,48,15,9,38,43,78,4,76,50,52,13,16,16,58,62,57,36,14,24,9,8,35,14,44,48,57,60,27,45,30,6,61,15,25,35,86,24,31,15,33,66,53,16,4,56,17,73,54,56,36,76
2016-10-23,39,11,31,87,21,79,64,25,75,37,55,64,14,42,33,42,55,47,7,17,28,40,68,2,62,44,47,14,9,18,60,52,54,35,14,15,9,8,47,13,44,35,79,61,27,69,57,6,88,16,25,55,77,18,0,34,30,62,70,21,4,55,85,45,55,68,35,64
2016-10-30,29,11,37,79,24,82,64,20,66,40,59,69,6,43,58,48,59,40,4,35,29,46,69,4,37,45,60,13,0,18,60,56,58,32,14,19,10,9,37,11,46,41,37,61,31,67,54,5,57,11,17,35,86,21,11,30,33,71,27,16,4,57,17,74,57,71,37,68
2016-11-06,26,73,27,66,24,77,60,62,56,34,48,69,62,20,39,26,75,41,8,100,54,50,61,3,59,38,88,20,100,64,52,71,44,31,11,17,100,6,42,12,48,37,38,63,20,100,45,9,37,16,16,20,78,23,40,33,38,43,46,46,4,54,16,56,65,52,35,99
2016-11-13,22,100,23,71,25,81,63,27,85,44,47,80,70,25,66,34,58,44,7,53,67,49,81,3,54,46,81,29,25,36,59,74,56,35,12,21,17,8,35,16,51,43,60,64,27,66,37,7,56,15,33,14,91,21,21,30,33,68,58,48,4,59,34,69,55,66,42,93
2016-11-20,23,93,19,67,22,76,52,19,58,42,42,59,30,35,43,43,44,38,7,28,30,34,53,3,38,35,59,12,10,18,43,41,42,26,9,9,6,6,25,8,39,50,21,54,17,52,32,6,62,10,0,7,67,13,11,20,26,57,37,24,4,56,0,76,55,50,30,58
2016-11-27,15,57,23,84,20,87,65,23,80,48,46,75,12,56,47,47,61,40,8,25,9,54,69,2,47,45,67,22,26,24,63,78,73,34,12,19,6,10,54,16,55,38,54,62,27,49,64,7,80,16,32,33,85,17,59,33,34,56,42,26,5,61,16,52,62,68,45,85
2016-12-04,13,49,24,78,25,80,66,26,79,38,61,74,17,39,68,31,61,35,12,16,79,48,62,4,69,41,56,11,23,21,58,68,57,32,14,18,6,11,42,15,50,35,55,60,26,59,62,8,59,13,8,6,79,8,38,32,35,55,40,22,5,59,16,55,65,55,41,73
2016-12-11,16,38,26,71,23,86,59,20,71,34,53,89,12,49,48,43,61,35,11,8,64,42,68,4,44,35,48,11,12,21,53,84,52,32,14,13,4,10,35,13,49,47,70,66,28,63,42,8,37,14,24,53,83,0,20,28,33,51,30,13,5,63,33,70,65,41,40,64
2016-12-18,17,35,21,58,23,77,51,22,63,36,39,81,12,31,0,11,36,41,9,18,30,46,56,2,28,36,47,7,3,11,45,47,58,28,10,3,3,5,31,10,38,38,42,63,24,61,11,4,46,11,0,29,71,10,44,26,30,56,32,19,4,61,18,53,57,38,33,54
2016-12-25,14,34,29,55,23,70,47,18,47,38,37,67,10,18,27,27,29,44,7,0,20,31,49,4,28,39,45,5,13,11,42,36,47,26,9,6,4,3,26,8,56,41,36,71,26,54,25,3,51,9,9,15,65,16,11,26,29,52,33,7,4,59,0,49,61,31,47,71
2017-01-01,37,34,29,64,23,77,61,26,73,42,55,81,18,34,17,26,39,45,20,0,10,50,72,2,32,48,49,10,9,14,62,44,79,34,12,17,7,5,39,8,98,48,44,85,34,59,38,4,54,5,8,21,82,18,32,15,42,63,45,5,6,59,0,70,67,37,86,85
2017-01-08,21,23,18,65,29,79,73,29,90,48,45,76,16,32,47,26,49,45,10,17,18,56,87,7,40,53,49,14,0,18,63,57,100,40,12,20,3,5,40,15,69,40,29,80,37,67,35,5,46,11,32,53,93,26,40,14,45,67,63,15,6,60,16,87,66,41,58,76
2017-01-15,7,26,28,72,26,84,64,32,81,33,53,61,8,44,55,34,58,42,6,8,27,67,88,5,51,48,53,15,6,21,73,54,71,37,13,25,7,6,40,10,58,43,63,79,31,67,54,6,54,13,8,26,86,26,79,14,52,61,46,16,5,55,16,52,63,48,54,87
2017-01-22,18,30,25,68,36,81,70,34,75,55,55,73,39,51,8,38,68,50,6,8,44,61,86,3,62,79,78,27,20,47,83,72,95,36,13,31,2,6,48,13,60,44,46,80,37,51,53,7,65,28,39,19,88,3,19,14,70,62,57,24,5,55,32,68,73,44,43,90
2017-01-29,28,34,37,74,36,82,71,56,90,37,57,95,54,74,68,53,63,48,12,73,62,71,75,2,40,64,75,44,43,100,93,58,80,36,14,16,5,8,40,15,58,57,95,88,33,75,50,5,63,100,23,19,83,14,48,23,80,63,53,27,6,61,63,55,100,59,44,96
2017-02-05,21,25,25,75,31,74,66,37,84,49,50,96,75,53,52,42,63,42,12,40,60,68,78,4,47,48,73,29,36,61,88,53,91,36,13,12,1,11,31,13,53,45,60,75,31,63,61,5,46,28,30,44,87,14,38,18,69,51,32,33,4,54,46,58,75,33,38,100
2017-02-12,31,37,24,76,27,80,69,36,81,45,48,71,100,27,23,51,64,43,14,16,44,50,74,5,63,42,78,65,28,63,83,72,87,37,14,12,3,8,43,12,44,45,49,82,26,65,28,4,55,17,15,32,80,14,10,27,70,59,44,39,5,58,16,100,60,41,34,76
2017-02-19,20,39,24,69,27,79,70,42,86,34,56,81,81,55,46,54,68,46,16,73,53,54,69,6,55,49,71,34,29,57,79,77,77,37,14,20,4,8,46,14,50,42,62,92,29,74,63,7,39,19,23,13,82,28,10,14,70,75,49,41,5,59,16,55,61,38,38,80
2017-02-26,29,32,28,79,26,82,75,36,76,45,54,96,64,45,22,41,67,41,21,47,59,57,79,3,69,51,58,28,25,44,81,73,95,36,14,16,3,6,57,13,53,40,53,99,29,63,51,6,54,18,37,31,81,24,19,9,62,56,23,41,4,62,30,57,73,41,40,83
2017-03-05,35,21,25,80,26,84,73,34,79,45,63,77,35,50,38,39,64,45,16,32,96,58,85,7,62,49,56,34,17,36,80,77,87,38,15,19,3,9,45,13,53,46,40,100,27,70,43,6,45,20,8,44,93,19,29,18,61,79,28,17,5,61,62,71,74,37,42,78
2017-03-12,37,18,27,78,25,80,71,26,83,46,54,78,27,34,60,29,63,43,6,48,43,54,70,2,58,49,50,21,20,27,80,73,88,36,13,20,2,6,50,13,51,41,45,94,25,56,43,5,55,14,15,31,81,14,66,9,67,62,40,33,4,60,15,54,60,29,40,84
2017-03-19,37,15,26,76,25,74,71,28,71,37,53,65,22,51,53,28,55,41,6,0,18,55,78,3,53,47,63,17,6,25,85,82,61,35,13,16,4,8,54,15,48,50,52,90,28,59,25,5,56,12,8,6,89,25,29,41,59,71,33,17,4,54,16,42,68,45,37,66
2017-03-26,55,13,26,88,27,79,73,30,76,37,55,74,29,36,40,43,53,49,11,17,18,55,70,3,48,48,55,13,0,24,78,63,75,38,13,14,2,5,42,9,50,44,58,92,30,81,36,4,46,9,16,47,92,3,20,38,68,59,68,14,4,61,49,88,62,39,40,62
2017-04-02,25,12,23,69,25,79,70,25,78,59,60,68,28,8,23,32,52,52,10,33,53,61,79,3,38,41,59,15,14,21,85,53,82,34,13,12,2,7,27,13,50,38,59,91,26,77,44,5,60,14,16,13,86,31,68,18,73,64,45,26,5,61,16,89,64,44,39,81
2017-04-09,21,9,22,68,25,85,72,25,84,44,59,81,16,48,39,42,50,48,17,17,36,49,76,6,48,45,44,20,3,21,92,63,71,35,11,9,5,6,33,10,53,44,45,88,28,64,42,5,56,13,32,13,87,11,30,28,90,80,42,17,5,58,16,39,68,33,44,63
2017-04-16,29,12,30,85,26,82,72,29,92,45,59,67,14,44,31,47,61,41,2,17,100,52,86,3,54,45,49,11,12,24,84,85,70,36,13,10,4,5,44,13,47,51,54,87,28,64,55,7,61,14,32,46,93,20,60,14,85,60,63,17,4,59,16,52,64,42,37,68
2017-04-23,19,11,25,73,25,76,72,30,85,42,59,84,25,47,23,51,66,39,12,8,45,56,79,2,70,48,57,14,15,24,71,73,81,37,15,29,2,11,29,12,54,31,47,86,31,69,51,7,57,12,16,52,91,20,59,41,49,84,54,16,4,59,32,51,63,44,44,74
2017-04-30,34,9,36,74,27,83,71,25,99,46,50,73,18,28,100,72,59,39,4,0,80,60,72,6,54,52,61,21,20,22,62,81,72,36,16,9,3,7,31,15,54,43,31,84,27,72,53,8,53,17,15,26,92,34,19,37,39,77,49,22,5,63,32,60,64,41,46,78
2017-05-07,29,10,27,72,23,82,69,25,84,48,54,79,24,48,47,45,71,46,10,25,72,51,75,5,65,48,52,16,9,22,61,81,68,37,15,12,4,9,36,16,53,49,60,81,28,67,38,11,61,12,47,26,94,26,30,23,35,67,50,24,4,56,16,52,66,33,39,69
2017-05-14,25,8,33,68,22,73,69,24,88,47,54,75,11,25,33,41,66,46,13,17,66,43,73,4,51,53,58,16,15,20,51,65,52,38,14,21,2,6,55,12,49,41,30,84,31,65,50,7,38,11,33,34,86,12,31,15,31,75,44,18,4,61,17,50,59,35,45,67
2017-05-21,5,10,21,70,27,83,63,20,75,40,51,80,22,34,33,34,54,42,15,18,29,58,76,3,54,49,57,12,16,18,57,58,55,37,15,11,2,6,50,11,54,49,64,88,27,57,51,7,59,9,17,28,88,9,11,54,31,76,31,15,5,60,0,37,53,38,39,59
2017-05-28,13,12,25,72,25,80,62,21,77,39,57,67,21,31,26,32,53,47,20,27,40,43,74,2,51,49,57,13,19,19,56,64,54,34,13,10,2,6,30,11,55,51,28,93,28,45,52,4,53,11,43,72,82,16,65,36,31,97,50,13,4,63,0,33,59,32,36,70
2017-06-04,27,8,18,74,22,80,65,24,97,46,59,75,11,42,41,27,45,47,2,26,0,43,82,2,41,52,47,13,25,17,58,42,63,37,13,14,2,4,20,10,54,35,46,90,30,68,37,5,64,11,8,7,92,36,21,29,31,65,61,18,5,61,17,63,67,41,47,67
2017-06-11,24,8,25,47,23,79,63,19,79,43,62,69,14,30,17,30,41,48,11,18,10,45,73,3,41,49,47,11,3,16,53,59,45,36,13,16,0,5,30,10,53,56,52,85,28,48,24,6,53,9,9,36,86,25,32,10,30,69,59,18,4,55,18,52,62,43,46,64
2017-06-18,20,9,22,54,22,84,65,27,84,45,73,79,15,17,16,27,38,53,28,0,38,58,82,5,33,52,53,11,12,18,57,40,46,35,14,10,2,4,34,10,63,46,46,85,26,66,30,5,56,15,8,27,96,48,10,14,30,78,13,6,4,58,0,72,68,39,45,72
2017-06-25,13,10,29,59,25,87,66,24,91,48,66,68,14,31,26,25,46,51,18,0,0,52,77,15,35,61,58,15,16,17,59,48,46,35,13,22,1,2,33,8,78,49,38,87,30,57,21,4,60,8,9,51,92,35,33,21,32,76,32,13,5,60,36,57,63,32,67,55
2017-07-02,8,10,22,49,26,77,56,22,68,41,72,69,8,32,18,35,42,56,12,19,21,47,64,6,38,50,71,14,0,16,55,60,40,32,14,18,1,4,26,7,79,56,66,79,25,57,33,7,46,7,9,15,86,30,34,27,30,76,29,11,5,62,19,90,62,33,76,74
2017-07-09,9,8,21,65,24,80,65,28,71,43,64,83,7,22,34,23,36,52,13,27,0,43,71,5,27,57,56,10,13,12,55,54,49,37,16,17,3,4,24,7,71,43,61,86,28,51,59,4,56,12,42,42,93,15,21,10,31,70,63,12,4,61,0,70,66,44,54,62
2017-07-16,7,10,27,61,24,85,70,29,71,37,66,81,13,17,8,52,37,53,22,0,29,50,84,5,36,57,55,14,10,14,58,49,51,36,17,22,2,6,30,8,64,36,31,84,31,84,31,4,53,6,43,21,86,25,21,30,30,80,41,14,4,59,0,61,63,48,53,67
2017-07-23,28,9,27,49,28,82,67,17,69,46,60,75,13,22,34,80,39,46,9,27,20,43,74,6,30,58,52,13,13,16,58,49,49,38,18,15,2,7,30,11,57,33,58,79,27,71,41,3,38,4,34,28,94,19,11,75,32,72,58,9,4,62,0,28,58,45,53,71
2017-07-30,13,10,25,73,27,82,68,21,68,39,58,64,14,17,33,58,41,54,35,18,19,55,81,6,30,59,55,15,22,27,67,42,39,37,19,20,2,6,27,12,56,38,50,84,29,56,27,4,42,6,50,69,90,24,21,29,32,57,44,16,5,66,0,64,68,54,45,73
2017-08-06,20,9,22,65,24,76,67,25,88,46,59,74,15,38,49,51,44,50,24,26,9,45,73,6,35,61,46,8,37,18,59,43,51,37,21,12,2,9,34,7,52,37,46,82,30,58,23,2,60,8,33,21,90,39,31,24,32,80,52,11,5,62,0,32,65,61,44,71
2017-08-13,16,9,27,59,27,77,66,26,64,38,48,72,18,42,16,27,47,40,15,26,38,49,78,8,19,59,49,11,25,18,54,50,46,38,25,24,1,3,27,14,52,41,53,71,27,49,23,4,58,8,25,14,88,12,31,19,30,67,26,9,4,62,0,50,62,52,42,62
2017-08-20,12,9,22,59,21,81,67,30,75,49,55,68,17,25,40,40,55,35,4,9,19,44,68,7,36,54,46,8,6,15,54,56,55,38,37,22,4,4,43,11,48,39,52,78,22,51,26,6,52,3,16,34,89,15,10,24,30,70,30,10,4,59,0,45,59,45,38,54
2017-08-27,24,8,24,67,24,76,67,26,73,74,61,59,10,48,31,34,60,50,25,0,45,42,70,15,43,47,47,11,12,18,54,53,48,36,58,20,2,6,48,11,49,41,28,63,35,51,32,5,82,10,16,26,86,6,69,23,29,55,67,18,4,62,16,52,58,53,39,65
2017-09-03,15,9,25,68,25,78,67,38,68,44,54,72,23,40,46,24,54,44,16,16,54,46,67,7,38,49,54,15,17,22,55,34,54,33,79,22,2,5,51,13,46,40,56,67,31,72,28,3,83,9,16,33,86,23,39,18,28,65,41,29,4,59,16,47,64,52,35,62
2017-09-10,12,8,25,75,19,80,72,26,69,39,64,81,10,35,61,33,58,45,18,16,88,52,78,4,33,50,48,12,17,18,60,64,46,38,13,11,1,4,49,16,50,40,59,61,35,60,44,3,87,9,23,13,85,11,39,18,32,64,33,20,4,60,48,38,64,100,35,61
2017-09-17,21,7,22,65,29,85,71,22,88,35,68,77,16,21,65,34,55,41,9,52,19,38,76,4,45,50,47,15,9,19,59,49,50,36,13,9,3,8,54,15,48,51,40,63,33,56,47,4,65,9,0,27,85,27,21,19,30,67,48,17,3,57,34,23,62,74,38,65
2017-09-24,27,10,28,72,27,85,74,29,79,40,67,100,15,51,25,19,58,38,4,27,48,53,76,9,63,54,54,16,25,20,64,64,80,36,13,15,2,6,48,14,56,40,60,71,32,60,31,5,48,9,75,49,83,30,31,0,41,63,58,16,4,60,0,64,63,59,44,70
2017-10-01,26,7,32,72,21,96,73,24,77,39,63,71,14,46,53,34,58,36,14,32,78,46,71,11,47,50,52,13,20,17,70,52,55,37,11,18,2,8,54,17,51,45,43,62,28,65,52,5,72,16,15,19,88,14,38,22,36,64,36,20,4,59,63,79,59,76,35,65
2017-10-08,18,8,39,67,21,85,79,22,86,36,60,71,18,49,29,35,54,39,10,8,94,44,81,68,60,54,51,12,17,16,71,77,69,34,12,13,1,7,33,16,46,42,57,63,35,55,36,6,72,15,30,50,88,27,65,13,40,54,31,14,4,60,15,86,67,79,34,59
2017-10-15,25,6,43,77,22,80,75,31,83,32,65,69,10,55,8,52,51,38,8,0,89,55,87,100,42,57,50,14,14,16,64,68,62,36,12,22,3,4,43,13,55,44,40,69,32,60,60,5,50,7,31,32,90,17,29,23,41,60,45,15,5,58,32,64,58,72,39,74
2017-10-22,20,7,25,80,23,83,78,28,71,42,64,76,24,51,15,52,64,38,10,32,35,50,68,54,59,46,45,22,9,17,65,60,68,34,12,13,4,4,56,16,52,50,55,60,30,64,16,6,56,11,23,26,89,14,19,9,39,69,53,20,4,57,31,59,58,64,42,53
2017-10-29,17,10,35,75,23,77,71,26,74,41,60,89,16,35,15,61,56,37,4,16,79,44,75,45,54,47,48,16,26,18,67,71,78,33,13,23,2,7,39,16,46,46,61,61,32,70,46,5,34,10,23,32,90,11,38,18,55,54,36,15,4,59,31,92,66,66,33,59
2017-11-05,25,9,28,73,19,83,73,19,85,42,60,78,22,19,30,58,53,42,8,16,9,47,77,27,46,63,50,21,17,17,68,76,71,35,13,23,3,8,32,14,56,43,64,67,28,55,37,4,64,15,23,13,86,19,19,27,43,55,45,14,5,61,16,59,67,66,38,60
2017-11-12,15,11,23,93,24,84,71,29,91,35,50,64,21,55,38,54,61,39,12,25,53,58,73,22,56,52,51,20,12,17,65,74,65,36,11,15,4,5,51,11,48,48,62,65,30,65,35,10,60,12,15,26,86,17,19,9,48,58,45,13,5,59,32,43,64,73,42,72
2017-11-19,18,9,17,70,28,70,54,18,39,35,49,69,10,30,50,29,38,35,2,18,38,32,54,13,40,37,49,16,3,13,52,61,47,27,8,10,4,5,35,9,44,45,44,57,21,42,37,3,26,4,17,63,69,30,10,25,35,58,40,14,4,57,34,55,63,60,35,42
2017-11-26,16,10,17,83,22,81,68,24,76,39,56,93,14,23,23,30,61,34,8,24,70,44,65,14,52,46,55,17,11,15,77,76,73,35,12,15,2,8,57,15,54,56,49,66,32,53,46,5,42,8,15,38,84,8,10,9,71,53,60,17,4,60,16,29,64,77,40,79
2017-12-03,20,7,20,84,23,83,67,21,77,39,51,84,16,39,76,42,61,49,6,32,44,52,69,13,56,46,56,17,9,18,69,87,54,32,12,13,2,5,55,11,53,41,58,66,25,53,56,6,47,11,31,19,84,17,19,14,62,42,48,19,4,60,0,59,63,54,39,74
2017-12-10,27,7,15,69,24,85,60,22,79,31,55,75,18,59,39,30,56,40,0,25,18,46,64,10,46,39,48,17,23,18,64,82,56,30,13,12,2,7,34,17,54,29,47,60,26,52,41,8,48,13,23,39,81,11,0,14,59,44,54,10,5,61,32,39,63,49,37,58
2017-12-17,13,11,21,68,25,80,56,22,66,35,50,74,10,52,17,19,49,48,7,9,29,41,62,11,44,34,44,8,9,15,79,51,59,29,10,10,3,5,41,12,52,48,48,65,33,66,28,5,45,7,17,14,76,9,21,15,100,57,31,8,4,62,35,75,68,38,37,57
2017-12-24,10,9,20,59,23,71,50,20,52,29,45,64,11,37,27,19,38,41,2,39,11,42,54,18,37,37,41,8,17,10,62,60,46,22,8,18,4,5,24,9,57,37,37,73,29,56,22,4,45,7,18,31,72,10,35,11,68,75,34,13,3,62,0,61,63,35,45,61
2017-12-31,9,9,23,63,22,75,61,24,76,32,57,74,11,47,8,32,32,39,13,0,10,48,66,10,31,54,48,10,9,16,69,53,61,32,10,16,12,3,37,8,87,52,47,87,32,63,34,4,22,6,42,35,82,6,0,20,55,65,31,13,5,59,17,46,70,42,81,68
2018-01-07,22,5,16,70,22,74,66,25,78,41,56,79,25,47,46,37,54,39,10,33,27,59,77,17,38,55,47,16,23,27,66,74,78,36,12,13,5,5,39,14,66,42,37,92,37,61,60,6,55,6,47,52,95,11,59,14,53,58,54,13,5,57,0,43,68,40,63,55
2018-01-14,25,9,19,66,24,79,68,29,85,42,52,72,26,39,15,25,64,44,8,57,36,56,72,17,56,61,57,16,6,27,75,70,82,36,14,22,3,4,32,14,63,49,62,88,31,66,41,5,38,8,31,19,94,23,49,32,60,64,29,15,5,59,0,43,66,51,57,73
2018-01-21,27,7,16,74,27,76,74,32,63,50,55,85,18,43,15,56,74,42,4,8,35,72,86,13,61,51,61,15,20,30,80,73,100,39,13,12,5,7,51,15,61,52,61,96,32,71,53,5,53,12,15,26,99,19,48,18,73,60,28,18,6,57,16,50,65,40,51,77
2018-01-28,25,8,23,71,22,80,73,30,79,36,62,69,15,35,30,76,72,48,16,32,35,73,75,8,50,59,60,18,17,32,100,54,90,37,13,12,2,9,38,20,61,50,43,85,38,85,52,3,65,11,23,51,90,25,19,18,91,65,32,17,5,100,47,33,59,35,51,77
2018-02-04,21,7,28,80,24,77,72,31,89,39,79,79,28,31,45,49,62,36,12,32,35,59,78,5,51,49,61,16,14,25,89,81,79,35,13,21,4,9,41,15,53,52,51,87,28,71,43,7,42,10,23,44,88,14,19,27,79,60,28,21,4,58,0,46,64,42,43,69
2018-02-11,29,7,20,64,25,80,66,26,70,39,53,73,10,31,46,54,68,39,8,33,35,54,63,8,52,50,66,16,32,29,84,88,75,33,12,27,3,9,32,14,51,53,59,84,30,66,60,7,48,11,15,32,84,14,29,27,78,67,57,15,4,63,16,55,64,31,37,72
2018-02-18,37,9,25,71,21,100,72,27,79,34,51,70,21,98,46,51,52,41,10,8,36,58,68,7,47,52,60,15,35,22,85,66,80,34,13,25,3,6,36,13,55,41,68,82,27,66,63,6,46,8,23,26,90,3,19,23,76,69,61,14,5,61,32,59,61,36,38,65
2018-02-25,29,8,31,71,24,91,72,27,100,48,56,78,15,49,80,50,63,44,6,23,51,54,80,8,46,51,56,16,19,23,84,81,79,39,13,19,3,7,42,12,51,37,35,81,28,62,75,5,49,10,15,25,98,24,46,13,69,71,66,24,5,64,45,44,71,37,43,86
2018-03-04,28,8,22,79,20,88,72,31,94,41,56,74,26,61,45,29,70,44,12,55,86,62,68,5,61,49,53,19,17,21,80,70,68,39,14,34,4,7,54,13,51,46,63,89,27,66,52,8,50,10,30,19,92,14,38,18,66,65,47,29,4,61,15,53,57,40,43,74
2018-03-11,54,10,24,74,25,89,71,26,81,37,62,60,10,63,22,31,61,50,8,8,58,49,75,5,59,44,55,20,16,23,76,69,80,34,11,26,2,8,35,11,57,53,50,96,24,94,53,8,53,9,0,30,89,8,46,21,65,59,38,14,5,56,30,32,62,34,45,69
2018-03-18,29,6,24,73,24,92,68,28,74,40,61,73,19,84,52,36,62,46,18,48,60,63,74,6,54,48,60,17,22,19,70,69,75,37,12,30,2,7,28,14,53,57,51,87,31,73,46,7,45,11,23,44,94,22,9,9,61,68,64,18,4,56,31,58,60,41,40,77
2018-03-25,28,7,18,76,24,85,70,28,73,42,59,64,12,53,48,34,52,50,13,25,28,54,71,6,36,48,51,13,15,17,73,65,67,33,11,25,3,5,35,13,53,48,42,96,27,91,33,5,39,9,8,40,90,32,20,19,64,59,68,16,4,61,16,57,61,35,37,52
2018-04-01,19,8,21,70,33,84,72,26,76,41,58,62,23,49,24,21,57,44,13,25,27,55,64,6,52,54,59,17,30,20,81,55,81,35,12,31,2,10,35,10,50,46,29,88,30,63,32,5,33,10,8,60,94,14,30,9,75,77,55,24,5,61,0,48,63,36,40,76
2018-04-08,25,7,22,79,27,80,75,24,89,43,63,74,19,43,15,41,61,47,16,25,54,56,90,4,59,50,54,14,20,18,92,80,81,38,13,25,3,6,41,15,55,44,31,88,27,77,44,5,46,5,39,32,93,28,0,28,92,81,45,18,5,65,16,64,68,36,49,70
2018-04-15,20,8,27,78,25,89,72,29,85,44,53,65,22,35,46,39,65,42,6,24,35,54,81,4,60,53,56,12,9,20,90,71,80,36,14,60,5,8,42,15,54,52,53,87,37,80,62,8,54,10,54,13,91,28,19,27,97,60,49,9,5,59,0,38,55,45,46,77
2018-04-22,31,8,31,70,22,83,69,23,74,41,54,72,19,61,52,70,65,38,12,24,43,48,71,5,55,51,54,15,14,18,64,100,53,35,14,27,3,8,44,14,58,50,45,81,26,60,100,8,45,10,22,25,88,24,37,26,42,63,95,10,4,60,15,53,66,41,44,61
2018-04-29,26,8,43,73,30,84,69,28,76,50,58,72,11,65,83,64,65,46,18,32,43,50,67,5,60,57,49,17,17,19,65,80,52,36,14,14,4,15,47,13,53,42,55,95,30,53,40,7,35,11,15,19,90,25,47,27,39,76,100,21,5,62,16,58,59,48,45,80
2018-05-06,20,6,22,79,26,87,68,23,79,41,58,77,10,38,22,43,68,47,18,40,43,61,71,4,62,60,54,12,8,20,68,66,63,36,14,20,2,7,53,15,54,37,42,78,29,65,31,6,48,12,23,13,94,41,28,31,36,68,64,23,5,61,0,45,58,40,42,68
2018-05-13,23,8,20,71,25,84,67,23,80,44,47,80,21,50,37,40,71,76,14,32,17,50,78,5,57,49,55,18,20,19,59,69,64,36,15,16,3,6,35,13,50,63,51,80,29,62,43,6,53,8,8,31,94,27,19,13,34,78,64,38,4,58,62,50,61,38,43,57
2018-05-20,35,7,25,74,26,88,66,27,81,39,57,76,16,35,38,39,67,44,18,40,35,48,76,6,54,58,49,16,17,18,58,71,44,40,15,6,2,7,40,12,56,48,52,82,27,59,43,7,42,9,0,25,98,14,19,9,36,88,56,22,4,61,16,63,63,41,43,66
2018-05-27,19,9,29,70,29,83,64,29,54,41,63,54,21,52,23,23,65,46,23,25,0,50,68,6,40,62,51,24,12,18,53,84,53,35,13,5,2,13,45,13,57,42,44,82,29,58,38,7,36,8,16,39,91,28,10,28,33,73,33,15,4,61,16,43,62,36,49,79
2018-06-03,15,6,28,63,23,85,68,32,74,42,54,82,11,39,46,41,61,47,20,24,44,52,71,4,39,67,60,21,14,17,54,57,65,37,14,12,4,5,42,11,63,34,31,78,27,59,31,6,46,6,15,26,99,36,19,14,36,70,49,17,5,63,0,51,62,54,54,62
2018-06-10,28,6,45,59,28,94,67,24,75,45,62,87,13,31,15,28,51,48,28,8,44,57,81,6,59,62,54,31,17,23,59,68,51,40,12,22,3,13,24,9,63,40,37,93,26,53,34,9,43,14,31,51,92,25,39,41,37,73,61,21,5,59,32,68,74,41,54,64
2018-06-17,25,7,100,59,65,82,62,26,74,50,50,76,27,8,15,21,47,48,8,25,9,62,74,5,30,68,100,100,44,63,51,46,57,38,12,17,4,46,31,10,63,45,56,96,29,57,25,7,48,22,23,52,92,37,39,14,33,71,58,35,4,61,16,30,66,36,57,72
2018-06-24,19,7,43,60,35,87,67,22,75,47,60,79,19,40,55,24,51,46,13,25,46,38,75,6,36,74,73,40,33,34,60,48,51,40,13,12,4,12,46,8,62,41,57,79,32,72,48,10,60,12,24,20,90,20,30,19,34,71,38,15,5,60,16,57,65,36,60,72
2018-07-01,12,6,42,53,28,82,57,28,47,40,100,60,11,33,16,27,47,44,17,9,9,46,58,3,48,57,93,31,15,21,53,37,33,32,14,10,3,13,22,8,79,58,46,79,25,60,30,7,34,8,49,61,87,33,31,24,31,69,48,10,5,58,34,63,63,39,69,69
2018-07-08,18,8,40,63,28,90,65,23,73,40,66,63,17,24,8,49,45,52,20,8,0,52,83,6,50,65,60,17,14,23,66,49,52,37,16,15,1,10,38,10,70,55,47,86,30,62,25,7,60,10,15,52,99,34,10,18,32,63,33,14,5,64,0,60,67,42,64,65
2018-07-15,14,9,29,56,25,87,66,33,75,48,69,66,15,36,32,41,43,43,8,25,18,53,64,6,43,60,52,16,12,20,63,54,44,37,16,23,2,8,37,8,66,43,48,81,28,69,23,6,58,6,40,33,97,23,30,14,34,79,34,11,4,60,0,57,66,46,57,69
2018-07-22,26,7,20,65,25,77,65,28,65,45,69,80,8,12,23,71,45,51,23,33,18,54,76,6,100,66,53,15,15,18,66,54,49,38,18,18,1,2,38,7,58,46,32,81,30,60,35,7,51,3,8,39,89,26,20,9,36,81,33,15,4,61,16,52,62,46,56,60
2018-07-29,16,6,32,59,25,81,69,27,89,39,65,84,12,44,24,47,49,52,23,25,18,50,75,9,65,73,58,14,12,16,59,59,51,38,18,18,2,9,42,9,61,38,32,83,27,75,42,6,40,8,24,86,94,17,20,23,35,100,59,20,5,63,16,39,63,47,52,77
2018-08-05,20,9,24,71,22,79,69,28,66,51,54,72,12,28,31,56,46,57,2,17,18,49,76,5,35,64,53,8,26,19,59,55,50,38,20,12,4,4,29,12,55,46,28,91,28,59,16,7,63,5,8,59,99,26,59,19,31,82,50,7,4,61,0,52,66,50,48,65
2018-08-12,14,8,24,57,22,78,65,30,76,41,50,76,10,28,16,36,56,47,12,17,27,56,81,3,42,62,48,11,15,16,58,51,53,38,25,11,1,6,42,12,54,45,66,78,31,68,54,7,45,7,47,46,94,23,30,9,33,72,54,11,4,64,0,61,61,54,44,70
2018-08-19,31,8,20,70,24,80,71,23,78,36,55,71,8,28,39,32,58,41,17,8,36,48,74,4,35,70,66,17,0,20,58,71,70,39,36,18,2,9,42,12,53,43,51,82,25,67,16,6,51,9,16,53,93,32,30,14,33,56,46,17,5,60,16,48,60,59,46,63
2018-08-26,12,7,27,67,25,80,66,28,72,34,81,72,15,43,31,35,70,41,6,16,54,60,75,3,44,59,56,16,23,15,58,73,63,37,63,17,2,7,45,11,52,43,31,70,25,84,28,6,50,8,23,32,95,17,0,23,33,76,45,14,4,60,16,38,59,51,47,83
2018-09-02,22,7,31,61,25,75,65,25,73,39,63,68,12,20,23,35,63,46,100,8,36,49,67,5,50,54,49,16,14,16,55,61,46,34,87,12,3,10,43,11,53,57,71,71,27,67,25,9,41,8,46,26,86,20,0,14,32,77,25,8,4,61,0,30,53,61,42,74
2018-09-09,20,7,29,69,22,81,70,30,77,39,70,82,10,57,15,29,71,40,18,32,35,53,66,4,61,62,46,15,20,19,62,68,57,37,14,15,3,6,41,14,55,49,54,74,31,57,40,9,53,10,30,38,91,16,28,40,33,63,52,7,4,57,0,33,62,86,45,62
2018-09-16,25,6,25,80,27,82,70,26,82,38,67,92,12,39,46,28,70,36,12,41,35,57,76,7,49,61,45,21,20,16,65,79,66,36,14,14,3,7,51,14,55,46,31,71,27,65,41,9,53,8,23,58,91,25,58,55,35,69,33,9,4,58,0,55,58,68,43,60
2018-09-23,17,6,32,70,22,81,71,27,94,39,72,84,8,39,31,33,65,39,14,16,62,49,72,4,58,62,57,17,32,19,61,71,51,37,13,15,2,6,51,10,58,43,53,67,31,67,56,9,75,7,23,58,90,14,19,18,34,70,41,18,4,60,16,30,61,63,45,76
2018-09-30,8,6,30,83,23,85,70,24,78,35,61,98,9,66,23,42,62,36,6,8,26,53,81,3,61,63,51,14,14,19,72,95,75,37,13,20,3,6,45,15,54,43,61,67,30,57,40,6,42,11,15,45,94,17,29,36,39,65,44,13,5,60,47,54,66,65,51,67
2018-10-07,25,6,28,65,22,85,67,24,70,39,60,60,21,36,31,35,64,46,12,58,36,50,74,4,55,60,52,18,38,16,67,82,79,34,14,19,2,11,41,19,55,60,63,70,29,51,63,8,57,12,39,26,93,17,29,32,40,66,37,13,5,59,32,56,59,55,47,76
2018-10-14,13,7,34,77,24,80,69,27,77,48,63,78,23,35,69,39,61,42,2,8,71,57,84,4,67,58,57,15,23,19,66,79,65,35,13,16,9,18,44,13,51,40,43,66,23,64,50,8,49,8,100,26,85,20,39,32,41,64,37,13,5,57,63,76,58,59,46,74
2018-10-21,20,6,36,81,35,81,66,27,78,42,64,72,10,50,68,61,70,35,6,24,35,55,64,5,53,62,58,31,17,26,62,49,62,35,13,14,4,72,45,21,57,75,37,63,28,57,43,10,44,15,53,38,91,8,19,13,36,79,40,19,4,56,47,54,56,59,44,67
2018-10-28,24,7,66,77,35,83,68,100,90,38,71,83,21,61,39,69,66,39,8,34,46,53,65,5,70,56,62,22,21,23,60,87,61,34,13,16,3,63,44,19,56,46,35,66,24,56,39,7,40,10,48,27,90,20,10,9,38,82,34,21,5,58,16,52,61,69,49,79
2018-11-04,22,6,50,80,36,96,64,31,73,30,56,56,15,41,44,42,65,39,6,15,50,52,61,9,50,58,62,24,5,20,63,67,64,34,13,20,8,40,44,12,58,50,56,61,26,58,42,6,58,12,29,43,82,11,28,22,40,66,27,14,5,60,15,28,56,47,48,75
2018-11-11,25,7,38,70,36,78,63,22,76,44,47,60,13,43,31,46,64,43,8,0,71,48,58,5,54,55,50,19,17,18,58,75,62,33,12,14,3,50,39,13,53,32,50,70,25,57,50,9,48,9,8,32,81,20,29,14,36,51,37,14,4,63,32,47,57,51,46,68
2018-11-18,14,8,40,53,53,73,55,23,42,30,50,70,8,37,16,42,41,36,19,9,19,38,42,3,34,47,50,13,6,17,46,53,45,25,9,9,3,46,22,10,44,36,23,63,24,47,26,6,42,11,16,20,68,18,20,19,30,45,17,13,4,55,0,22,55,42,35,50
2018-11-25,39,7,77,81,100,80,64,28,80,36,56,74,10,53,29,43,65,30,8,55,60,55,62,5,56,54,55,25,19,21,64,79,59,33,13,18,2,100,54,15,53,44,45,73,27,55,48,9,53,15,37,25,87,19,28,31,36,50,43,20,5,60,0,37,61,62,48,78
2018-12-02,27,7,31,78,36,83,72,26,88,30,52,55,10,54,46,45,69,38,8,24,44,52,64,3,58,54,51,17,17,20,70,97,44,33,13,20,4,51,39,17,57,43,77,63,29,65,40,13,39,13,8,45,84,11,10,36,41,63,32,20,6,59,16,46,59,49,47,68
2018-12-09,25,7,32,75,33,84,66,24,85,38,49,64,34,51,54,40,80,38,14,16,36,56,62,5,55,54,56,18,15,19,62,81,54,32,13,19,4,35,45,18,57,37,56,71,27,51,35,16,67,12,39,52,87,20,29,28,46,72,49,15,5,61,32,51,62,41,46,74
2018-12-16,15,7,21,72,53,76,61,24,61,37,50,74,20,36,24,37,60,35,12,25,18,44,52,3,51,51,44,18,15,19,56,67,52,29,12,11,5,17,42,14,51,37,41,67,32,84,51,18,51,12,16,7,75,9,20,9,37,63,33,7,4,59,32,65,62,44,47,60
2018-12-23,20,9,16,65,49,74,47,19,37,27,45,63,4,55,9,22,36,42,5,0,31,32,36,3,34,42,57,11,7,12,48,52,44,23,9,14,2,16,18,6,59,49,40,65,21,47,33,11,44,5,9,45,68,16,45,27,33,73,29,10,3,57,19,40,61,24,50,50
2018-12-30,13,8,29,63,42,74,56,25,55,35,50,56,4,38,25,19,39,44,4,0,10,55,64,4,38,57,60,15,22,14,60,48,67,30,9,12,1,13,26,7,99,48,24,84,34,45,14,10,48,6,33,42,83,9,21,20,42,59,40,14,4,60,34,69,63,39,100,66
2019-01-06,24,7,31,76,64,81,71,30,67,43,68,85,12,49,59,52,50,34,12,8,26,53,81,5,45,71,71,15,20,22,66,83,83,38,11,27,2,10,53,17,82,51,54,94,32,60,43,10,55,10,0,44,95,19,19,40,51,52,44,25,6,58,46,53,65,37,67,69
2019-01-13,28,7,29,84,41,79,71,26,78,33,57,79,10,57,7,51,61,36,12,39,34,73,81,3,52,61,62,16,11,19,80,55,83,36,13,29,3,13,49,12,75,47,33,86,37,68,52,7,45,7,30,75,99,35,28,62,54,64,12,11,7,58,46,49,63,44,58,71
2019-01-20,24,8,27,65,34,78,71,27,85,38,54,73,8,79,62,67,67,44,10,16,36,61,77,4,45,65,61,15,9,18,78,66,84,36,13,23,2,8,48,11,66,46,75,85,28,68,38,11,36,9,39,39,96,28,29,32,65,64,49,23,6,61,16,47,60,44,54,71
2019-01-27,37,6,31,76,33,83,74,20,83,38,64,89,12,76,37,76,66,41,12,55,51,72,71,4,59,63,57,14,17,17,97,65,80,37,14,20,2,11,39,15,65,41,39,80,37,79,45,11,58,10,22,43,100,16,47,26,84,46,71,18,6,62,31,65,61,37,49,79
2019-02-03,24,6,24,85,32,80,73,28,76,41,67,76,12,42,30,50,77,31,10,31,34,65,67,3,50,63,57,15,8,17,94,62,74,36,14,23,3,13,47,15,56,60,36,80,33,82,51,7,48,8,30,50,99,16,37,44,83,50,43,16,6,93,15,49,54,44,47,73
2019-02-10,29,7,18,78,37,76,71,27,73,38,51,64,13,63,7,33,60,42,10,70,34,60,71,4,53,59,51,14,11,21,83,56,71,34,12,24,1,11,42,13,54,50,41,81,28,74,36,7,50,10,29,31,89,24,28,30,84,53,62,8,6,59,45,48,62,34,47,74
2019-02-17,23,9,27,77,32,81,74,30,73,32,63,76,27,31,38,61,61,47,10,40,44,64,74,5,50,61,59,15,9,19,89,73,87,38,12,19,4,12,35,12,59,48,46,85,29,80,31,10,47,11,31,70,92,42,19,32,85,68,41,15,5,61,32,46,59,27,41,79
2019-02-24,32,7,22,77,28,81,74,26,76,47,75,67,17,78,58,47,65,35,6,16,59,61,74,3,73,60,55,12,22,17,87,83,70,36,12,16,3,11,44,15,55,47,35,94,31,64,45,9,52,6,29,49,94,21,37,17,76,61,62,18,5,62,15,40,63,38,47,77
2019-03-03,39,8,29,77,33,82,75,25,83,32,57,56,7,49,22,37,74,43,8,31,34,60,76,4,59,57,49,10,17,18,87,70,86,35,12,12,4,10,34,17,58,43,45,90,25,59,60,10,53,7,0,50,88,22,9,26,67,67,86,17,5,57,15,82,63,31,43,72
2019-03-10,30,7,19,86,28,82,75,31,73,32,69,86,11,84,60,36,64,49,12,8,61,55,77,3,46,57,61,15,8,20,79,78,60,34,13,19,3,12,100,100,56,43,61,90,26,69,49,9,50,12,23,51,92,36,19,27,65,72,44,25,4,56,31,37,68,36,47,67
2019-03-17,67,4,20,66,28,80,68,29,98,40,75,84,10,35,31,36,63,41,12,33,35,62,77,4,53,62,62,13,11,20,79,69,70,36,13,26,3,8,53,26,58,56,68,92,33,60,34,16,39,8,38,71,91,28,0,45,62,77,41,14,4,61,32,76,56,40,45,47
2019-03-24,60,6,22,74,32,83,72,25,70,43,66,80,13,48,23,24,65,44,8,42,27,67,78,4,54,57,55,14,12,17,84,75,76,35,13,23,3,8,49,16,58,44,54,89,28,61,29,16,42,9,32,46,91,20,30,9,65,73,50,18,5,59,65,48,61,34,41,57
2019-03-31,27,6,34,76,53,80,74,25,89,39,61,78,8,40,24,44,56,41,19,8,36,67,71,4,43,59,60,13,6,18,83,81,79,34,12,18,3,9,45,18,58,51,70,87,34,78,42,14,42,8,47,33,87,9,40,19,80,74,33,11,4,64,49,52,60,39,43,80
2019-04-07,32,6,37,73,33,80,76,28,82,48,62,71,14,44,23,53,61,43,2,33,72,70,74,3,48,56,55,14,21,21,92,83,72,36,13,10,4,9,43,14,60,57,47,89,32,69,45,9,56,6,24,46,96,26,20,32,95,78,37,19,4,62,32,69,63,45,49,70
2019-04-14,45,5,32,65,30,81,72,23,74,41,63,82,17,20,55,59,56,40,8,17,37,60,72,5,49,56,51,13,18,18,83,73,65,33,13,19,2,12,53,13,59,53,45,94,33,64,65,8,55,8,40,33,86,29,20,28,87,61,38,11,4,58,16,53,52,45,43,67
2019-04-21,51,6,25,65,30,81,69,23,69,37,66,77,13,36,31,59,66,47,8,33,45,51,72,3,61,70,59,11,15,17,66,58,77,33,13,17,3,4,33,13,57,42,60,87,23,78,35,9,38,6,31,26,90,23,0,18,41,74,41,13,4,57,32,60,55,50,48,65
2019-04-28,22,6,30,71,28,82,69,26,80,40,63,64,17,35,76,58,77,39,12,8,53,63,67,4,57,68,74,10,11,20,64,85,62,37,16,12,2,8,42,17,54,48,40,85,28,80,50,10,51,6,23,32,92,33,38,18,40,68,41,16,5,61,47,55,54,41,43,61
2019-05-05,25,8,18,75,30,78,70,23,75,40,66,72,9,42,23,42,73,37,8,40,61,57,75,6,58,62,62,16,25,19,60,80,62,34,13,18,3,9,44,12,57,40,49,85,31,66,37,10,40,11,23,38,96,33,29,18,38,63,44,15,5,62,0,46,59,38,47,70
2019-05-12,25,7,27,71,29,80,70,23,71,26,57,57,3,62,30,36,65,40,10,16,61,54,68,6,64,68,63,14,14,24,59,93,53,37,14,10,4,7,45,16,54,46,46,84,25,61,25,9,35,9,30,32,95,28,57,13,35,76,40,21,4,60,0,67,61,45,44,66
2019-05-19,25,8,31,68,29,78,64,29,88,37,67,72,20,65,38,50,71,37,12,0,61,45,72,4,60,66,61,17,11,21,60,66,64,37,13,13,4,9,65,11,55,42,52,81,25,53,46,9,50,11,15,25,99,33,28,22,34,75,44,20,4,56,16,37,60,38,47,67
2019-05-26,32,7,33,56,31,78,63,23,80,46,59,62,9,28,62,22,59,42,10,41,18,38,65,5,39,65,55,14,9,16,53,65,58,35,14,17,3,6,43,10,57,41,44,86,28,69,44,10,43,5,16,78,92,25,29,23,32,96,66,17,4,66,0,90,57,36,45,61
2019-06-02,28,9,33,62,37,85,70,22,87,45,58,74,6,51,61,27,58,57,16,8,35,60,78,6,50,65,62,12,17,17,56,91,60,36,12,13,2,13,47,11,57,49,46,92,27,66,40,11,51,6,38,38,88,36,10,27,34,85,36,19,5,64,0,50,67,47,50,66
2019-06-09,20,8,21,58,25,82,69,22,73,38,64,77,14,55,15,27,47,48,10,16,18,48,73,8,40,78,60,12,9,15,60,55,47,35,13,10,2,10,38,9,59,35,53,84,27,57,22,7,57,6,8,46,90,28,10,37,34,65,58,14,4,60,16,47,63,41,49,56
2019-06-16,26,7,27,66,28,80,68,28,72,38,74,67,37,36,23,32,44,50,21,8,45,51,81,3,34,79,60,14,12,29,62,55,50,35,13,13,2,13,31,9,60,50,48,96,30,66,42,6,49,9,39,66,99,32,30,19,34,66,33,19,4,59,0,56,64,55,46,61
2019-06-23,30,8,40,54,39,83,70,25,98,42,66,70,39,37,40,23,60,46,21,0,28,60,82,6,36,82,77,24,9,34,60,54,47,38,15,14,3,35,39,11,59,43,68,87,30,61,36,7,60,8,16,80,96,41,20,14,38,75,68,23,5,63,0,84,62,43,52,54
2019-06-30,25,7,26,57,35,75,55,31,68,43,96,67,10,25,16,32,47,44,15,0,19,42,68,4,31,66,86,19,3,19,54,51,45,29,14,9,3,14,33,7,74,42,46,91,26,60,40,7,49,7,8,69,84,15,21,5,33,81,39,16,4,60,0,36,60,35,56,60
2019-07-07,24,8,31,68,32,82,66,33,82,39,75,79,22,28,15,53,51,46,20,16,71,49,76,4,36,69,69,20,14,25,62,56,46,37,18,10,1,12,26,10,66,45,34,90,27,65,32,9,62,6,16,78,97,25,39,37,35,79,33,21,5,62,16,38,64,45,57,62
2019-07-14,22,7,40,60,32,84,67,32,92,43,64,82,27,24,8,39,53,50,8,8,0,62,62,5,41,61,58,18,6,31,62,55,39,34,17,22,1,12,33,9,65,36,58,76,26,63,45,8,42,7,32,100,88,23,100,28,34,73,34,29,5,64,0,31,61,40,57,58
2019-07-21,14,7,26,64,31,77,68,26,76,42,61,63,16,29,72,63,50,38,21,0,9,56,76,5,41,71,46,12,21,20,64,62,38,35,16,20,2,8,28,11,64,54,39,80,27,66,29,11,62,8,8,13,95,59,20,100,33,69,34,15,4,60,0,53,55,36,52,62
2019-07-28,35,8,28,54,30,84,67,25,78,33,70,61,12,25,32,57,48,43,15,26,9,50,73,4,36,74,49,12,6,16,61,58,51,34,18,20,1,8,36,11,55,43,42,82,30,57,36,10,79,7,0,61,99,24,41,53,35,63,43,16,4,66,0,54,64,51,50,67
2019-08-04,17,8,28,66,27,85,64,26,89,42,63,69,20,49,16,41,49,41,21,25,18,58,68,6,35,71,55,14,18,20,59,50,56,34,19,20,3,6,21,10,53,47,29,81,26,48,33,13,55,5,8,20,92,26,20,28,31,56,25,21,4,63,16,31,65,46,45,57
2019-08-11,29,7,31,63,28,85,66,35,68,42,61,86,12,36,16,42,53,44,25,25,27,49,73,5,40,72,57,17,21,19,59,52,54,37,25,22,2,7,55,10,50,48,82,84,28,66,29,66,54,4,16,53,97,23,10,32,34,56,54,16,4,66,0,39,67,44,41,61
2019-08-18,20,6,26,69,26,85,76,36,81,31,68,64,14,67,15,30,61,44,20,24,62,57,67,4,38,76,57,15,3,17,59,55,51,36,37,14,3,7,54,13,53,53,71,79,34,76,25,51,51,7,15,64,93,14,39,36,33,77,29,15,4,63,16,47,60,51,45,72
2019-08-25,23,6,20,68,25,87,70,36,75,37,72,69,15,34,22,35,60,38,18,39,17,62,65,5,41,70,55,13,19,14,67,58,55,57,66,14,2,8,48,13,55,52,36,70,32,57,36,36,66,9,52,25,91,30,28,31,33,61,35,20,4,62,0,45,62,55,44,68
2019-09-01,21,7,20,68,27,84,70,27,63,33,76,71,11,45,22,41,68,41,12,16,17,49,67,4,44,68,49,12,25,14,61,55,49,100,87,10,2,6,43,14,50,52,30,71,30,54,21,22,43,7,30,12,90,11,28,26,29,77,43,5,4,60,0,57,56,55,38,57
2019-09-08,25,6,26,70,25,92,73,30,68,35,64,62,15,41,36,30,78,41,12,15,17,63,74,4,38,60,54,12,19,17,66,74,59,72,14,16,1,8,50,14,58,40,35,70,29,68,38,17,39,8,44,79,93,26,9,13,34,63,46,11,5,58,15,52,60,98,45,55
2019-09-15,25,6,23,71,26,80,70,34,69,34,68,77,14,48,50,34,64,32,21,23,25,67,65,4,41,68,58,14,19,20,58,71,64,69,12,6,2,4,46,12,55,48,73,69,28,64,56,14,53,7,7,42,94,18,18,13,32,57,54,16,4,58,30,24,63,83,42,63
2019-09-22,22,5,36,70,23,81,72,25,84,37,58,65,14,66,57,32,62,36,9,8,66,64,70,4,39,65,54,12,16,17,63,67,50,49,13,21,2,6,44,13,54,50,64,69,29,53,50,16,56,8,14,36,89,21,9,30,32,66,27,17,4,56,74,44,64,70,40,63
2019-09-29,16,8,29,81,23,80,74,23,77,33,57,69,7,53,52,43,72,37,16,8,85,63,75,3,48,65,54,16,25,19,64,57,67,34,11,13,2,5,59,18,55,42,80,72,36,53,36,17,49,10,52,50,93,32,9,35,38,64,67,27,4,59,46,45,59,68,40,72
2019-10-06,14,7,31,79,25,84,69,22,75,33,64,88,5,62,21,27,61,37,19,23,25,55,70,3,54,67,53,16,13,17,62,65,67,33,12,16,2,6,48,17,48,32,35,71,30,84,35,12,56,9,22,48,87,21,27,26,39,60,46,37,4,58,45,28,61,60,45,73
2019-10-13,16,6,41,69,25,79,70,28,63,32,64,60,8,55,43,31,62,35,2,31,67,51,70,4,67,72,52,17,14,21,69,66,68,33,12,15,4,5,32,18,54,49,61,68,34,60,27,12,55,8,58,49,88,29,46,26,42,73,38,13,4,59,45,24,62,66,42,65
2019-10-20,15,6,33,77,25,85,69,26,77,29,72,74,12,51,42,72,63,41,6,23,49,55,65,4,44,64,54,19,11,17,63,75,64,36,13,16,2,10,38,14,51,35,100,69,25,69,40,10,47,10,21,47,85,18,18,29,35,65,64,23,4,55,0,70,54,61,41,62
2019-10-27,24,6,46,70,21,78,63,30,74,36,59,87,7,30,44,65,54,34,4,8,51,61,59,4,50,66,43,19,16,17,59,72,66,32,11,14,2,6,29,14,46,46,33,63,32,60,54,11,52,7,22,37,80,13,28,30,36,67,31,14,4,58,15,73,57,79,39,62
2019-11-03,20,6,23,80,23,79,72,24,77,38,57,56,12,92,50,57,60,36,11,31,8,66,72,3,49,72,53,12,16,16,66,83,64,33,13,13,2,7,41,13,55,47,55,72,30,73,38,11,50,11,29,60,87,26,54,51,37,65,46,15,4,59,0,24,63,67,44,67
2019-11-10,17,7,26,67,24,79,69,24,90,28,59,64,11,63,43,36,64,37,6,0,33,55,69,4,44,68,54,14,22,17,63,83,52,34,12,16,1,6,48,16,57,43,49,65,26,64,21,8,56,8,22,61,88,24,27,21,36,53,42,25,5,56,30,68,60,64,41,78
2019-11-17,20,7,19,78,24,80,71,30,75,30,53,76,5,44,43,40,53,34,4,38,25,54,71,3,43,71,51,13,13,18,66,79,61,32,13,21,8,6,39,13,53,46,72,66,31,69,41,9,49,7,36,42,86,26,36,25,37,57,15,30,4,56,29,51,52,77,42,62
2019-11-24,18,7,21,67,23,79,53,13,52,30,42,53,5,54,15,20,40,31,10,16,17,42,39,3,41,46,38,10,14,12,47,47,45,25,9,6,2,6,48,10,46,47,39,58,20,47,12,10,45,7,30,38,62,16,28,13,31,71,16,9,3,58,0,50,51,45,38,48
2019-12-01,20,7,22,77,24,82,66,21,77,32,56,71,14,60,21,27,64,31,2,44,32,51,63,4,50,64,51,14,10,15,63,75,54,31,12,9,4,5,52,14,58,46,39,64,31,76,51,10,43,8,21,46,85,15,35,41,39,52,51,14,5,63,100,42,58,47,45,81
2019-12-08,11,6,19,76,24,83,68,29,76,30,70,65,11,40,0,40,66,35,8,31,41,58,61,6,57,61,50,19,22,18,60,81,52,30,11,14,3,7,49,16,55,52,55,61,34,71,68,10,51,8,22,79,82,16,36,38,40,56,50,22,4,58,30,48,60,52,41,58
2019-12-15,16,7,17,72,26,78,61,34,83,28,53,78,14,46,30,28,58,32,6,16,43,64,58,3,35,58,50,13,11,14,57,76,44,28,11,7,2,3,43,12,58,45,57,71,36,75,58,8,53,7,0,44,76,16,47,40,36,66,28,17,5,55,46,33,61,41,46,52
2019-12-22,9,5,14,53,23,75,43,20,65,23,45,79,4,47,8,24,34,43,7,9,19,40,32,4,28,48,43,8,3,10,53,41,35,23,8,8,2,3,26,5,56,48,20,69,24,57,7,5,37,8,8,14,68,3,21,35,30,81,31,8,3,57,0,74,60,31,46,44
2019-12-29,21,7,22,65,21,69,57,27,59,31,53,74,4,16,0,31,45,100,2,17,0,57,53,5,28,64,54,7,3,11,61,45,51,28,10,8,0,3,28,7,100,59,70,82,34,71,26,9,33,7,0,80,80,12,70,28,40,55,46,9,4,59,33,44,59,28,92,61
2020-01-05,35,7,28,58,24,80,74,30,76,39,69,84,13,56,22,30,61,70,16,31,42,64,75,6,42,73,51,12,5,14,73,53,76,37,12,10,2,2,33,10,81,53,47,98,39,76,45,8,77,9,15,74,95,27,28,0,48,71,43,9,5,56,30,69,68,42,74,76
2020-01-12,31,6,26,72,21,78,76,26,80,35,68,88,8,46,42,43,69,38,6,15,24,65,73,6,54,71,52,13,8,16,78,67,77,36,12,18,2,6,31,12,64,56,59,94,38,85,31,11,72,7,21,82,97,28,35,17,54,80,41,13,6,59,14,62,67,42,58,70
2020-01-19,34,7,28,74,23,82,74,28,86,39,58,70,7,58,28,53,64,37,11,30,50,71,69,5,42,73,51,13,19,15,76,85,70,36,12,15,4,7,41,13,58,54,58,95,39,90,47,7,59,8,29,72,90,8,45,17,63,68,15,14,5,57,30,51,66,35,51,76
2020-01-26,32,7,20,76,23,82,73,30,74,38,49,74,12,28,28,69,72,46,2,22,32,73,73,5,62,72,46,11,13,19,97,72,82,36,12,18,2,6,42,13,58,100,67,85,35,80,40,10,77,11,7,58,85,15,44,45,77,55,59,10,5,55,14,42,58,39,44,78
2020-02-02,31,6,23,72,25,79,74,30,81,33,75,83,7,50,28,71,76,40,7,37,65,77,76,6,57,67,56,16,16,18,94,65,69,33,12,19,2,6,40,15,59,82,57,76,42,79,29,8,69,6,7,53,91,23,27,25,81,57,41,18,5,84,15,39,59,34,43,78
2020-02-09,31,7,28,72,27,77,77,26,79,34,58,85,11,40,28,67,66,47,6,15,16,75,67,3,56,63,59,14,21,18,90,74,84,36,12,12,2,5,47,15,62,63,45,90,33,80,60,10,69,10,57,47,86,26,80,21,75,60,49,20,4,59,15,39,60,40,49,72
2020-02-16,45,7,19,76,27,81,76,24,79,33,55,85,12,57,42,54,66,37,4,29,24,60,71,15,56,71,57,12,16,18,92,65,77,35,13,13,2,7,34,13,53,58,50,94,34,72,51,9,84,8,28,70,86,18,53,45,84,57,63,19,4,58,43,31,55,44,41,81
2020-02-23,52,5,26,75,28,78,76,33,83,31,58,75,11,57,13,33,76,33,7,21,46,68,65,11,53,60,51,17,22,18,89,78,79,35,13,19,3,10,50,15,57,56,78,78,38,84,27,24,77,12,7,61,88,12,8,20,78,60,56,20,4,59,41,37,53,40,45,70
2020-03-01,61,6,21,71,22,80,73,23,80,22,55,83,11,53,32,45,72,39,12,41,37,60,69,7,67,59,58,12,19,15,81,71,75,34,13,11,3,7,53,14,53,49,55,76,37,87,37,20,61,12,26,71,85,17,16,35,66,45,69,17,4,59,0,79,51,30,41,70
2020-03-08,71,5,20,73,45,79,77,25,75,30,61,68,10,46,38,46,91,39,7,27,29,64,64,8,56,60,58,11,10,16,72,67,48,30,13,27,3,7,35,11,47,49,44,61,68,79,31,56,38,8,6,43,72,100,56,34,64,50,44,17,8,58,0,49,50,44,36,63
2020-03-15,97,5,20,75,95,76,94,18,79,34,65,70,4,13,19,23,88,27,2,20,22,82,77,6,61,100,41,11,12,13,76,65,38,29,11,77,2,4,32,8,42,52,46,41,38,63,13,100,41,6,19,43,54,25,16,38,67,36,40,18,58,54,13,14,40,35,27,67
2020-03-22,100,3,28,84,38,77,89,14,82,15,48,72,3,29,70,43,82,20,10,0,22,90,76,6,71,97,45,9,12,11,88,83,35,29,12,76,1,4,42,9,41,61,33,26,36,48,34,52,59,6,32,37,58,9,16,23,56,39,40,28,78,49,13,46,40,37,29,86
2020-03-29,46,5,17,85,29,77,100,11,82,12,45,54,7,35,31,43,66,16,7,13,0,100,79,4,63,71,52,12,5,11,75,85,47,28,11,100,1,8,54,12,43,53,20,26,86,59,33,32,61,5,31,26,67,9,16,11,63,28,50,29,100,55,0,17,36,34,31,83
2020-04-05,45,3,21,76,25,79,86,12,89,10,44,51,2,32,12,28,70,20,5,7,21,81,68,6,59,56,50,11,2,8,79,87,44,28,10,68,1,4,27,12,40,49,15,24,61,80,33,31,48,5,37,16,66,9,39,37,64,33,43,28,78,53,13,24,39,33,28,46
2020-04-12,51,4,18,100,24,84,81,18,69,14,47,56,8,40,49,58,100,19,3,52,21,85,67,7,65,55,62,19,14,10,97,98,39,28,10,62,1,10,54,14,38,46,17,27,44,59,35,30,42,7,18,20,65,7,23,25,76,29,74,100,84,63,38,50,43,28,29,73
2020-04-19,60,3,26,85,26,81,77,18,78,13,63,57,10,43,48,63,81,18,5,38,28,70,75,8,72,54,61,26,16,41,74,85,44,27,11,44,2,11,52,12,42,46,29,30,37,73,46,24,61,7,36,25,65,9,38,42,47,28,67,42,68,51,12,23,44,26,27,64
2020-04-26,52,3,23,88,26,86,78,15,68,10,54,78,8,34,36,100,77,19,14,13,77,76,68,21,74,56,58,15,14,12,81,89,39,29,13,51,2,5,39,14,44,55,19,33,39,71,42,20,46,6,30,15,71,7,0,21,46,32,71,31,75,53,0,40,39,38,30,47
2020-05-03,57,3,17,90,30,85,75,16,74,19,48,61,10,52,24,69,64,18,8,32,14,70,70,14,67,58,51,16,11,13,69,68,43,30,11,55,2,8,69,13,41,56,34,34,37,69,46,18,53,7,18,15,65,17,45,18,43,31,28,29,51,52,25,36,37,26,30,56
2020-05-10,35,4,22,99,29,89,74,17,64,21,53,68,7,9,31,44,67,22,13,45,21,66,67,11,63,62,55,17,9,14,72,90,38,30,12,42,2,6,49,13,46,50,22,37,34,95,40,16,64,7,18,36,68,9,15,44,41,33,46,42,52,51,13,41,38,31,31,63
2020-05-17,33,3,23,79,31,86,73,19,60,20,47,70,12,40,42,49,66,22,11,32,28,72,66,7,67,66,56,18,18,13,67,86,39,29,12,29,1,8,39,13,44,34,20,40,35,53,44,14,46,8,12,25,70,15,8,4,39,33,42,95,49,48,50,37,44,34,35,47
2020-05-24,22,4,21,72,27,91,66,17,63,26,48,73,7,25,37,41,47,28,26,7,57,61,58,7,49,64,55,14,9,12,65,68,39,29,12,37,1,4,41,9,41,53,17,42,30,69,25,13,32,5,19,36,67,14,8,7,36,47,46,16,46,50,13,27,39,35,31,42
2020-05-31,29,4,19,63,27,84,73,19,63,24,44,71,7,45,59,38,51,29,20,19,7,69,60,8,41,62,64,14,16,14,60,60,37,28,11,20,1,6,37,10,45,64,31,44,25,64,39,8,30,5,24,20,66,2,37,7,36,41,54,20,39,53,25,26,41,31,34,54
2020-06-07,23,5,23,71,30,87,71,21,67,26,47,74,4,38,62,40,47,34,18,13,29,74,65,9,44,80,61,15,14,15,64,59,43,32,13,27,1,6,36,10,49,45,45,49,28,98,46,26,53,5,19,31,73,11,47,11,40,38,36,21,40,53,39,48,40,47,36,69
2020-06-14,34,6,18,67,38,87,74,20,71,28,51,63,5,53,32,28,44,32,27,14,52,60,63,6,37,78,59,14,26,15,65,55,43,33,12,33,2,4,31,12,49,67,34,60,29,77,37,7,41,5,13,43,74,5,16,15,42,41,58,25,38,49,13,43,48,41,37,58
2020-06-21,23,4,27,67,31,90,77,25,70,34,51,81,14,64,46,36,41,37,24,21,53,69,58,8,33,78,63,14,10,18,70,56,38,33,13,36,2,4,35,10,52,59,37,55,25,65,27,9,52,6,13,38,76,17,25,19,41,42,38,21,43,50,0,72,67,40,39,55
2020-06-28,22,4,27,72,34,85,73,20,75,32,54,69,6,37,33,33,41,35,19,50,15,66,66,8,38,71,76,16,7,12,75,63,36,30,12,25,2,5,21,10,54,47,19,46,31,71,33,10,44,4,20,11,72,19,50,16,48,36,85,23,46,54,28,29,44,35,44,65
2020-07-05,33,3,25,64,29,90,78,22,84,29,80,80,7,51,40,42,41,31,21,14,53,74,65,9,45,73,88,18,10,15,85,62,44,31,14,23,0,4,35,8,53,68,29,47,32,67,22,8,55,6,20,78,78,5,25,31,59,51,39,11,44,52,0,29,51,40,43,62
2020-07-12,16,3,29,74,30,83,81,26,77,28,54,53,5,54,39,52,42,36,24,0,0,75,61,4,52,70,59,12,17,14,87,64,37,32,14,32,1,5,25,9,52,52,29,50,29,71,27,9,57,3,33,39,71,7,33,31,73,43,56,20,50,52,14,36,50,40,37,44
2020-07-19,23,3,26,84,29,88,73,26,80,100,67,59,7,34,27,86,41,43,21,21,46,74,65,5,39,70,58,15,20,11,68,77,46,32,14,35,2,3,31,12,51,57,41,50,40,71,38,9,60,6,34,22,91,7,25,32,39,44,43,23,57,49,42,33,41,47,36,54
2020-07-26,19,2,30,87,30,86,75,27,85,38,62,61,12,38,54,71,41,32,23,21,8,69,68,6,97,71,49,12,13,12,73,93,37,30,16,26,1,5,63,8,49,41,35,51,35,79,44,10,42,6,27,28,82,10,34,20,39,43,54,14,56,49,28,30,41,53,44,52
2020-08-02,28,4,23,80,27,86,72,33,68,36,61,83,6,58,20,72,32,36,27,14,23,59,68,3,50,77,49,14,15,18,62,72,44,29,17,20,0,3,40,8,52,51,59,51,63,83,35,8,40,3,13,28,77,7,17,40,45,43,64,12,58,52,14,44,42,57,38,48
2020-08-09,22,3,21,79,29,82,66,35,78,37,65,53,3,84,33,61,41,34,32,14,38,70,62,6,44,72,51,12,10,15,65,76,50,30,20,15,1,3,37,8,46,70,45,53,100,70,35,8,59,5,13,39,78,5,33,31,56,40,35,13,55,48,27,36,38,48,33,49
2020-08-16,33,4,16,79,24,85,66,33,77,24,60,66,9,45,25,55,46,32,23,33,58,57,69,4,39,55,46,12,24,13,62,57,48,30,27,15,2,5,57,12,50,52,30,49,40,83,38,4,50,4,25,37,78,9,8,26,41,38,90,20,43,46,13,21,41,57,37,47
2020-08-23,36,4,25,85,33,81,69,36,77,27,56,56,6,35,31,46,59,28,11,59,21,50,61,4,47,60,55,12,21,12,60,72,43,32,42,18,2,5,49,13,45,66,55,48,33,70,38,6,56,4,25,57,76,9,47,22,37,37,59,17,43,46,13,48,39,53,33,64
2020-08-30,31,4,13,73,26,86,72,34,80,31,65,64,4,51,62,53,64,32,15,40,43,72,64,4,52,62,54,12,26,14,66,79,42,30,61,17,3,5,47,9,45,64,50,53,53,73,25,8,57,5,50,26,77,9,16,4,40,36,46,15,39,49,0,45,36,55,37,54
2020-09-06,14,4,25,81,27,86,64,33,64,38,70,73,4,48,68,41,57,32,10,13,86,52,57,4,46,62,53,11,19,11,62,62,40,28,100,14,2,6,43,11,45,52,53,49,32,65,46,7,43,7,38,16,73,14,24,22,35,42,40,16,41,43,13,66,35,49,36,55
2020-09-13,38,5,22,87,28,91,70,36,78,41,74,72,8,66,49,26,68,31,13,33,21,61,65,4,46,66,55,13,23,16,67,61,44,31,14,18,2,6,55,13,51,53,43,53,31,68,43,7,72,5,56,26,83,2,8,33,37,54,69,23,34,46,51,72,41,79,37,50
2020-09-20,18,4,26,87,28,86,68,40,80,31,62,54,9,36,38,44,62,28,10,34,96,66,61,4,50,66,56,14,31,16,63,70,49,32,13,23,1,8,53,14,50,59,54,53,24,77,42,6,49,4,32,27,79,7,24,15,36,29,27,23,29,45,13,92,49,75,35,61
2020-09-27,22,3,28,82,24,84,66,33,68,36,65,50,8,48,67,52,53,30,14,21,70,59,58,2,43,58,56,14,38,14,70,75,48,30,11,31,2,7,46,16,46,50,38,61,29,64,57,6,52,6,34,51,78,2,0,8,44,27,53,20,26,49,42,48,41,62,33,61
2020-10-04,30,4,25,80,23,83,70,27,79,32,74,67,9,69,28,50,65,28,19,60,33,60,53,2,63,61,50,13,27,15,73,73,43,31,11,24,1,4,60,14,55,69,66,53,28,79,32,10,62,5,7,66,81,8,36,13,43,36,19,16,26,46,15,43,42,68,42,62
2020-10-11,22,5,29,92,25,87,65,26,78,30,84,69,4,55,54,35,48,34,18,0,18,51,56,7,47,75,60,10,20,11,70,61,49,30,11,16,2,6,48,11,48,64,47,56,28,72,22,6,43,6,70,39,78,8,0,18,43,34,54,14,24,50,16,43,44,61,39,59
2020-10-18,24,5,27,81,30,85,63,26,64,37,77,72,11,73,24,59,54,33,17,17,46,64,59,3,57,69,49,18,24,14,72,70,46,30,11,17,2,10,32,14,52,55,42,59,29,84,29,6,58,5,72,27,82,9,20,9,47,44,63,11,25,49,16,57,51,64,43,56
2020-10-25,16,3,26,85,26,86,64,28,80,31,80,57,8,45,32,89,53,30,19,34,55,57,62,3,93,65,55,11,18,13,69,72,49,29,11,17,1,3,42,10,51,57,16,48,32,61,16,5,50,7,40,40,79,6,20,24,41,30,34,16,20,47,17,31,52,56,41,66
2020-11-01,11,3,16,58,21,73,51,29,50,23,44,41,5,20,65,36,47,24,3,28,60,43,51,4,52,58,52,13,24,14,56,59,31,25,9,8,12,4,25,9,47,62,29,47,26,51,24,6,29,5,7,22,62,7,0,15,37,23,35,15,16,40,40,22,33,42,36,65
2020-11-08,35,3,24,75,23,78,65,24,56,26,46,72,6,39,23,42,52,27,10,0,44,49,59,3,52,63,51,9,23,14,65,73,46,28,11,16,6,3,49,9,52,71,55,48,28,57,34,8,46,4,0,19,75,6,19,14,39,27,37,12,19,44,0,38,36,41,40,56
2020-11-15,20,5,20,73,27,90,70,24,79,35,77,53,3,31,31,62,51,23,10,33,71,50,49,4,41,56,53,11,14,11,64,61,43,29,10,8,3,6,26,10,45,49,40,47,26,63,16,8,32,7,0,26,77,3,29,14,39,37,33,16,20,46,32,25,39,53,36,52
2020-11-22,18,6,27,58,25,74,58,22,48,26,68,45,0,37,32,43,30,17,11,17,9,42,47,3,37,48,51,10,12,11,55,43,29,22,10,7,2,3,28,6,40,60,23,40,25,58,26,7,37,3,24,27,63,0,20,24,33,33,17,11,17,41,0,44,35,39,29,44
2020-11-29,18,5,19,73,23,86,65,23,74,23,69,58,8,31,15,30,44,22,8,24,9,67,56,4,49,69,50,11,17,13,68,76,36,30,10,16,7,6,40,8,49,46,34,52,34,53,22,7,47,5,38,32,74,3,38,31,40,43,36,17,21,50,0,58,37,49,33,65
2020-12-06,23,6,22,71,23,79,68,23,82,30,60,68,9,58,53,46,45,21,8,8,44,56,61,4,36,62,50,9,11,13,72,96,44,28,10,12,3,2,44,8,48,60,52,47,26,47,37,7,32,5,23,13,70,6,38,14,44,36,45,14,25,47,63,38,40,39,35,62
2020-12-13,29,4,23,77,24,80,62,22,67,27,62,71,10,31,15,44,47,20,16,41,36,58,52,4,42,57,48,12,23,11,72,96,34,27,11,9,2,1,48,11,50,46,34,46,28,68,22,6,41,5,23,58,70,0,0,0,38,32,45,23,25,46,48,34,39,46,38,48
2020-12-20,22,6,18,61,27,71,48,18,47,19,58,52,4,47,33,21,24,22,2,0,10,42,42,4,25,47,45,5,3,8,53,52,35,21,7,4,1,3,35,8,35,46,27,42,26,51,27,5,24,2,33,42,62,9,10,10,32,33,35,15,32,43,17,18,47,22,29,44
2020-12-27,14,5,19,63,20,75,56,21,50,17,61,75,1,21,24,25,24,19,4,9,9,50,46,6,30,54,57,6,9,8,69,64,28,22,6,6,2,1,29,7,61,63,42,46,25,58,30,3,36,5,16,14,66,6,10,29,40,28,34,20,44,52,17,45,50,26,52,44
